--
-- PostgreSQL database dump
--

\restrict MJhflUCPuqfLf0uyC9mgMtNBxZxVXYycGL6ei0vkRmJuf09bTmznKcatiq9OFhC

-- Dumped from database version 14.23 (Ubuntu 14.23-0ubuntu0.22.04.1)
-- Dumped by pg_dump version 14.23 (Ubuntu 14.23-0ubuntu0.22.04.1)

SET statement_timeout = 0;
SET lock_timeout = 0;
SET idle_in_transaction_session_timeout = 0;
SET client_encoding = 'UTF8';
SET standard_conforming_strings = on;
SELECT pg_catalog.set_config('search_path', '', false);
SET check_function_bodies = false;
SET xmloption = content;
SET client_min_messages = warning;
SET row_security = off;

SET default_tablespace = '';

SET default_table_access_method = heap;

--
-- Name: accounts_organization; Type: TABLE; Schema: public; Owner: survey_user
--

CREATE TABLE public.accounts_organization (
    id bigint NOT NULL,
    name character varying(255) NOT NULL,
    code character varying(50) NOT NULL,
    level character varying(20) NOT NULL,
    is_active boolean NOT NULL,
    parent_id bigint
);


ALTER TABLE public.accounts_organization OWNER TO survey_user;

--
-- Name: accounts_organization_id_seq; Type: SEQUENCE; Schema: public; Owner: survey_user
--

ALTER TABLE public.accounts_organization ALTER COLUMN id ADD GENERATED BY DEFAULT AS IDENTITY (
    SEQUENCE NAME public.accounts_organization_id_seq
    START WITH 1
    INCREMENT BY 1
    NO MINVALUE
    NO MAXVALUE
    CACHE 1
);


--
-- Name: accounts_user; Type: TABLE; Schema: public; Owner: survey_user
--

CREATE TABLE public.accounts_user (
    id bigint NOT NULL,
    password character varying(128) NOT NULL,
    last_login timestamp with time zone,
    is_superuser boolean NOT NULL,
    username character varying(150) NOT NULL,
    first_name character varying(150) NOT NULL,
    last_name character varying(150) NOT NULL,
    email character varying(254) NOT NULL,
    is_staff boolean NOT NULL,
    is_active boolean NOT NULL,
    date_joined timestamp with time zone NOT NULL,
    phone_number character varying(15),
    "position" character varying(100),
    is_surveyor boolean NOT NULL,
    last_active_at timestamp with time zone NOT NULL,
    organization_id bigint
);


ALTER TABLE public.accounts_user OWNER TO survey_user;

--
-- Name: accounts_user_groups; Type: TABLE; Schema: public; Owner: survey_user
--

CREATE TABLE public.accounts_user_groups (
    id bigint NOT NULL,
    user_id bigint NOT NULL,
    group_id integer NOT NULL
);


ALTER TABLE public.accounts_user_groups OWNER TO survey_user;

--
-- Name: accounts_user_groups_id_seq; Type: SEQUENCE; Schema: public; Owner: survey_user
--

ALTER TABLE public.accounts_user_groups ALTER COLUMN id ADD GENERATED BY DEFAULT AS IDENTITY (
    SEQUENCE NAME public.accounts_user_groups_id_seq
    START WITH 1
    INCREMENT BY 1
    NO MINVALUE
    NO MAXVALUE
    CACHE 1
);


--
-- Name: accounts_user_id_seq; Type: SEQUENCE; Schema: public; Owner: survey_user
--

ALTER TABLE public.accounts_user ALTER COLUMN id ADD GENERATED BY DEFAULT AS IDENTITY (
    SEQUENCE NAME public.accounts_user_id_seq
    START WITH 1
    INCREMENT BY 1
    NO MINVALUE
    NO MAXVALUE
    CACHE 1
);


--
-- Name: accounts_user_target_groups; Type: TABLE; Schema: public; Owner: survey_user
--

CREATE TABLE public.accounts_user_target_groups (
    id bigint NOT NULL,
    user_id bigint NOT NULL,
    targetgroup_id bigint NOT NULL
);


ALTER TABLE public.accounts_user_target_groups OWNER TO survey_user;

--
-- Name: accounts_user_target_groups_id_seq; Type: SEQUENCE; Schema: public; Owner: survey_user
--

ALTER TABLE public.accounts_user_target_groups ALTER COLUMN id ADD GENERATED BY DEFAULT AS IDENTITY (
    SEQUENCE NAME public.accounts_user_target_groups_id_seq
    START WITH 1
    INCREMENT BY 1
    NO MINVALUE
    NO MAXVALUE
    CACHE 1
);


--
-- Name: accounts_user_user_permissions; Type: TABLE; Schema: public; Owner: survey_user
--

CREATE TABLE public.accounts_user_user_permissions (
    id bigint NOT NULL,
    user_id bigint NOT NULL,
    permission_id integer NOT NULL
);


ALTER TABLE public.accounts_user_user_permissions OWNER TO survey_user;

--
-- Name: accounts_user_user_permissions_id_seq; Type: SEQUENCE; Schema: public; Owner: survey_user
--

ALTER TABLE public.accounts_user_user_permissions ALTER COLUMN id ADD GENERATED BY DEFAULT AS IDENTITY (
    SEQUENCE NAME public.accounts_user_user_permissions_id_seq
    START WITH 1
    INCREMENT BY 1
    NO MINVALUE
    NO MAXVALUE
    CACHE 1
);


--
-- Name: analytics_aggregatedresult; Type: TABLE; Schema: public; Owner: survey_user
--

CREATE TABLE public.analytics_aggregatedresult (
    id bigint NOT NULL,
    level character varying(20) NOT NULL,
    entity_name character varying(255) NOT NULL,
    entity_code character varying(50),
    total_responses integer NOT NULL,
    average_score double precision NOT NULL,
    raw_data jsonb NOT NULL,
    calculated_at timestamp with time zone NOT NULL,
    year integer NOT NULL,
    quarter integer,
    survey_id bigint NOT NULL,
    CONSTRAINT analytics_aggregatedresult_quarter_check CHECK ((quarter >= 0)),
    CONSTRAINT analytics_aggregatedresult_total_responses_check CHECK ((total_responses >= 0)),
    CONSTRAINT analytics_aggregatedresult_year_check CHECK ((year >= 0))
);


ALTER TABLE public.analytics_aggregatedresult OWNER TO survey_user;

--
-- Name: analytics_aggregatedresult_id_seq; Type: SEQUENCE; Schema: public; Owner: survey_user
--

ALTER TABLE public.analytics_aggregatedresult ALTER COLUMN id ADD GENERATED BY DEFAULT AS IDENTITY (
    SEQUENCE NAME public.analytics_aggregatedresult_id_seq
    START WITH 1
    INCREMENT BY 1
    NO MINVALUE
    NO MAXVALUE
    CACHE 1
);


--
-- Name: analytics_comparisonreport; Type: TABLE; Schema: public; Owner: survey_user
--

CREATE TABLE public.analytics_comparisonreport (
    id bigint NOT NULL,
    name character varying(255) NOT NULL,
    comparison_type character varying(50) NOT NULL,
    report_data jsonb NOT NULL,
    generated_at timestamp with time zone NOT NULL,
    export_file character varying(100),
    survey_id bigint NOT NULL
);


ALTER TABLE public.analytics_comparisonreport OWNER TO survey_user;

--
-- Name: analytics_comparisonreport_id_seq; Type: SEQUENCE; Schema: public; Owner: survey_user
--

ALTER TABLE public.analytics_comparisonreport ALTER COLUMN id ADD GENERATED BY DEFAULT AS IDENTITY (
    SEQUENCE NAME public.analytics_comparisonreport_id_seq
    START WITH 1
    INCREMENT BY 1
    NO MINVALUE
    NO MAXVALUE
    CACHE 1
);


--
-- Name: analytics_scoringconfig; Type: TABLE; Schema: public; Owner: survey_user
--

CREATE TABLE public.analytics_scoringconfig (
    id bigint NOT NULL,
    name character varying(255) NOT NULL,
    criteria_mapping jsonb NOT NULL,
    created_at timestamp with time zone NOT NULL,
    is_active boolean NOT NULL,
    survey_id bigint NOT NULL
);


ALTER TABLE public.analytics_scoringconfig OWNER TO survey_user;

--
-- Name: analytics_scoringconfig_id_seq; Type: SEQUENCE; Schema: public; Owner: survey_user
--

ALTER TABLE public.analytics_scoringconfig ALTER COLUMN id ADD GENERATED BY DEFAULT AS IDENTITY (
    SEQUENCE NAME public.analytics_scoringconfig_id_seq
    START WITH 1
    INCREMENT BY 1
    NO MINVALUE
    NO MAXVALUE
    CACHE 1
);


--
-- Name: analytics_targetgroup; Type: TABLE; Schema: public; Owner: survey_user
--

CREATE TABLE public.analytics_targetgroup (
    id bigint NOT NULL,
    code character varying(50) NOT NULL,
    name character varying(255) NOT NULL,
    description text,
    icon character varying(50) NOT NULL,
    is_active boolean NOT NULL,
    forms jsonb NOT NULL,
    created_at timestamp with time zone NOT NULL,
    updated_at timestamp with time zone NOT NULL,
    category_id bigint
);


ALTER TABLE public.analytics_targetgroup OWNER TO survey_user;

--
-- Name: analytics_targetgroup_id_seq; Type: SEQUENCE; Schema: public; Owner: survey_user
--

ALTER TABLE public.analytics_targetgroup ALTER COLUMN id ADD GENERATED BY DEFAULT AS IDENTITY (
    SEQUENCE NAME public.analytics_targetgroup_id_seq
    START WITH 1
    INCREMENT BY 1
    NO MINVALUE
    NO MAXVALUE
    CACHE 1
);


--
-- Name: analytics_targetgroup_surveys; Type: TABLE; Schema: public; Owner: survey_user
--

CREATE TABLE public.analytics_targetgroup_surveys (
    id bigint NOT NULL,
    targetgroup_id bigint NOT NULL,
    survey_id bigint NOT NULL
);


ALTER TABLE public.analytics_targetgroup_surveys OWNER TO survey_user;

--
-- Name: analytics_targetgroup_surveys_id_seq; Type: SEQUENCE; Schema: public; Owner: survey_user
--

ALTER TABLE public.analytics_targetgroup_surveys ALTER COLUMN id ADD GENERATED BY DEFAULT AS IDENTITY (
    SEQUENCE NAME public.analytics_targetgroup_surveys_id_seq
    START WITH 1
    INCREMENT BY 1
    NO MINVALUE
    NO MAXVALUE
    CACHE 1
);


--
-- Name: auth_group; Type: TABLE; Schema: public; Owner: survey_user
--

CREATE TABLE public.auth_group (
    id integer NOT NULL,
    name character varying(150) NOT NULL
);


ALTER TABLE public.auth_group OWNER TO survey_user;

--
-- Name: auth_group_id_seq; Type: SEQUENCE; Schema: public; Owner: survey_user
--

ALTER TABLE public.auth_group ALTER COLUMN id ADD GENERATED BY DEFAULT AS IDENTITY (
    SEQUENCE NAME public.auth_group_id_seq
    START WITH 1
    INCREMENT BY 1
    NO MINVALUE
    NO MAXVALUE
    CACHE 1
);


--
-- Name: auth_group_permissions; Type: TABLE; Schema: public; Owner: survey_user
--

CREATE TABLE public.auth_group_permissions (
    id bigint NOT NULL,
    group_id integer NOT NULL,
    permission_id integer NOT NULL
);


ALTER TABLE public.auth_group_permissions OWNER TO survey_user;

--
-- Name: auth_group_permissions_id_seq; Type: SEQUENCE; Schema: public; Owner: survey_user
--

ALTER TABLE public.auth_group_permissions ALTER COLUMN id ADD GENERATED BY DEFAULT AS IDENTITY (
    SEQUENCE NAME public.auth_group_permissions_id_seq
    START WITH 1
    INCREMENT BY 1
    NO MINVALUE
    NO MAXVALUE
    CACHE 1
);


--
-- Name: auth_permission; Type: TABLE; Schema: public; Owner: survey_user
--

CREATE TABLE public.auth_permission (
    id integer NOT NULL,
    name character varying(255) NOT NULL,
    content_type_id integer NOT NULL,
    codename character varying(100) NOT NULL
);


ALTER TABLE public.auth_permission OWNER TO survey_user;

--
-- Name: auth_permission_id_seq; Type: SEQUENCE; Schema: public; Owner: survey_user
--

ALTER TABLE public.auth_permission ALTER COLUMN id ADD GENERATED BY DEFAULT AS IDENTITY (
    SEQUENCE NAME public.auth_permission_id_seq
    START WITH 1
    INCREMENT BY 1
    NO MINVALUE
    NO MAXVALUE
    CACHE 1
);


--
-- Name: django_admin_log; Type: TABLE; Schema: public; Owner: survey_user
--

CREATE TABLE public.django_admin_log (
    id integer NOT NULL,
    action_time timestamp with time zone NOT NULL,
    object_id text,
    object_repr character varying(200) NOT NULL,
    action_flag smallint NOT NULL,
    change_message text NOT NULL,
    content_type_id integer,
    user_id bigint NOT NULL,
    CONSTRAINT django_admin_log_action_flag_check CHECK ((action_flag >= 0))
);


ALTER TABLE public.django_admin_log OWNER TO survey_user;

--
-- Name: django_admin_log_id_seq; Type: SEQUENCE; Schema: public; Owner: survey_user
--

ALTER TABLE public.django_admin_log ALTER COLUMN id ADD GENERATED BY DEFAULT AS IDENTITY (
    SEQUENCE NAME public.django_admin_log_id_seq
    START WITH 1
    INCREMENT BY 1
    NO MINVALUE
    NO MAXVALUE
    CACHE 1
);


--
-- Name: django_content_type; Type: TABLE; Schema: public; Owner: survey_user
--

CREATE TABLE public.django_content_type (
    id integer NOT NULL,
    app_label character varying(100) NOT NULL,
    model character varying(100) NOT NULL
);


ALTER TABLE public.django_content_type OWNER TO survey_user;

--
-- Name: django_content_type_id_seq; Type: SEQUENCE; Schema: public; Owner: survey_user
--

ALTER TABLE public.django_content_type ALTER COLUMN id ADD GENERATED BY DEFAULT AS IDENTITY (
    SEQUENCE NAME public.django_content_type_id_seq
    START WITH 1
    INCREMENT BY 1
    NO MINVALUE
    NO MAXVALUE
    CACHE 1
);


--
-- Name: django_migrations; Type: TABLE; Schema: public; Owner: survey_user
--

CREATE TABLE public.django_migrations (
    id bigint NOT NULL,
    app character varying(255) NOT NULL,
    name character varying(255) NOT NULL,
    applied timestamp with time zone NOT NULL
);


ALTER TABLE public.django_migrations OWNER TO survey_user;

--
-- Name: django_migrations_id_seq; Type: SEQUENCE; Schema: public; Owner: survey_user
--

ALTER TABLE public.django_migrations ALTER COLUMN id ADD GENERATED BY DEFAULT AS IDENTITY (
    SEQUENCE NAME public.django_migrations_id_seq
    START WITH 1
    INCREMENT BY 1
    NO MINVALUE
    NO MAXVALUE
    CACHE 1
);


--
-- Name: django_session; Type: TABLE; Schema: public; Owner: survey_user
--

CREATE TABLE public.django_session (
    session_key character varying(40) NOT NULL,
    session_data text NOT NULL,
    expire_date timestamp with time zone NOT NULL
);


ALTER TABLE public.django_session OWNER TO survey_user;

--
-- Name: survey_blocklist; Type: TABLE; Schema: public; Owner: survey_user
--

CREATE TABLE public.survey_blocklist (
    id bigint NOT NULL,
    block_type character varying(20) NOT NULL,
    value character varying(255) NOT NULL,
    reason text,
    created_at timestamp with time zone NOT NULL,
    expires_at timestamp with time zone
);


ALTER TABLE public.survey_blocklist OWNER TO survey_user;

--
-- Name: survey_blocklist_id_seq; Type: SEQUENCE; Schema: public; Owner: survey_user
--

ALTER TABLE public.survey_blocklist ALTER COLUMN id ADD GENERATED BY DEFAULT AS IDENTITY (
    SEQUENCE NAME public.survey_blocklist_id_seq
    START WITH 1
    INCREMENT BY 1
    NO MINVALUE
    NO MAXVALUE
    CACHE 1
);


--
-- Name: survey_question; Type: TABLE; Schema: public; Owner: survey_user
--

CREATE TABLE public.survey_question (
    id bigint NOT NULL,
    title character varying(500) NOT NULL,
    description text,
    is_required boolean NOT NULL,
    "order" integer NOT NULL,
    options jsonb NOT NULL,
    condition_logic jsonb NOT NULL,
    config jsonb NOT NULL,
    created_at timestamp with time zone NOT NULL,
    updated_at timestamp with time zone NOT NULL,
    question_type_id bigint NOT NULL,
    section_id bigint NOT NULL,
    component_type character varying(50) NOT NULL,
    CONSTRAINT survey_question_order_check CHECK (("order" >= 0))
);


ALTER TABLE public.survey_question OWNER TO survey_user;

--
-- Name: survey_question_id_seq; Type: SEQUENCE; Schema: public; Owner: survey_user
--

ALTER TABLE public.survey_question ALTER COLUMN id ADD GENERATED BY DEFAULT AS IDENTITY (
    SEQUENCE NAME public.survey_question_id_seq
    START WITH 1
    INCREMENT BY 1
    NO MINVALUE
    NO MAXVALUE
    CACHE 1
);


--
-- Name: survey_questiontype; Type: TABLE; Schema: public; Owner: survey_user
--

CREATE TABLE public.survey_questiontype (
    id bigint NOT NULL,
    name character varying(100) NOT NULL,
    code character varying(50) NOT NULL,
    icon character varying(50),
    has_options boolean NOT NULL,
    has_validation boolean NOT NULL,
    created_at timestamp with time zone NOT NULL
);


ALTER TABLE public.survey_questiontype OWNER TO survey_user;

--
-- Name: survey_questiontype_id_seq; Type: SEQUENCE; Schema: public; Owner: survey_user
--

ALTER TABLE public.survey_questiontype ALTER COLUMN id ADD GENERATED BY DEFAULT AS IDENTITY (
    SEQUENCE NAME public.survey_questiontype_id_seq
    START WITH 1
    INCREMENT BY 1
    NO MINVALUE
    NO MAXVALUE
    CACHE 1
);


--
-- Name: survey_response; Type: TABLE; Schema: public; Owner: survey_user
--

CREATE TABLE public.survey_response (
    id bigint NOT NULL,
    respondent_ip inet,
    respondent_device_id character varying(255),
    respondent_email character varying(254),
    user_agent text,
    started_at timestamp with time zone NOT NULL,
    submitted_at timestamp with time zone,
    time_taken integer NOT NULL,
    answers jsonb NOT NULL,
    is_verified boolean NOT NULL,
    verification_token character varying(64),
    is_cleaned boolean NOT NULL,
    is_duplicate boolean NOT NULL,
    created_at timestamp with time zone NOT NULL,
    user_id bigint,
    survey_id bigint NOT NULL,
    section_progress jsonb NOT NULL,
    status character varying(20) NOT NULL,
    CONSTRAINT survey_response_time_taken_check CHECK ((time_taken >= 0))
);


ALTER TABLE public.survey_response OWNER TO survey_user;

--
-- Name: survey_response_id_seq; Type: SEQUENCE; Schema: public; Owner: survey_user
--

ALTER TABLE public.survey_response ALTER COLUMN id ADD GENERATED BY DEFAULT AS IDENTITY (
    SEQUENCE NAME public.survey_response_id_seq
    START WITH 1
    INCREMENT BY 1
    NO MINVALUE
    NO MAXVALUE
    CACHE 1
);


--
-- Name: survey_section; Type: TABLE; Schema: public; Owner: survey_user
--

CREATE TABLE public.survey_section (
    id bigint NOT NULL,
    code character varying(50) NOT NULL,
    title character varying(255) NOT NULL,
    description text,
    icon character varying(50),
    "order" integer NOT NULL,
    created_at timestamp with time zone NOT NULL,
    updated_at timestamp with time zone NOT NULL,
    survey_id bigint NOT NULL,
    CONSTRAINT survey_section_order_check CHECK (("order" >= 0))
);


ALTER TABLE public.survey_section OWNER TO survey_user;

--
-- Name: survey_section_id_seq; Type: SEQUENCE; Schema: public; Owner: survey_user
--

ALTER TABLE public.survey_section ALTER COLUMN id ADD GENERATED BY DEFAULT AS IDENTITY (
    SEQUENCE NAME public.survey_section_id_seq
    START WITH 1
    INCREMENT BY 1
    NO MINVALUE
    NO MAXVALUE
    CACHE 1
);


--
-- Name: survey_survey; Type: TABLE; Schema: public; Owner: survey_user
--

CREATE TABLE public.survey_survey (
    id bigint NOT NULL,
    title character varying(255) NOT NULL,
    slug character varying(255) NOT NULL,
    description text,
    start_date timestamp with time zone NOT NULL,
    end_date timestamp with time zone NOT NULL,
    allow_after_deadline boolean NOT NULL,
    status character varying(20) NOT NULL,
    target_groups jsonb NOT NULL,
    settings jsonb NOT NULL,
    created_at timestamp with time zone NOT NULL,
    updated_at timestamp with time zone NOT NULL,
    category_id bigint,
    code character varying(20)
);


ALTER TABLE public.survey_survey OWNER TO survey_user;

--
-- Name: survey_survey_id_seq; Type: SEQUENCE; Schema: public; Owner: survey_user
--

ALTER TABLE public.survey_survey ALTER COLUMN id ADD GENERATED BY DEFAULT AS IDENTITY (
    SEQUENCE NAME public.survey_survey_id_seq
    START WITH 1
    INCREMENT BY 1
    NO MINVALUE
    NO MAXVALUE
    CACHE 1
);


--
-- Name: survey_surveyassignment; Type: TABLE; Schema: public; Owner: survey_user
--

CREATE TABLE public.survey_surveyassignment (
    id bigint NOT NULL,
    form_code character varying(20) NOT NULL,
    form_name character varying(255) NOT NULL,
    form_description text,
    target_group_code character varying(50) NOT NULL,
    target_group_name character varying(255) NOT NULL,
    target_group_description text,
    is_active boolean NOT NULL,
    "order" integer NOT NULL,
    created_at timestamp with time zone NOT NULL,
    updated_at timestamp with time zone NOT NULL,
    section_id bigint,
    survey_id bigint NOT NULL,
    CONSTRAINT survey_surveyassignment_order_check CHECK (("order" >= 0))
);


ALTER TABLE public.survey_surveyassignment OWNER TO survey_user;

--
-- Name: survey_surveyassignment_id_seq; Type: SEQUENCE; Schema: public; Owner: survey_user
--

ALTER TABLE public.survey_surveyassignment ALTER COLUMN id ADD GENERATED BY DEFAULT AS IDENTITY (
    SEQUENCE NAME public.survey_surveyassignment_id_seq
    START WITH 1
    INCREMENT BY 1
    NO MINVALUE
    NO MAXVALUE
    CACHE 1
);


--
-- Name: survey_surveycategory; Type: TABLE; Schema: public; Owner: survey_user
--

CREATE TABLE public.survey_surveycategory (
    id bigint NOT NULL,
    name character varying(255) NOT NULL,
    description text,
    icon character varying(50),
    created_at timestamp with time zone NOT NULL
);


ALTER TABLE public.survey_surveycategory OWNER TO survey_user;

--
-- Name: survey_surveycategory_id_seq; Type: SEQUENCE; Schema: public; Owner: survey_user
--

ALTER TABLE public.survey_surveycategory ALTER COLUMN id ADD GENERATED BY DEFAULT AS IDENTITY (
    SEQUENCE NAME public.survey_surveycategory_id_seq
    START WITH 1
    INCREMENT BY 1
    NO MINVALUE
    NO MAXVALUE
    CACHE 1
);


--
-- Name: survey_surveyparticipant; Type: TABLE; Schema: public; Owner: survey_user
--

CREATE TABLE public.survey_surveyparticipant (
    id bigint NOT NULL,
    agency character varying(255) NOT NULL,
    target_group_code character varying(50) NOT NULL,
    target_group_name character varying(255) NOT NULL,
    full_name character varying(255) NOT NULL,
    "position" character varying(255) NOT NULL,
    department character varying(255) NOT NULL,
    phone character varying(20) NOT NULL,
    email character varying(254) NOT NULL,
    notes text,
    assigned_forms jsonb NOT NULL,
    ip_address inet,
    user_agent text,
    session_key character varying(64),
    status character varying(20) NOT NULL,
    submitted_at timestamp with time zone,
    created_at timestamp with time zone NOT NULL,
    updated_at timestamp with time zone NOT NULL,
    response_id bigint,
    survey_id bigint NOT NULL,
    user_id bigint
);


ALTER TABLE public.survey_surveyparticipant OWNER TO survey_user;

--
-- Name: survey_surveyparticipant_id_seq; Type: SEQUENCE; Schema: public; Owner: survey_user
--

ALTER TABLE public.survey_surveyparticipant ALTER COLUMN id ADD GENERATED BY DEFAULT AS IDENTITY (
    SEQUENCE NAME public.survey_surveyparticipant_id_seq
    START WITH 1
    INCREMENT BY 1
    NO MINVALUE
    NO MAXVALUE
    CACHE 1
);


--
-- Name: survey_surveyprogress; Type: TABLE; Schema: public; Owner: survey_user
--

CREATE TABLE public.survey_surveyprogress (
    id bigint NOT NULL,
    form_code character varying(20) NOT NULL,
    status character varying(20) NOT NULL,
    progress_percent integer NOT NULL,
    started_at timestamp with time zone,
    completed_at timestamp with time zone,
    last_accessed_at timestamp with time zone NOT NULL,
    created_at timestamp with time zone NOT NULL,
    participant_id bigint NOT NULL,
    response_id bigint,
    survey_id bigint,
    CONSTRAINT survey_surveyprogress_progress_percent_check CHECK ((progress_percent >= 0))
);


ALTER TABLE public.survey_surveyprogress OWNER TO survey_user;

--
-- Name: survey_surveyprogress_id_seq; Type: SEQUENCE; Schema: public; Owner: survey_user
--

ALTER TABLE public.survey_surveyprogress ALTER COLUMN id ADD GENERATED BY DEFAULT AS IDENTITY (
    SEQUENCE NAME public.survey_surveyprogress_id_seq
    START WITH 1
    INCREMENT BY 1
    NO MINVALUE
    NO MAXVALUE
    CACHE 1
);


--
-- Name: survey_surveyunitstatus; Type: TABLE; Schema: public; Owner: survey_user
--

CREATE TABLE public.survey_surveyunitstatus (
    id bigint NOT NULL,
    status character varying(20) NOT NULL,
    completed_count integer NOT NULL,
    total_assignees integer NOT NULL,
    completed_at timestamp with time zone,
    updated_at timestamp with time zone NOT NULL,
    organization_id bigint NOT NULL,
    survey_id bigint NOT NULL,
    CONSTRAINT survey_surveyunitstatus_completed_count_check CHECK ((completed_count >= 0)),
    CONSTRAINT survey_surveyunitstatus_total_assignees_check CHECK ((total_assignees >= 0))
);


ALTER TABLE public.survey_surveyunitstatus OWNER TO survey_user;

--
-- Name: survey_surveyunitstatus_id_seq; Type: SEQUENCE; Schema: public; Owner: survey_user
--

ALTER TABLE public.survey_surveyunitstatus ALTER COLUMN id ADD GENERATED BY DEFAULT AS IDENTITY (
    SEQUENCE NAME public.survey_surveyunitstatus_id_seq
    START WITH 1
    INCREMENT BY 1
    NO MINVALUE
    NO MAXVALUE
    CACHE 1
);


--
-- Data for Name: accounts_organization; Type: TABLE DATA; Schema: public; Owner: survey_user
--

COPY public.accounts_organization (id, name, code, level, is_active, parent_id) FROM stdin;
1	Sở Nội vụ	ks_cchc_sonoivu	department	t	\N
2	Sở Tư pháp	ks_cchc_sotuphap	department	t	\N
3	Sở Tài chính	ks_cchc_sotaichinh	department	t	\N
4	Sở Công Thương	ks_cchc_soth	department	t	\N
5	Sở Nông nghiệp và Môi trường	ks_cchc_sonnmt	department	t	\N
6	Sở Xây dựng	ks_cchc_soxaydung	department	t	\N
7	Sở Khoa học và Công nghệ	ks_cchc_sokhcn	department	t	\N
8	Sở Văn hóa và Thể thao	ks_cchc_sovhtt	department	t	\N
9	Sở Giáo dục và Đào tạo	ks_cchc_sogddt	department	t	\N
10	Sở Y tế	ks_cchc_soyte	department	t	\N
11	Sở Dân tộc và Tôn giáo	ks_cchc_sodttg	department	t	\N
12	Sở Du lịch	ks_cchc_sodulich	department	t	\N
13	Sở Quy hoạch - Kiến trúc	ks_cchc_soqhkt	department	t	\N
14	Thanh tra Thành phố	ks_cchc_tttp	department	t	\N
15	Văn phòng UBND Thành phố	ks_cchc_vpubnd	department	t	\N
16	BQL Khu công nghệ cao và Khu công nghiệp Thành phố	ks_cchc_bql	department	t	\N
17	Trung tâm Phục vụ hành chính công	ks_cchc_ttpvhcc	department	t	\N
18	Hoàn Kiếm	ks_cchc_hoankiem	ward	t	\N
19	Cửa Nam	ks_cchc_cuanam	ward	t	\N
20	Ba Đình	ks_cchc_badinh	ward	t	\N
21	Ngọc Hà	ks_cchc_ngocha	ward	t	\N
22	Giảng Võ	ks_cchc_giangvo	ward	t	\N
23	Hai Bà Trưng	ks_cchc_haibatrung	ward	t	\N
24	Vĩnh Tuy	ks_cchc_vinhtuy	ward	t	\N
25	Bạch Mai	ks_cchc_bachmai	ward	t	\N
26	Đống Đa	ks_cchc_dongda	ward	t	\N
27	Kim Liên	ks_cchc_kimlien	ward	t	\N
28	Văn Miếu - Quốc Tử Giám	ks_cchc_vmqtg	ward	t	\N
29	Láng	ks_cchc_lang	ward	t	\N
30	Ô Chợ Dừa	ks_cchc_ochodua	ward	t	\N
31	Hồng Hà	ks_cchc_hongha	ward	t	\N
32	Tây Hồ	ks_cchc_tayho	ward	t	\N
33	Phú Thượng	ks_cchc_phuthuong	ward	t	\N
34	Nghĩa Đô	ks_cchc_nghiado	ward	t	\N
35	Cầu Giấy	ks_cchc_caugiay	ward	t	\N
36	Yên Hòa	ks_cchc_yenhoa	ward	t	\N
37	Thanh Xuân	ks_cchc_thanhxuan	ward	t	\N
38	Khương Đình	ks_cchc_khuongdinh	ward	t	\N
39	Phương Liệt	ks_cchc_phuongliet	ward	t	\N
40	Từ Liêm	ks_cchc_tuliem	ward	t	\N
41	Xuân Phương	ks_cchc_xuanphuong	ward	t	\N
42	Tây Mỗ	ks_cchc_taymo	ward	t	\N
43	Đại Mỗ	ks_cchc_daimo	ward	t	\N
44	Long Biên	ks_cchc_longbien	ward	t	\N
45	Bồ Đề	ks_cchc_bode	ward	t	\N
46	Việt Hưng	ks_cchc_viethung	ward	t	\N
47	Phúc Lợi	ks_cchc_phucloi	ward	t	\N
48	Hà Đông	ks_cchc_hadong	ward	t	\N
49	Dương Nội	ks_cchc_duongnoi	ward	t	\N
50	Yên Nghĩa	ks_cchc_yennghia	ward	t	\N
51	Phú Lương	ks_cchc_phuluong	ward	t	\N
52	Kiến Hưng	ks_cchc_kienhung	ward	t	\N
53	Hoàng Mai	ks_cchc_hoangmai	ward	t	\N
54	Định Công	ks_cchc_dinhcong	ward	t	\N
55	Lĩnh Nam	ks_cchc_linhnam	ward	t	\N
56	Hoàng Liệt	ks_cchc_hoangliet	ward	t	\N
57	Thanh Liệt	ks_cchc_thanhliet	ward	t	\N
58	Đông Ngạc	ks_cchc_dongngac	ward	t	\N
59	Thượng Cát	ks_cchc_thuongcat	ward	t	\N
60	Xuân Đỉnh	ks_cchc_xuandinh	ward	t	\N
61	Vĩnh Hưng	ks_cchc_vinhhung	ward	t	\N
62	Tương Mai	ks_cchc_tuongmai	ward	t	\N
63	Yên Sở	ks_cchc_yenso	ward	t	\N
64	Dân Hòa	ks_cchc_danhoa	ward	t	\N
65	Ứng Thiên	ks_cchc_ungthien	ward	t	\N
66	Quảng Bị	ks_cchc_quangbi	ward	t	\N
67	Minh Châu	ks_cchc_minhchau	ward	t	\N
68	Yên Bài	ks_cchc_yenbai	ward	t	\N
69	Tây Tựu	ks_cchc_taytuu	ward	t	\N
70	Phú Diễn	ks_cchc_phudien	ward	t	\N
71	Đông Anh	ks_cchc_donganh	ward	t	\N
72	Phúc Thịnh	ks_cchc_phucthinh	ward	t	\N
73	Thiên Lộc	ks_cchc_thienloc	ward	t	\N
74	Vĩnh Thanh	ks_cchc_vinhthanh	ward	t	\N
75	Yên Lãng	ks_cchc_yenlang	ward	t	\N
76	Mê Linh	ks_cchc_melinh	ward	t	\N
77	Quang Minh	ks_cchc_quangminh	ward	t	\N
78	Tiến Thắng	ks_cchc_tienthang	ward	t	\N
79	Sóc Sơn	ks_cchc_socson	ward	t	\N
80	Nội Bài	ks_cchc_noibai	ward	t	\N
81	Trung Giã	ks_cchc_trunggia	ward	t	\N
82	Kim Anh	ks_cchc_kimanh	ward	t	\N
83	Đa Phúc	ks_cchc_daphuc	ward	t	\N
84	Sơn Tây	ks_cchc_sontay	ward	t	\N
85	Phù Đổng	ks_cchc_phudong	ward	t	\N
86	Gia Lâm	ks_cchc_gialam	ward	t	\N
87	Thuận An	ks_cchc_thuanan	ward	t	\N
88	Bát Tràng	ks_cchc_battrang	ward	t	\N
89	Thư Lâm	ks_cchc_thulam	ward	t	\N
90	Tùng Thiện	ks_cchc_tungthien	ward	t	\N
91	Hoài Đức	ks_cchc_hoaiduc	ward	t	\N
92	Dương Hòa	ks_cchc_duonghoa	ward	t	\N
93	Sơn Đồng	ks_cchc_sondong	ward	t	\N
94	An Khánh	ks_cchc_ankhanh	ward	t	\N
95	Đan Phượng	ks_cchc_danphuong	ward	t	\N
96	Ô Diên	ks_cchc_odien	ward	t	\N
97	Liên Minh	ks_cchc_lienminh	ward	t	\N
98	Quốc Oai	ks_cchc_quocoai	ward	t	\N
99	Hưng Đạo	ks_cchc_hungdao	ward	t	\N
100	Kiều Phú	ks_cchc_kieuphu	ward	t	\N
101	Phú Cát	ks_cchc_phucat	ward	t	\N
102	Hòa Lạc	ks_cchc_hoalac	ward	t	\N
103	Yên Xuân	ks_cchc_yenxuan	ward	t	\N
104	Chương Mỹ	ks_cchc_chuongmy	ward	t	\N
105	Phú Nghĩa	ks_cchc_phunghia	ward	t	\N
106	Xuân Mai	ks_cchc_xuanmai	ward	t	\N
107	Trần Phú	ks_cchc_tranphu	ward	t	\N
108	Hòa Phú	ks_cchc_hoaphu	ward	t	\N
109	Mỹ Đức	ks_cchc_myduc	ward	t	\N
110	Hồng Sơn	ks_cchc_hongson	ward	t	\N
111	Phúc Sơn	ks_cchc_phucson	ward	t	\N
112	Hương Sơn	ks_cchc_huongson	ward	t	\N
113	Ứng Hòa	ks_cchc_unghoa	ward	t	\N
114	Vân Đình	ks_cchc_vandinh	ward	t	\N
115	Hòa Xá	ks_cchc_hoaxa	ward	t	\N
116	Đại Xuyên	ks_cchc_daixuyen	ward	t	\N
117	Phú Xuyên	ks_cchc_phuxuyen	ward	t	\N
118	Phượng Dực	ks_cchc_phuongduc	ward	t	\N
119	Chuyên Mỹ	ks_cchc_chuyenmy	ward	t	\N
120	Thanh Oai	ks_cchc_thanhoai	ward	t	\N
121	Bình Minh	ks_cchc_binhminh	ward	t	\N
122	Tam Hưng	ks_cchc_tamhung	ward	t	\N
123	Đoài Phương	ks_cchc_doaiphuong	ward	t	\N
124	Thường Tín	ks_cchc_thuongtin	ward	t	\N
125	Thượng Phúc	ks_cchc_thuongphuc	ward	t	\N
126	Chương Dương	ks_cchc_chuongduong	ward	t	\N
127	Hồng Vân	ks_cchc_hongvan	ward	t	\N
128	Phúc Lộc	ks_cchc_phucloc	ward	t	\N
129	Thanh Trì	ks_cchc_thanhtri	ward	t	\N
130	Ngọc Hồi	ks_cchc_ngochoi	ward	t	\N
131	Nam Phù	ks_cchc_namphu	ward	t	\N
132	Đại Thanh	ks_cchc_daithanh	ward	t	\N
133	Thạch Thất	ks_cchc_thachthat	ward	t	\N
134	Ba Vì	ks_cchc_bavi	ward	t	\N
135	Suối Hai	ks_cchc_suoihai	ward	t	\N
136	Cổ Đô	ks_cchc_codo	ward	t	\N
137	Bất Bạt	ks_cchc_batbat	ward	t	\N
138	Quảng Oai	ks_cchc_quangoai	ward	t	\N
139	Vật Lại	ks_cchc_vatlai	ward	t	\N
140	Phúc Thọ	ks_cchc_phuctho	ward	t	\N
141	Hát Môn	ks_cchc_hatmon	ward	t	\N
142	Hạ Bằng	ks_cchc_habang	ward	t	\N
143	Tây Phương	ks_cchc_tayphuong	ward	t	\N
\.


--
-- Data for Name: accounts_user; Type: TABLE DATA; Schema: public; Owner: survey_user
--

COPY public.accounts_user (id, password, last_login, is_superuser, username, first_name, last_name, email, is_staff, is_active, date_joined, phone_number, "position", is_surveyor, last_active_at, organization_id) FROM stdin;
1	pbkdf2_sha256$1200000$xbOS4GEzheI2TdyhJdPACX$dXg7IIGVsFlY5wnpwWVv0shZ6Cfbmr5IsizM3rLVicQ=	2026-07-09 08:38:37.364+00	f	ks_cchc_sonoivu				f	t	2026-07-09 05:14:32.663+00	\N	Cán bộ Sở Nội vụ	t	2026-07-09 05:14:32.664+00	1
2	pbkdf2_sha256$1200000$xbOS4GEzheI2TdyhJdPACX$dXg7IIGVsFlY5wnpwWVv0shZ6Cfbmr5IsizM3rLVicQ=	\N	f	ks_cchc_sotuphap				f	t	2026-07-09 05:14:32.667+00	\N	Cán bộ Sở Tư pháp	t	2026-07-09 05:14:32.667+00	2
3	pbkdf2_sha256$1200000$xbOS4GEzheI2TdyhJdPACX$dXg7IIGVsFlY5wnpwWVv0shZ6Cfbmr5IsizM3rLVicQ=	\N	f	ks_cchc_sotaichinh				f	t	2026-07-09 05:14:32.669+00	\N	Cán bộ Sở Tài chính	t	2026-07-09 05:14:32.669+00	3
4	pbkdf2_sha256$1200000$xbOS4GEzheI2TdyhJdPACX$dXg7IIGVsFlY5wnpwWVv0shZ6Cfbmr5IsizM3rLVicQ=	\N	f	ks_cchc_soth				f	t	2026-07-09 05:14:32.672+00	\N	Cán bộ Sở Công Thương	t	2026-07-09 05:14:32.673+00	4
5	pbkdf2_sha256$1200000$xbOS4GEzheI2TdyhJdPACX$dXg7IIGVsFlY5wnpwWVv0shZ6Cfbmr5IsizM3rLVicQ=	\N	f	ks_cchc_sonnmt				f	t	2026-07-09 05:14:32.675+00	\N	Cán bộ Sở Nông nghiệp và Môi trường	t	2026-07-09 05:14:32.675+00	5
6	pbkdf2_sha256$1200000$xbOS4GEzheI2TdyhJdPACX$dXg7IIGVsFlY5wnpwWVv0shZ6Cfbmr5IsizM3rLVicQ=	\N	f	ks_cchc_soxaydung				f	t	2026-07-09 05:14:32.677+00	\N	Cán bộ Sở Xây dựng	t	2026-07-09 05:14:32.677+00	6
7	pbkdf2_sha256$1200000$xbOS4GEzheI2TdyhJdPACX$dXg7IIGVsFlY5wnpwWVv0shZ6Cfbmr5IsizM3rLVicQ=	\N	f	ks_cchc_sokhcn				f	t	2026-07-09 05:14:32.68+00	\N	Cán bộ Sở Khoa học và Công nghệ	t	2026-07-09 05:14:32.68+00	7
8	pbkdf2_sha256$1200000$xbOS4GEzheI2TdyhJdPACX$dXg7IIGVsFlY5wnpwWVv0shZ6Cfbmr5IsizM3rLVicQ=	\N	f	ks_cchc_sovhtt				f	t	2026-07-09 05:14:32.682+00	\N	Cán bộ Sở Văn hóa và Thể thao	t	2026-07-09 05:14:32.682+00	8
9	pbkdf2_sha256$1200000$xbOS4GEzheI2TdyhJdPACX$dXg7IIGVsFlY5wnpwWVv0shZ6Cfbmr5IsizM3rLVicQ=	\N	f	ks_cchc_sogddt				f	t	2026-07-09 05:14:32.685+00	\N	Cán bộ Sở Giáo dục và Đào tạo	t	2026-07-09 05:14:32.685+00	9
10	pbkdf2_sha256$1200000$xbOS4GEzheI2TdyhJdPACX$dXg7IIGVsFlY5wnpwWVv0shZ6Cfbmr5IsizM3rLVicQ=	\N	f	ks_cchc_soyte				f	t	2026-07-09 05:14:32.688+00	\N	Cán bộ Sở Y tế	t	2026-07-09 05:14:32.688+00	10
11	pbkdf2_sha256$1200000$xbOS4GEzheI2TdyhJdPACX$dXg7IIGVsFlY5wnpwWVv0shZ6Cfbmr5IsizM3rLVicQ=	\N	f	ks_cchc_sodttg				f	t	2026-07-09 05:14:32.69+00	\N	Cán bộ Sở Dân tộc và Tôn giáo	t	2026-07-09 05:14:32.69+00	11
12	pbkdf2_sha256$1200000$xbOS4GEzheI2TdyhJdPACX$dXg7IIGVsFlY5wnpwWVv0shZ6Cfbmr5IsizM3rLVicQ=	\N	f	ks_cchc_sodulich				f	t	2026-07-09 05:14:32.693+00	\N	Cán bộ Sở Du lịch	t	2026-07-09 05:14:32.693+00	12
13	pbkdf2_sha256$1200000$xbOS4GEzheI2TdyhJdPACX$dXg7IIGVsFlY5wnpwWVv0shZ6Cfbmr5IsizM3rLVicQ=	\N	f	ks_cchc_soqhkt				f	t	2026-07-09 05:14:32.696+00	\N	Cán bộ Sở Quy hoạch - Kiến trúc	t	2026-07-09 05:14:32.696+00	13
14	pbkdf2_sha256$1200000$xbOS4GEzheI2TdyhJdPACX$dXg7IIGVsFlY5wnpwWVv0shZ6Cfbmr5IsizM3rLVicQ=	\N	f	ks_cchc_tttp				f	t	2026-07-09 05:14:32.699+00	\N	Cán bộ Thanh tra Thành phố	t	2026-07-09 05:14:32.699+00	14
15	pbkdf2_sha256$1200000$xbOS4GEzheI2TdyhJdPACX$dXg7IIGVsFlY5wnpwWVv0shZ6Cfbmr5IsizM3rLVicQ=	\N	f	ks_cchc_vpubnd				f	t	2026-07-09 05:14:32.702+00	\N	Cán bộ Văn phòng UBND Thành phố	t	2026-07-09 05:14:32.702+00	15
16	pbkdf2_sha256$1200000$xbOS4GEzheI2TdyhJdPACX$dXg7IIGVsFlY5wnpwWVv0shZ6Cfbmr5IsizM3rLVicQ=	\N	f	ks_cchc_bql				f	t	2026-07-09 05:14:32.704+00	\N	Cán bộ BQL Khu công nghệ cao và Khu công nghiệp Thành phố	t	2026-07-09 05:14:32.704+00	16
17	pbkdf2_sha256$1200000$xbOS4GEzheI2TdyhJdPACX$dXg7IIGVsFlY5wnpwWVv0shZ6Cfbmr5IsizM3rLVicQ=	\N	f	ks_cchc_ttpvhcc				f	t	2026-07-09 05:14:32.707+00	\N	Cán bộ Trung tâm Phục vụ hành chính công	t	2026-07-09 05:14:32.707+00	17
18	pbkdf2_sha256$1200000$xbOS4GEzheI2TdyhJdPACX$dXg7IIGVsFlY5wnpwWVv0shZ6Cfbmr5IsizM3rLVicQ=	\N	f	ks_cchc_hoankiem				f	t	2026-07-09 05:14:32.71+00	\N	Cán bộ Hoàn Kiếm	t	2026-07-09 05:14:32.71+00	18
19	pbkdf2_sha256$1200000$xbOS4GEzheI2TdyhJdPACX$dXg7IIGVsFlY5wnpwWVv0shZ6Cfbmr5IsizM3rLVicQ=	\N	f	ks_cchc_cuanam				f	t	2026-07-09 05:14:32.713+00	\N	Cán bộ Cửa Nam	t	2026-07-09 05:14:32.713+00	19
20	pbkdf2_sha256$1200000$xbOS4GEzheI2TdyhJdPACX$dXg7IIGVsFlY5wnpwWVv0shZ6Cfbmr5IsizM3rLVicQ=	\N	f	ks_cchc_badinh				f	t	2026-07-09 05:14:32.717+00	\N	Cán bộ Ba Đình	t	2026-07-09 05:14:32.717+00	20
21	pbkdf2_sha256$1200000$xbOS4GEzheI2TdyhJdPACX$dXg7IIGVsFlY5wnpwWVv0shZ6Cfbmr5IsizM3rLVicQ=	\N	f	ks_cchc_ngocha				f	t	2026-07-09 05:14:32.722+00	\N	Cán bộ Ngọc Hà	t	2026-07-09 05:14:32.722+00	21
22	pbkdf2_sha256$1200000$xbOS4GEzheI2TdyhJdPACX$dXg7IIGVsFlY5wnpwWVv0shZ6Cfbmr5IsizM3rLVicQ=	\N	f	ks_cchc_giangvo				f	t	2026-07-09 05:14:32.725+00	\N	Cán bộ Giảng Võ	t	2026-07-09 05:14:32.725+00	22
23	pbkdf2_sha256$1200000$xbOS4GEzheI2TdyhJdPACX$dXg7IIGVsFlY5wnpwWVv0shZ6Cfbmr5IsizM3rLVicQ=	\N	f	ks_cchc_haibatrung				f	t	2026-07-09 05:14:32.729+00	\N	Cán bộ Hai Bà Trưng	t	2026-07-09 05:14:32.73+00	23
24	pbkdf2_sha256$1200000$xbOS4GEzheI2TdyhJdPACX$dXg7IIGVsFlY5wnpwWVv0shZ6Cfbmr5IsizM3rLVicQ=	\N	f	ks_cchc_vinhtuy				f	t	2026-07-09 05:14:32.737+00	\N	Cán bộ Vĩnh Tuy	t	2026-07-09 05:14:32.737+00	24
25	pbkdf2_sha256$1200000$xbOS4GEzheI2TdyhJdPACX$dXg7IIGVsFlY5wnpwWVv0shZ6Cfbmr5IsizM3rLVicQ=	\N	f	ks_cchc_bachmai				f	t	2026-07-09 05:14:32.742+00	\N	Cán bộ Bạch Mai	t	2026-07-09 05:14:32.742+00	25
26	pbkdf2_sha256$1200000$xbOS4GEzheI2TdyhJdPACX$dXg7IIGVsFlY5wnpwWVv0shZ6Cfbmr5IsizM3rLVicQ=	\N	f	ks_cchc_dongda				f	t	2026-07-09 05:14:32.747+00	\N	Cán bộ Đống Đa	t	2026-07-09 05:14:32.747+00	26
27	pbkdf2_sha256$1200000$xbOS4GEzheI2TdyhJdPACX$dXg7IIGVsFlY5wnpwWVv0shZ6Cfbmr5IsizM3rLVicQ=	\N	f	ks_cchc_kimlien				f	t	2026-07-09 05:14:32.752+00	\N	Cán bộ Kim Liên	t	2026-07-09 05:14:32.752+00	27
28	pbkdf2_sha256$1200000$xbOS4GEzheI2TdyhJdPACX$dXg7IIGVsFlY5wnpwWVv0shZ6Cfbmr5IsizM3rLVicQ=	\N	f	ks_cchc_vmqtg				f	t	2026-07-09 05:14:32.757+00	\N	Cán bộ Văn Miếu - Quốc Tử Giám	t	2026-07-09 05:14:32.757+00	28
29	pbkdf2_sha256$1200000$xbOS4GEzheI2TdyhJdPACX$dXg7IIGVsFlY5wnpwWVv0shZ6Cfbmr5IsizM3rLVicQ=	\N	f	ks_cchc_lang				f	t	2026-07-09 05:14:32.762+00	\N	Cán bộ Láng	t	2026-07-09 05:14:32.762+00	29
30	pbkdf2_sha256$1200000$xbOS4GEzheI2TdyhJdPACX$dXg7IIGVsFlY5wnpwWVv0shZ6Cfbmr5IsizM3rLVicQ=	\N	f	ks_cchc_ochodua				f	t	2026-07-09 05:14:32.765+00	\N	Cán bộ Ô Chợ Dừa	t	2026-07-09 05:14:32.765+00	30
31	pbkdf2_sha256$1200000$xbOS4GEzheI2TdyhJdPACX$dXg7IIGVsFlY5wnpwWVv0shZ6Cfbmr5IsizM3rLVicQ=	\N	f	ks_cchc_hongha				f	t	2026-07-09 05:14:32.769+00	\N	Cán bộ Hồng Hà	t	2026-07-09 05:14:32.77+00	31
32	pbkdf2_sha256$1200000$xbOS4GEzheI2TdyhJdPACX$dXg7IIGVsFlY5wnpwWVv0shZ6Cfbmr5IsizM3rLVicQ=	\N	f	ks_cchc_tayho				f	t	2026-07-09 05:14:32.772+00	\N	Cán bộ Tây Hồ	t	2026-07-09 05:14:32.773+00	32
33	pbkdf2_sha256$1200000$xbOS4GEzheI2TdyhJdPACX$dXg7IIGVsFlY5wnpwWVv0shZ6Cfbmr5IsizM3rLVicQ=	\N	f	ks_cchc_phuthuong				f	t	2026-07-09 05:14:32.776+00	\N	Cán bộ Phú Thượng	t	2026-07-09 05:14:32.776+00	33
34	pbkdf2_sha256$1200000$xbOS4GEzheI2TdyhJdPACX$dXg7IIGVsFlY5wnpwWVv0shZ6Cfbmr5IsizM3rLVicQ=	\N	f	ks_cchc_nghiado				f	t	2026-07-09 05:14:32.778+00	\N	Cán bộ Nghĩa Đô	t	2026-07-09 05:14:32.778+00	34
35	pbkdf2_sha256$1200000$xbOS4GEzheI2TdyhJdPACX$dXg7IIGVsFlY5wnpwWVv0shZ6Cfbmr5IsizM3rLVicQ=	\N	f	ks_cchc_caugiay				f	t	2026-07-09 05:14:32.782+00	\N	Cán bộ Cầu Giấy	t	2026-07-09 05:14:32.782+00	35
36	pbkdf2_sha256$1200000$xbOS4GEzheI2TdyhJdPACX$dXg7IIGVsFlY5wnpwWVv0shZ6Cfbmr5IsizM3rLVicQ=	\N	f	ks_cchc_yenhoa				f	t	2026-07-09 05:14:32.785+00	\N	Cán bộ Yên Hòa	t	2026-07-09 05:14:32.785+00	36
37	pbkdf2_sha256$1200000$xbOS4GEzheI2TdyhJdPACX$dXg7IIGVsFlY5wnpwWVv0shZ6Cfbmr5IsizM3rLVicQ=	\N	f	ks_cchc_thanhxuan				f	t	2026-07-09 05:14:32.788+00	\N	Cán bộ Thanh Xuân	t	2026-07-09 05:14:32.788+00	37
38	pbkdf2_sha256$1200000$xbOS4GEzheI2TdyhJdPACX$dXg7IIGVsFlY5wnpwWVv0shZ6Cfbmr5IsizM3rLVicQ=	\N	f	ks_cchc_khuongdinh				f	t	2026-07-09 05:14:32.791+00	\N	Cán bộ Khương Đình	t	2026-07-09 05:14:32.791+00	38
39	pbkdf2_sha256$1200000$xbOS4GEzheI2TdyhJdPACX$dXg7IIGVsFlY5wnpwWVv0shZ6Cfbmr5IsizM3rLVicQ=	\N	f	ks_cchc_phuongliet				f	t	2026-07-09 05:14:32.796+00	\N	Cán bộ Phương Liệt	t	2026-07-09 05:14:32.796+00	39
40	pbkdf2_sha256$1200000$xbOS4GEzheI2TdyhJdPACX$dXg7IIGVsFlY5wnpwWVv0shZ6Cfbmr5IsizM3rLVicQ=	\N	f	ks_cchc_tuliem				f	t	2026-07-09 05:14:32.801+00	\N	Cán bộ Từ Liêm	t	2026-07-09 05:14:32.801+00	40
41	pbkdf2_sha256$1200000$xbOS4GEzheI2TdyhJdPACX$dXg7IIGVsFlY5wnpwWVv0shZ6Cfbmr5IsizM3rLVicQ=	\N	f	ks_cchc_xuanphuong				f	t	2026-07-09 05:14:32.805+00	\N	Cán bộ Xuân Phương	t	2026-07-09 05:14:32.805+00	41
42	pbkdf2_sha256$1200000$xbOS4GEzheI2TdyhJdPACX$dXg7IIGVsFlY5wnpwWVv0shZ6Cfbmr5IsizM3rLVicQ=	\N	f	ks_cchc_taymo				f	t	2026-07-09 05:14:32.808+00	\N	Cán bộ Tây Mỗ	t	2026-07-09 05:14:32.808+00	42
43	pbkdf2_sha256$1200000$xbOS4GEzheI2TdyhJdPACX$dXg7IIGVsFlY5wnpwWVv0shZ6Cfbmr5IsizM3rLVicQ=	\N	f	ks_cchc_daimo				f	t	2026-07-09 05:14:32.811+00	\N	Cán bộ Đại Mỗ	t	2026-07-09 05:14:32.811+00	43
44	pbkdf2_sha256$1200000$xbOS4GEzheI2TdyhJdPACX$dXg7IIGVsFlY5wnpwWVv0shZ6Cfbmr5IsizM3rLVicQ=	\N	f	ks_cchc_longbien				f	t	2026-07-09 05:14:32.814+00	\N	Cán bộ Long Biên	t	2026-07-09 05:14:32.814+00	44
45	pbkdf2_sha256$1200000$xbOS4GEzheI2TdyhJdPACX$dXg7IIGVsFlY5wnpwWVv0shZ6Cfbmr5IsizM3rLVicQ=	\N	f	ks_cchc_bode				f	t	2026-07-09 05:14:32.816+00	\N	Cán bộ Bồ Đề	t	2026-07-09 05:14:32.816+00	45
46	pbkdf2_sha256$1200000$xbOS4GEzheI2TdyhJdPACX$dXg7IIGVsFlY5wnpwWVv0shZ6Cfbmr5IsizM3rLVicQ=	\N	f	ks_cchc_viethung				f	t	2026-07-09 05:14:32.819+00	\N	Cán bộ Việt Hưng	t	2026-07-09 05:14:32.819+00	46
47	pbkdf2_sha256$1200000$xbOS4GEzheI2TdyhJdPACX$dXg7IIGVsFlY5wnpwWVv0shZ6Cfbmr5IsizM3rLVicQ=	\N	f	ks_cchc_phucloi				f	t	2026-07-09 05:14:32.824+00	\N	Cán bộ Phúc Lợi	t	2026-07-09 05:14:32.824+00	47
48	pbkdf2_sha256$1200000$xbOS4GEzheI2TdyhJdPACX$dXg7IIGVsFlY5wnpwWVv0shZ6Cfbmr5IsizM3rLVicQ=	\N	f	ks_cchc_hadong				f	t	2026-07-09 05:14:32.829+00	\N	Cán bộ Hà Đông	t	2026-07-09 05:14:32.829+00	48
49	pbkdf2_sha256$1200000$xbOS4GEzheI2TdyhJdPACX$dXg7IIGVsFlY5wnpwWVv0shZ6Cfbmr5IsizM3rLVicQ=	\N	f	ks_cchc_duongnoi				f	t	2026-07-09 05:14:32.833+00	\N	Cán bộ Dương Nội	t	2026-07-09 05:14:32.833+00	49
50	pbkdf2_sha256$1200000$xbOS4GEzheI2TdyhJdPACX$dXg7IIGVsFlY5wnpwWVv0shZ6Cfbmr5IsizM3rLVicQ=	\N	f	ks_cchc_yennghia				f	t	2026-07-09 05:14:32.836+00	\N	Cán bộ Yên Nghĩa	t	2026-07-09 05:14:32.837+00	50
51	pbkdf2_sha256$1200000$xbOS4GEzheI2TdyhJdPACX$dXg7IIGVsFlY5wnpwWVv0shZ6Cfbmr5IsizM3rLVicQ=	\N	f	ks_cchc_phuluong				f	t	2026-07-09 05:14:32.842+00	\N	Cán bộ Phú Lương	t	2026-07-09 05:14:32.842+00	51
52	pbkdf2_sha256$1200000$xbOS4GEzheI2TdyhJdPACX$dXg7IIGVsFlY5wnpwWVv0shZ6Cfbmr5IsizM3rLVicQ=	\N	f	ks_cchc_kienhung				f	t	2026-07-09 05:14:32.845+00	\N	Cán bộ Kiến Hưng	t	2026-07-09 05:14:32.845+00	52
53	pbkdf2_sha256$1200000$xbOS4GEzheI2TdyhJdPACX$dXg7IIGVsFlY5wnpwWVv0shZ6Cfbmr5IsizM3rLVicQ=	\N	f	ks_cchc_hoangmai				f	t	2026-07-09 05:14:32.85+00	\N	Cán bộ Hoàng Mai	t	2026-07-09 05:14:32.85+00	53
54	pbkdf2_sha256$1200000$xbOS4GEzheI2TdyhJdPACX$dXg7IIGVsFlY5wnpwWVv0shZ6Cfbmr5IsizM3rLVicQ=	\N	f	ks_cchc_dinhcong				f	t	2026-07-09 05:14:32.855+00	\N	Cán bộ Định Công	t	2026-07-09 05:14:32.856+00	54
55	pbkdf2_sha256$1200000$xbOS4GEzheI2TdyhJdPACX$dXg7IIGVsFlY5wnpwWVv0shZ6Cfbmr5IsizM3rLVicQ=	\N	f	ks_cchc_linhnam				f	t	2026-07-09 05:14:32.86+00	\N	Cán bộ Lĩnh Nam	t	2026-07-09 05:14:32.861+00	55
56	pbkdf2_sha256$1200000$xbOS4GEzheI2TdyhJdPACX$dXg7IIGVsFlY5wnpwWVv0shZ6Cfbmr5IsizM3rLVicQ=	\N	f	ks_cchc_hoangliet				f	t	2026-07-09 05:14:32.864+00	\N	Cán bộ Hoàng Liệt	t	2026-07-09 05:14:32.864+00	56
57	pbkdf2_sha256$1200000$xbOS4GEzheI2TdyhJdPACX$dXg7IIGVsFlY5wnpwWVv0shZ6Cfbmr5IsizM3rLVicQ=	\N	f	ks_cchc_thanhliet				f	t	2026-07-09 05:14:32.868+00	\N	Cán bộ Thanh Liệt	t	2026-07-09 05:14:32.868+00	57
58	pbkdf2_sha256$1200000$xbOS4GEzheI2TdyhJdPACX$dXg7IIGVsFlY5wnpwWVv0shZ6Cfbmr5IsizM3rLVicQ=	\N	f	ks_cchc_dongngac				f	t	2026-07-09 05:14:32.871+00	\N	Cán bộ Đông Ngạc	t	2026-07-09 05:14:32.871+00	58
59	pbkdf2_sha256$1200000$xbOS4GEzheI2TdyhJdPACX$dXg7IIGVsFlY5wnpwWVv0shZ6Cfbmr5IsizM3rLVicQ=	\N	f	ks_cchc_thuongcat				f	t	2026-07-09 05:14:32.875+00	\N	Cán bộ Thượng Cát	t	2026-07-09 05:14:32.876+00	59
60	pbkdf2_sha256$1200000$xbOS4GEzheI2TdyhJdPACX$dXg7IIGVsFlY5wnpwWVv0shZ6Cfbmr5IsizM3rLVicQ=	\N	f	ks_cchc_xuandinh				f	t	2026-07-09 05:14:32.879+00	\N	Cán bộ Xuân Đỉnh	t	2026-07-09 05:14:32.879+00	60
61	pbkdf2_sha256$1200000$xbOS4GEzheI2TdyhJdPACX$dXg7IIGVsFlY5wnpwWVv0shZ6Cfbmr5IsizM3rLVicQ=	\N	f	ks_cchc_vinhhung				f	t	2026-07-09 05:14:32.883+00	\N	Cán bộ Vĩnh Hưng	t	2026-07-09 05:14:32.883+00	61
62	pbkdf2_sha256$1200000$xbOS4GEzheI2TdyhJdPACX$dXg7IIGVsFlY5wnpwWVv0shZ6Cfbmr5IsizM3rLVicQ=	\N	f	ks_cchc_tuongmai				f	t	2026-07-09 05:14:32.887+00	\N	Cán bộ Tương Mai	t	2026-07-09 05:14:32.887+00	62
63	pbkdf2_sha256$1200000$xbOS4GEzheI2TdyhJdPACX$dXg7IIGVsFlY5wnpwWVv0shZ6Cfbmr5IsizM3rLVicQ=	\N	f	ks_cchc_yenso				f	t	2026-07-09 05:14:32.893+00	\N	Cán bộ Yên Sở	t	2026-07-09 05:14:32.894+00	63
64	pbkdf2_sha256$1200000$xbOS4GEzheI2TdyhJdPACX$dXg7IIGVsFlY5wnpwWVv0shZ6Cfbmr5IsizM3rLVicQ=	\N	f	ks_cchc_danhoa				f	t	2026-07-09 05:14:32.902+00	\N	Cán bộ Dân Hòa	t	2026-07-09 05:14:32.902+00	64
65	pbkdf2_sha256$1200000$xbOS4GEzheI2TdyhJdPACX$dXg7IIGVsFlY5wnpwWVv0shZ6Cfbmr5IsizM3rLVicQ=	\N	f	ks_cchc_ungthien				f	t	2026-07-09 05:14:32.906+00	\N	Cán bộ Ứng Thiên	t	2026-07-09 05:14:32.907+00	65
66	pbkdf2_sha256$1200000$xbOS4GEzheI2TdyhJdPACX$dXg7IIGVsFlY5wnpwWVv0shZ6Cfbmr5IsizM3rLVicQ=	\N	f	ks_cchc_quangbi				f	t	2026-07-09 05:14:32.909+00	\N	Cán bộ Quảng Bị	t	2026-07-09 05:14:32.909+00	66
67	pbkdf2_sha256$1200000$xbOS4GEzheI2TdyhJdPACX$dXg7IIGVsFlY5wnpwWVv0shZ6Cfbmr5IsizM3rLVicQ=	\N	f	ks_cchc_minhchau				f	t	2026-07-09 05:14:32.912+00	\N	Cán bộ Minh Châu	t	2026-07-09 05:14:32.912+00	67
68	pbkdf2_sha256$1200000$xbOS4GEzheI2TdyhJdPACX$dXg7IIGVsFlY5wnpwWVv0shZ6Cfbmr5IsizM3rLVicQ=	\N	f	ks_cchc_yenbai				f	t	2026-07-09 05:14:32.916+00	\N	Cán bộ Yên Bài	t	2026-07-09 05:14:32.916+00	68
69	pbkdf2_sha256$1200000$xbOS4GEzheI2TdyhJdPACX$dXg7IIGVsFlY5wnpwWVv0shZ6Cfbmr5IsizM3rLVicQ=	\N	f	ks_cchc_taytuu				f	t	2026-07-09 05:14:32.919+00	\N	Cán bộ Tây Tựu	t	2026-07-09 05:14:32.919+00	69
70	pbkdf2_sha256$1200000$xbOS4GEzheI2TdyhJdPACX$dXg7IIGVsFlY5wnpwWVv0shZ6Cfbmr5IsizM3rLVicQ=	\N	f	ks_cchc_phudien				f	t	2026-07-09 05:14:32.924+00	\N	Cán bộ Phú Diễn	t	2026-07-09 05:14:32.924+00	70
71	pbkdf2_sha256$1200000$xbOS4GEzheI2TdyhJdPACX$dXg7IIGVsFlY5wnpwWVv0shZ6Cfbmr5IsizM3rLVicQ=	\N	f	ks_cchc_donganh				f	t	2026-07-09 05:14:32.927+00	\N	Cán bộ Đông Anh	t	2026-07-09 05:14:32.927+00	71
72	pbkdf2_sha256$1200000$xbOS4GEzheI2TdyhJdPACX$dXg7IIGVsFlY5wnpwWVv0shZ6Cfbmr5IsizM3rLVicQ=	\N	f	ks_cchc_phucthinh				f	t	2026-07-09 05:14:32.931+00	\N	Cán bộ Phúc Thịnh	t	2026-07-09 05:14:32.931+00	72
73	pbkdf2_sha256$1200000$xbOS4GEzheI2TdyhJdPACX$dXg7IIGVsFlY5wnpwWVv0shZ6Cfbmr5IsizM3rLVicQ=	\N	f	ks_cchc_thienloc				f	t	2026-07-09 05:14:32.934+00	\N	Cán bộ Thiên Lộc	t	2026-07-09 05:14:32.934+00	73
74	pbkdf2_sha256$1200000$xbOS4GEzheI2TdyhJdPACX$dXg7IIGVsFlY5wnpwWVv0shZ6Cfbmr5IsizM3rLVicQ=	\N	f	ks_cchc_vinhthanh				f	t	2026-07-09 05:14:32.939+00	\N	Cán bộ Vĩnh Thanh	t	2026-07-09 05:14:32.939+00	74
75	pbkdf2_sha256$1200000$xbOS4GEzheI2TdyhJdPACX$dXg7IIGVsFlY5wnpwWVv0shZ6Cfbmr5IsizM3rLVicQ=	\N	f	ks_cchc_yenlang				f	t	2026-07-09 05:14:32.942+00	\N	Cán bộ Yên Lãng	t	2026-07-09 05:14:32.942+00	75
76	pbkdf2_sha256$1200000$xbOS4GEzheI2TdyhJdPACX$dXg7IIGVsFlY5wnpwWVv0shZ6Cfbmr5IsizM3rLVicQ=	\N	f	ks_cchc_melinh				f	t	2026-07-09 05:14:32.948+00	\N	Cán bộ Mê Linh	t	2026-07-09 05:14:32.949+00	76
77	pbkdf2_sha256$1200000$xbOS4GEzheI2TdyhJdPACX$dXg7IIGVsFlY5wnpwWVv0shZ6Cfbmr5IsizM3rLVicQ=	\N	f	ks_cchc_quangminh				f	t	2026-07-09 05:14:32.952+00	\N	Cán bộ Quang Minh	t	2026-07-09 05:14:32.952+00	77
78	pbkdf2_sha256$1200000$xbOS4GEzheI2TdyhJdPACX$dXg7IIGVsFlY5wnpwWVv0shZ6Cfbmr5IsizM3rLVicQ=	\N	f	ks_cchc_tienthang				f	t	2026-07-09 05:14:32.955+00	\N	Cán bộ Tiến Thắng	t	2026-07-09 05:14:32.955+00	78
79	pbkdf2_sha256$1200000$xbOS4GEzheI2TdyhJdPACX$dXg7IIGVsFlY5wnpwWVv0shZ6Cfbmr5IsizM3rLVicQ=	\N	f	ks_cchc_socson				f	t	2026-07-09 05:14:32.96+00	\N	Cán bộ Sóc Sơn	t	2026-07-09 05:14:32.961+00	79
80	pbkdf2_sha256$1200000$xbOS4GEzheI2TdyhJdPACX$dXg7IIGVsFlY5wnpwWVv0shZ6Cfbmr5IsizM3rLVicQ=	\N	f	ks_cchc_noibai				f	t	2026-07-09 05:14:32.963+00	\N	Cán bộ Nội Bài	t	2026-07-09 05:14:32.964+00	80
81	pbkdf2_sha256$1200000$xbOS4GEzheI2TdyhJdPACX$dXg7IIGVsFlY5wnpwWVv0shZ6Cfbmr5IsizM3rLVicQ=	\N	f	ks_cchc_trunggia				f	t	2026-07-09 05:14:32.967+00	\N	Cán bộ Trung Giã	t	2026-07-09 05:14:32.968+00	81
82	pbkdf2_sha256$1200000$xbOS4GEzheI2TdyhJdPACX$dXg7IIGVsFlY5wnpwWVv0shZ6Cfbmr5IsizM3rLVicQ=	\N	f	ks_cchc_kimanh				f	t	2026-07-09 05:14:32.971+00	\N	Cán bộ Kim Anh	t	2026-07-09 05:14:32.971+00	82
83	pbkdf2_sha256$1200000$xbOS4GEzheI2TdyhJdPACX$dXg7IIGVsFlY5wnpwWVv0shZ6Cfbmr5IsizM3rLVicQ=	\N	f	ks_cchc_daphuc				f	t	2026-07-09 05:14:32.974+00	\N	Cán bộ Đa Phúc	t	2026-07-09 05:14:32.974+00	83
84	pbkdf2_sha256$1200000$xbOS4GEzheI2TdyhJdPACX$dXg7IIGVsFlY5wnpwWVv0shZ6Cfbmr5IsizM3rLVicQ=	\N	f	ks_cchc_sontay				f	t	2026-07-09 05:14:32.978+00	\N	Cán bộ Sơn Tây	t	2026-07-09 05:14:32.978+00	84
85	pbkdf2_sha256$1200000$xbOS4GEzheI2TdyhJdPACX$dXg7IIGVsFlY5wnpwWVv0shZ6Cfbmr5IsizM3rLVicQ=	\N	f	ks_cchc_phudong				f	t	2026-07-09 05:14:32.982+00	\N	Cán bộ Phù Đổng	t	2026-07-09 05:14:32.982+00	85
86	pbkdf2_sha256$1200000$xbOS4GEzheI2TdyhJdPACX$dXg7IIGVsFlY5wnpwWVv0shZ6Cfbmr5IsizM3rLVicQ=	\N	f	ks_cchc_gialam				f	t	2026-07-09 05:14:32.984+00	\N	Cán bộ Gia Lâm	t	2026-07-09 05:14:32.984+00	86
87	pbkdf2_sha256$1200000$xbOS4GEzheI2TdyhJdPACX$dXg7IIGVsFlY5wnpwWVv0shZ6Cfbmr5IsizM3rLVicQ=	\N	f	ks_cchc_thuanan				f	t	2026-07-09 05:14:32.988+00	\N	Cán bộ Thuận An	t	2026-07-09 05:14:32.988+00	87
88	pbkdf2_sha256$1200000$xbOS4GEzheI2TdyhJdPACX$dXg7IIGVsFlY5wnpwWVv0shZ6Cfbmr5IsizM3rLVicQ=	\N	f	ks_cchc_battrang				f	t	2026-07-09 05:14:32.99+00	\N	Cán bộ Bát Tràng	t	2026-07-09 05:14:32.99+00	88
89	pbkdf2_sha256$1200000$xbOS4GEzheI2TdyhJdPACX$dXg7IIGVsFlY5wnpwWVv0shZ6Cfbmr5IsizM3rLVicQ=	\N	f	ks_cchc_thulam				f	t	2026-07-09 05:14:32.993+00	\N	Cán bộ Thư Lâm	t	2026-07-09 05:14:32.993+00	89
90	pbkdf2_sha256$1200000$xbOS4GEzheI2TdyhJdPACX$dXg7IIGVsFlY5wnpwWVv0shZ6Cfbmr5IsizM3rLVicQ=	\N	f	ks_cchc_tungthien				f	t	2026-07-09 05:14:33.028+00	\N	Cán bộ Tùng Thiện	t	2026-07-09 05:14:33.029+00	90
91	pbkdf2_sha256$1200000$xbOS4GEzheI2TdyhJdPACX$dXg7IIGVsFlY5wnpwWVv0shZ6Cfbmr5IsizM3rLVicQ=	\N	f	ks_cchc_hoaiduc				f	t	2026-07-09 05:14:33.036+00	\N	Cán bộ Hoài Đức	t	2026-07-09 05:14:33.036+00	91
92	pbkdf2_sha256$1200000$xbOS4GEzheI2TdyhJdPACX$dXg7IIGVsFlY5wnpwWVv0shZ6Cfbmr5IsizM3rLVicQ=	\N	f	ks_cchc_duonghoa				f	t	2026-07-09 05:14:33.039+00	\N	Cán bộ Dương Hòa	t	2026-07-09 05:14:33.039+00	92
93	pbkdf2_sha256$1200000$xbOS4GEzheI2TdyhJdPACX$dXg7IIGVsFlY5wnpwWVv0shZ6Cfbmr5IsizM3rLVicQ=	\N	f	ks_cchc_sondong				f	t	2026-07-09 05:14:33.043+00	\N	Cán bộ Sơn Đồng	t	2026-07-09 05:14:33.043+00	93
94	pbkdf2_sha256$1200000$xbOS4GEzheI2TdyhJdPACX$dXg7IIGVsFlY5wnpwWVv0shZ6Cfbmr5IsizM3rLVicQ=	\N	f	ks_cchc_ankhanh				f	t	2026-07-09 05:14:33.047+00	\N	Cán bộ An Khánh	t	2026-07-09 05:14:33.047+00	94
95	pbkdf2_sha256$1200000$xbOS4GEzheI2TdyhJdPACX$dXg7IIGVsFlY5wnpwWVv0shZ6Cfbmr5IsizM3rLVicQ=	\N	f	ks_cchc_danphuong				f	t	2026-07-09 05:14:33.051+00	\N	Cán bộ Đan Phượng	t	2026-07-09 05:14:33.051+00	95
96	pbkdf2_sha256$1200000$xbOS4GEzheI2TdyhJdPACX$dXg7IIGVsFlY5wnpwWVv0shZ6Cfbmr5IsizM3rLVicQ=	\N	f	ks_cchc_odien				f	t	2026-07-09 05:14:33.055+00	\N	Cán bộ Ô Diên	t	2026-07-09 05:14:33.055+00	96
97	pbkdf2_sha256$1200000$xbOS4GEzheI2TdyhJdPACX$dXg7IIGVsFlY5wnpwWVv0shZ6Cfbmr5IsizM3rLVicQ=	\N	f	ks_cchc_lienminh				f	t	2026-07-09 05:14:33.058+00	\N	Cán bộ Liên Minh	t	2026-07-09 05:14:33.058+00	97
98	pbkdf2_sha256$1200000$xbOS4GEzheI2TdyhJdPACX$dXg7IIGVsFlY5wnpwWVv0shZ6Cfbmr5IsizM3rLVicQ=	\N	f	ks_cchc_quocoai				f	t	2026-07-09 05:14:33.062+00	\N	Cán bộ Quốc Oai	t	2026-07-09 05:14:33.062+00	98
99	pbkdf2_sha256$1200000$xbOS4GEzheI2TdyhJdPACX$dXg7IIGVsFlY5wnpwWVv0shZ6Cfbmr5IsizM3rLVicQ=	\N	f	ks_cchc_hungdao				f	t	2026-07-09 05:14:33.065+00	\N	Cán bộ Hưng Đạo	t	2026-07-09 05:14:33.066+00	99
100	pbkdf2_sha256$1200000$xbOS4GEzheI2TdyhJdPACX$dXg7IIGVsFlY5wnpwWVv0shZ6Cfbmr5IsizM3rLVicQ=	\N	f	ks_cchc_kieuphu				f	t	2026-07-09 05:14:33.069+00	\N	Cán bộ Kiều Phú	t	2026-07-09 05:14:33.069+00	100
101	pbkdf2_sha256$1200000$xbOS4GEzheI2TdyhJdPACX$dXg7IIGVsFlY5wnpwWVv0shZ6Cfbmr5IsizM3rLVicQ=	\N	f	ks_cchc_phucat				f	t	2026-07-09 05:14:33.072+00	\N	Cán bộ Phú Cát	t	2026-07-09 05:14:33.073+00	101
102	pbkdf2_sha256$1200000$xbOS4GEzheI2TdyhJdPACX$dXg7IIGVsFlY5wnpwWVv0shZ6Cfbmr5IsizM3rLVicQ=	\N	f	ks_cchc_hoalac				f	t	2026-07-09 05:14:33.076+00	\N	Cán bộ Hòa Lạc	t	2026-07-09 05:14:33.076+00	102
103	pbkdf2_sha256$1200000$xbOS4GEzheI2TdyhJdPACX$dXg7IIGVsFlY5wnpwWVv0shZ6Cfbmr5IsizM3rLVicQ=	\N	f	ks_cchc_yenxuan				f	t	2026-07-09 05:14:33.079+00	\N	Cán bộ Yên Xuân	t	2026-07-09 05:14:33.079+00	103
104	pbkdf2_sha256$1200000$xbOS4GEzheI2TdyhJdPACX$dXg7IIGVsFlY5wnpwWVv0shZ6Cfbmr5IsizM3rLVicQ=	\N	f	ks_cchc_chuongmy				f	t	2026-07-09 05:14:33.083+00	\N	Cán bộ Chương Mỹ	t	2026-07-09 05:14:33.083+00	104
105	pbkdf2_sha256$1200000$xbOS4GEzheI2TdyhJdPACX$dXg7IIGVsFlY5wnpwWVv0shZ6Cfbmr5IsizM3rLVicQ=	\N	f	ks_cchc_phunghia				f	t	2026-07-09 05:14:33.087+00	\N	Cán bộ Phú Nghĩa	t	2026-07-09 05:14:33.087+00	105
106	pbkdf2_sha256$1200000$xbOS4GEzheI2TdyhJdPACX$dXg7IIGVsFlY5wnpwWVv0shZ6Cfbmr5IsizM3rLVicQ=	\N	f	ks_cchc_xuanmai				f	t	2026-07-09 05:14:33.089+00	\N	Cán bộ Xuân Mai	t	2026-07-09 05:14:33.089+00	106
107	pbkdf2_sha256$1200000$xbOS4GEzheI2TdyhJdPACX$dXg7IIGVsFlY5wnpwWVv0shZ6Cfbmr5IsizM3rLVicQ=	\N	f	ks_cchc_tranphu				f	t	2026-07-09 05:14:33.092+00	\N	Cán bộ Trần Phú	t	2026-07-09 05:14:33.092+00	107
108	pbkdf2_sha256$1200000$xbOS4GEzheI2TdyhJdPACX$dXg7IIGVsFlY5wnpwWVv0shZ6Cfbmr5IsizM3rLVicQ=	\N	f	ks_cchc_hoaphu				f	t	2026-07-09 05:14:33.095+00	\N	Cán bộ Hòa Phú	t	2026-07-09 05:14:33.095+00	108
109	pbkdf2_sha256$1200000$xbOS4GEzheI2TdyhJdPACX$dXg7IIGVsFlY5wnpwWVv0shZ6Cfbmr5IsizM3rLVicQ=	\N	f	ks_cchc_myduc				f	t	2026-07-09 05:14:33.099+00	\N	Cán bộ Mỹ Đức	t	2026-07-09 05:14:33.099+00	109
110	pbkdf2_sha256$1200000$xbOS4GEzheI2TdyhJdPACX$dXg7IIGVsFlY5wnpwWVv0shZ6Cfbmr5IsizM3rLVicQ=	\N	f	ks_cchc_hongson				f	t	2026-07-09 05:14:33.102+00	\N	Cán bộ Hồng Sơn	t	2026-07-09 05:14:33.102+00	110
111	pbkdf2_sha256$1200000$xbOS4GEzheI2TdyhJdPACX$dXg7IIGVsFlY5wnpwWVv0shZ6Cfbmr5IsizM3rLVicQ=	\N	f	ks_cchc_phucson				f	t	2026-07-09 05:14:33.105+00	\N	Cán bộ Phúc Sơn	t	2026-07-09 05:14:33.105+00	111
112	pbkdf2_sha256$1200000$xbOS4GEzheI2TdyhJdPACX$dXg7IIGVsFlY5wnpwWVv0shZ6Cfbmr5IsizM3rLVicQ=	\N	f	ks_cchc_huongson				f	t	2026-07-09 05:14:33.108+00	\N	Cán bộ Hương Sơn	t	2026-07-09 05:14:33.109+00	112
113	pbkdf2_sha256$1200000$xbOS4GEzheI2TdyhJdPACX$dXg7IIGVsFlY5wnpwWVv0shZ6Cfbmr5IsizM3rLVicQ=	\N	f	ks_cchc_unghoa				f	t	2026-07-09 05:14:33.111+00	\N	Cán bộ Ứng Hòa	t	2026-07-09 05:14:33.112+00	113
114	pbkdf2_sha256$1200000$xbOS4GEzheI2TdyhJdPACX$dXg7IIGVsFlY5wnpwWVv0shZ6Cfbmr5IsizM3rLVicQ=	\N	f	ks_cchc_vandinh				f	t	2026-07-09 05:14:33.115+00	\N	Cán bộ Vân Đình	t	2026-07-09 05:14:33.115+00	114
115	pbkdf2_sha256$1200000$xbOS4GEzheI2TdyhJdPACX$dXg7IIGVsFlY5wnpwWVv0shZ6Cfbmr5IsizM3rLVicQ=	\N	f	ks_cchc_hoaxa				f	t	2026-07-09 05:14:33.118+00	\N	Cán bộ Hòa Xá	t	2026-07-09 05:14:33.118+00	115
116	pbkdf2_sha256$1200000$xbOS4GEzheI2TdyhJdPACX$dXg7IIGVsFlY5wnpwWVv0shZ6Cfbmr5IsizM3rLVicQ=	\N	f	ks_cchc_daixuyen				f	t	2026-07-09 05:14:33.12+00	\N	Cán bộ Đại Xuyên	t	2026-07-09 05:14:33.12+00	116
117	pbkdf2_sha256$1200000$xbOS4GEzheI2TdyhJdPACX$dXg7IIGVsFlY5wnpwWVv0shZ6Cfbmr5IsizM3rLVicQ=	\N	f	ks_cchc_phuxuyen				f	t	2026-07-09 05:14:33.123+00	\N	Cán bộ Phú Xuyên	t	2026-07-09 05:14:33.124+00	117
118	pbkdf2_sha256$1200000$xbOS4GEzheI2TdyhJdPACX$dXg7IIGVsFlY5wnpwWVv0shZ6Cfbmr5IsizM3rLVicQ=	\N	f	ks_cchc_phuongduc				f	t	2026-07-09 05:14:33.128+00	\N	Cán bộ Phượng Dực	t	2026-07-09 05:14:33.129+00	118
119	pbkdf2_sha256$1200000$xbOS4GEzheI2TdyhJdPACX$dXg7IIGVsFlY5wnpwWVv0shZ6Cfbmr5IsizM3rLVicQ=	\N	f	ks_cchc_chuyenmy				f	t	2026-07-09 05:14:33.133+00	\N	Cán bộ Chuyên Mỹ	t	2026-07-09 05:14:33.133+00	119
120	pbkdf2_sha256$1200000$xbOS4GEzheI2TdyhJdPACX$dXg7IIGVsFlY5wnpwWVv0shZ6Cfbmr5IsizM3rLVicQ=	\N	f	ks_cchc_thanhoai				f	t	2026-07-09 05:14:33.136+00	\N	Cán bộ Thanh Oai	t	2026-07-09 05:14:33.137+00	120
121	pbkdf2_sha256$1200000$xbOS4GEzheI2TdyhJdPACX$dXg7IIGVsFlY5wnpwWVv0shZ6Cfbmr5IsizM3rLVicQ=	\N	f	ks_cchc_binhminh				f	t	2026-07-09 05:14:33.139+00	\N	Cán bộ Bình Minh	t	2026-07-09 05:14:33.139+00	121
122	pbkdf2_sha256$1200000$xbOS4GEzheI2TdyhJdPACX$dXg7IIGVsFlY5wnpwWVv0shZ6Cfbmr5IsizM3rLVicQ=	\N	f	ks_cchc_tamhung				f	t	2026-07-09 05:14:33.144+00	\N	Cán bộ Tam Hưng	t	2026-07-09 05:14:33.144+00	122
123	pbkdf2_sha256$1200000$xbOS4GEzheI2TdyhJdPACX$dXg7IIGVsFlY5wnpwWVv0shZ6Cfbmr5IsizM3rLVicQ=	\N	f	ks_cchc_doaiphuong				f	t	2026-07-09 05:14:33.147+00	\N	Cán bộ Đoài Phương	t	2026-07-09 05:14:33.147+00	123
124	pbkdf2_sha256$1200000$xbOS4GEzheI2TdyhJdPACX$dXg7IIGVsFlY5wnpwWVv0shZ6Cfbmr5IsizM3rLVicQ=	\N	f	ks_cchc_thuongtin				f	t	2026-07-09 05:14:33.15+00	\N	Cán bộ Thường Tín	t	2026-07-09 05:14:33.151+00	124
125	pbkdf2_sha256$1200000$xbOS4GEzheI2TdyhJdPACX$dXg7IIGVsFlY5wnpwWVv0shZ6Cfbmr5IsizM3rLVicQ=	\N	f	ks_cchc_thuongphuc				f	t	2026-07-09 05:14:33.153+00	\N	Cán bộ Thượng Phúc	t	2026-07-09 05:14:33.153+00	125
126	pbkdf2_sha256$1200000$xbOS4GEzheI2TdyhJdPACX$dXg7IIGVsFlY5wnpwWVv0shZ6Cfbmr5IsizM3rLVicQ=	\N	f	ks_cchc_chuongduong				f	t	2026-07-09 05:14:33.156+00	\N	Cán bộ Chương Dương	t	2026-07-09 05:14:33.156+00	126
127	pbkdf2_sha256$1200000$xbOS4GEzheI2TdyhJdPACX$dXg7IIGVsFlY5wnpwWVv0shZ6Cfbmr5IsizM3rLVicQ=	\N	f	ks_cchc_hongvan				f	t	2026-07-09 05:14:33.159+00	\N	Cán bộ Hồng Vân	t	2026-07-09 05:14:33.159+00	127
128	pbkdf2_sha256$1200000$xbOS4GEzheI2TdyhJdPACX$dXg7IIGVsFlY5wnpwWVv0shZ6Cfbmr5IsizM3rLVicQ=	\N	f	ks_cchc_phucloc				f	t	2026-07-09 05:14:33.163+00	\N	Cán bộ Phúc Lộc	t	2026-07-09 05:14:33.163+00	128
129	pbkdf2_sha256$1200000$xbOS4GEzheI2TdyhJdPACX$dXg7IIGVsFlY5wnpwWVv0shZ6Cfbmr5IsizM3rLVicQ=	\N	f	ks_cchc_thanhtri				f	t	2026-07-09 05:14:33.166+00	\N	Cán bộ Thanh Trì	t	2026-07-09 05:14:33.166+00	129
130	pbkdf2_sha256$1200000$xbOS4GEzheI2TdyhJdPACX$dXg7IIGVsFlY5wnpwWVv0shZ6Cfbmr5IsizM3rLVicQ=	\N	f	ks_cchc_ngochoi				f	t	2026-07-09 05:14:33.169+00	\N	Cán bộ Ngọc Hồi	t	2026-07-09 05:14:33.169+00	130
131	pbkdf2_sha256$1200000$xbOS4GEzheI2TdyhJdPACX$dXg7IIGVsFlY5wnpwWVv0shZ6Cfbmr5IsizM3rLVicQ=	\N	f	ks_cchc_namphu				f	t	2026-07-09 05:14:33.172+00	\N	Cán bộ Nam Phù	t	2026-07-09 05:14:33.172+00	131
132	pbkdf2_sha256$1200000$xbOS4GEzheI2TdyhJdPACX$dXg7IIGVsFlY5wnpwWVv0shZ6Cfbmr5IsizM3rLVicQ=	\N	f	ks_cchc_daithanh				f	t	2026-07-09 05:14:33.175+00	\N	Cán bộ Đại Thanh	t	2026-07-09 05:14:33.175+00	132
133	pbkdf2_sha256$1200000$xbOS4GEzheI2TdyhJdPACX$dXg7IIGVsFlY5wnpwWVv0shZ6Cfbmr5IsizM3rLVicQ=	\N	f	ks_cchc_thachthat				f	t	2026-07-09 05:14:33.179+00	\N	Cán bộ Thạch Thất	t	2026-07-09 05:14:33.179+00	133
134	pbkdf2_sha256$1200000$xbOS4GEzheI2TdyhJdPACX$dXg7IIGVsFlY5wnpwWVv0shZ6Cfbmr5IsizM3rLVicQ=	\N	f	ks_cchc_bavi				f	t	2026-07-09 05:14:33.182+00	\N	Cán bộ Ba Vì	t	2026-07-09 05:14:33.182+00	134
135	pbkdf2_sha256$1200000$xbOS4GEzheI2TdyhJdPACX$dXg7IIGVsFlY5wnpwWVv0shZ6Cfbmr5IsizM3rLVicQ=	\N	f	ks_cchc_suoihai				f	t	2026-07-09 05:14:33.186+00	\N	Cán bộ Suối Hai	t	2026-07-09 05:14:33.186+00	135
136	pbkdf2_sha256$1200000$xbOS4GEzheI2TdyhJdPACX$dXg7IIGVsFlY5wnpwWVv0shZ6Cfbmr5IsizM3rLVicQ=	\N	f	ks_cchc_codo				f	t	2026-07-09 05:14:33.188+00	\N	Cán bộ Cổ Đô	t	2026-07-09 05:14:33.189+00	136
137	pbkdf2_sha256$1200000$xbOS4GEzheI2TdyhJdPACX$dXg7IIGVsFlY5wnpwWVv0shZ6Cfbmr5IsizM3rLVicQ=	\N	f	ks_cchc_batbat				f	t	2026-07-09 05:14:33.192+00	\N	Cán bộ Bất Bạt	t	2026-07-09 05:14:33.192+00	137
138	pbkdf2_sha256$1200000$xbOS4GEzheI2TdyhJdPACX$dXg7IIGVsFlY5wnpwWVv0shZ6Cfbmr5IsizM3rLVicQ=	\N	f	ks_cchc_quangoai				f	t	2026-07-09 05:14:33.195+00	\N	Cán bộ Quảng Oai	t	2026-07-09 05:14:33.195+00	138
139	pbkdf2_sha256$1200000$xbOS4GEzheI2TdyhJdPACX$dXg7IIGVsFlY5wnpwWVv0shZ6Cfbmr5IsizM3rLVicQ=	\N	f	ks_cchc_vatlai				f	t	2026-07-09 05:14:33.199+00	\N	Cán bộ Vật Lại	t	2026-07-09 05:14:33.199+00	139
140	pbkdf2_sha256$1200000$xbOS4GEzheI2TdyhJdPACX$dXg7IIGVsFlY5wnpwWVv0shZ6Cfbmr5IsizM3rLVicQ=	\N	f	ks_cchc_phuctho				f	t	2026-07-09 05:14:33.202+00	\N	Cán bộ Phúc Thọ	t	2026-07-09 05:14:33.202+00	140
141	pbkdf2_sha256$1200000$xbOS4GEzheI2TdyhJdPACX$dXg7IIGVsFlY5wnpwWVv0shZ6Cfbmr5IsizM3rLVicQ=	\N	f	ks_cchc_hatmon				f	t	2026-07-09 05:14:33.206+00	\N	Cán bộ Hát Môn	t	2026-07-09 05:14:33.206+00	141
142	pbkdf2_sha256$1200000$xbOS4GEzheI2TdyhJdPACX$dXg7IIGVsFlY5wnpwWVv0shZ6Cfbmr5IsizM3rLVicQ=	\N	f	ks_cchc_habang				f	t	2026-07-09 05:14:33.209+00	\N	Cán bộ Hạ Bằng	t	2026-07-09 05:14:33.209+00	142
143	pbkdf2_sha256$1200000$xbOS4GEzheI2TdyhJdPACX$dXg7IIGVsFlY5wnpwWVv0shZ6Cfbmr5IsizM3rLVicQ=	2026-07-09 08:37:22.459+00	f	ks_cchc_tayphuong				f	t	2026-07-09 05:14:33.213+00	\N	Cán bộ Tây Phương	t	2026-07-09 05:14:33.213+00	143
145	pbkdf2_sha256$1200000$2TGSco9Hmgbh3Nlaltekyl$a89rRlfesbsqK7PlHx/s5qAFUXfEm0oFzMt9VpSFCWg=	\N	t	admin2	Admin	Two	admin2@example.com	t	t	2026-07-09 05:16:40.307+00	\N	\N	f	2026-07-09 05:17:22.522+00	\N
146	pbkdf2_sha256$1200000$5AgzONpdxiGy1QqMMKGhtS$YjJCg7+yFYuHOyNiFUxYC25OldLVcrUqmFg6mcHDOJ8=	\N	t	admin3	Admin	Three	admin3@example.com	t	t	2026-07-09 05:16:41.056+00	\N	\N	f	2026-07-09 05:16:41.056+00	\N
144	pbkdf2_sha256$1200000$zmmZtKdMOs4tmGudE8UMND$Ey8xcnmz1IdVcXXZ6Fklzb5sCqO/0N6RR0dfVWqY+hs=	2026-07-11 15:09:56.975724+00	t	admin1	Admin	One	admin1@example.com	t	t	2026-07-09 05:16:39.546+00	\N	\N	f	2026-07-09 05:16:39.546+00	\N
147	pbkdf2_sha256$1200000$A4iG3YFImEVoBtqR1MHCj4$nEmSjYCO/WVhB0rqoKM3IzlxFmJejGg8ragqlehBa8A=	2026-07-11 14:05:37.685444+00	f	test	Test	User	test@example.com	f	t	2026-07-09 06:11:30.947+00		Cán bộ test tại Sở Nội vụ	t	2026-07-11 13:57:58.980642+00	1
\.


--
-- Data for Name: accounts_user_groups; Type: TABLE DATA; Schema: public; Owner: survey_user
--

COPY public.accounts_user_groups (id, user_id, group_id) FROM stdin;
\.


--
-- Data for Name: accounts_user_target_groups; Type: TABLE DATA; Schema: public; Owner: survey_user
--

COPY public.accounts_user_target_groups (id, user_id, targetgroup_id) FROM stdin;
\.


--
-- Data for Name: accounts_user_user_permissions; Type: TABLE DATA; Schema: public; Owner: survey_user
--

COPY public.accounts_user_user_permissions (id, user_id, permission_id) FROM stdin;
\.


--
-- Data for Name: analytics_aggregatedresult; Type: TABLE DATA; Schema: public; Owner: survey_user
--

COPY public.analytics_aggregatedresult (id, level, entity_name, entity_code, total_responses, average_score, raw_data, calculated_at, year, quarter, survey_id) FROM stdin;
\.


--
-- Data for Name: analytics_comparisonreport; Type: TABLE DATA; Schema: public; Owner: survey_user
--

COPY public.analytics_comparisonreport (id, name, comparison_type, report_data, generated_at, export_file, survey_id) FROM stdin;
\.


--
-- Data for Name: analytics_scoringconfig; Type: TABLE DATA; Schema: public; Owner: survey_user
--

COPY public.analytics_scoringconfig (id, name, criteria_mapping, created_at, is_active, survey_id) FROM stdin;
\.


--
-- Data for Name: analytics_targetgroup; Type: TABLE DATA; Schema: public; Owner: survey_user
--

COPY public.analytics_targetgroup (id, code, name, description, icon, is_active, forms, created_at, updated_at, category_id) FROM stdin;
5	SIPAS-NHOM_DOI_TUONG_1	Nhóm đối tượng 1		bi-people	t	["SIPAS-BM-09", "SIPAS-BM-04"]	2026-07-09 05:47:55.542+00	2026-07-09 08:27:44.495+00	1
6	SIPAS-NHOM_DOI_TUONG_2	Nhóm đối tượng 2		bi-people	t	["SIPAS-BM-09", "SIPAS-BM-05"]	2026-07-09 05:48:02.469+00	2026-07-09 08:27:41.135+00	1
7	SIPAS-NHOM_DOI_TUONG_3	Nhóm đối tượng 3		bi-people	t	["SIPAS-BM-09", "SIPAS-BM-06"]	2026-07-09 05:48:07.813+00	2026-07-09 08:27:35.998+00	1
8	SIPAS-DOAN_KHAO_SAT	Đoàn khảo sát		bi-people	t	["SIPAS-BM-10", "SIPAS-BM-09", "SIPAS-BM-08", "SIPAS-BM-07", "SIPAS-BM-03", "SIPAS-BM-01"]	2026-07-09 08:13:22.357+00	2026-07-09 08:27:31.983+00	1
9	SIPAS-DON_VI_DUOC_KHAO_SAT	Đơn vị được khảo sát		bi-people	t	["SIPAS-BM-09", "SIPAS-BM-08", "SIPAS-BM-03", "SIPAS-BM-02"]	2026-07-09 08:13:53.477+00	2026-07-09 08:27:29.198+00	1
\.


--
-- Data for Name: analytics_targetgroup_surveys; Type: TABLE DATA; Schema: public; Owner: survey_user
--

COPY public.analytics_targetgroup_surveys (id, targetgroup_id, survey_id) FROM stdin;
\.


--
-- Data for Name: auth_group; Type: TABLE DATA; Schema: public; Owner: survey_user
--

COPY public.auth_group (id, name) FROM stdin;
\.


--
-- Data for Name: auth_group_permissions; Type: TABLE DATA; Schema: public; Owner: survey_user
--

COPY public.auth_group_permissions (id, group_id, permission_id) FROM stdin;
\.


--
-- Data for Name: auth_permission; Type: TABLE DATA; Schema: public; Owner: survey_user
--

COPY public.auth_permission (id, name, content_type_id, codename) FROM stdin;
1	Can add permission	2	add_permission
2	Can change permission	2	change_permission
3	Can delete permission	2	delete_permission
4	Can view permission	2	view_permission
5	Can add group	1	add_group
6	Can change group	1	change_group
7	Can delete group	1	delete_group
8	Can view group	1	view_group
9	Can add user	3	add_user
10	Can change user	3	change_user
11	Can delete user	3	delete_user
12	Can view user	3	view_user
13	Can add content type	4	add_contenttype
14	Can change content type	4	change_contenttype
15	Can delete content type	4	delete_contenttype
16	Can view content type	4	view_contenttype
17	Can add Loại câu hỏi	7	add_questiontype
18	Can change Loại câu hỏi	7	change_questiontype
19	Can delete Loại câu hỏi	7	delete_questiontype
20	Can view Loại câu hỏi	7	view_questiontype
21	Can add Đợt khảo sát	9	add_survey
22	Can change Đợt khảo sát	9	change_survey
23	Can delete Đợt khảo sát	9	delete_survey
24	Can view Đợt khảo sát	9	view_survey
25	Can add Danh mục khảo sát	10	add_surveycategory
26	Can change Danh mục khảo sát	10	change_surveycategory
27	Can delete Danh mục khảo sát	10	delete_surveycategory
28	Can view Danh mục khảo sát	10	view_surveycategory
29	Can add Danh sách đen	5	add_blocklist
30	Can change Danh sách đen	5	change_blocklist
31	Can delete Danh sách đen	5	delete_blocklist
32	Can view Danh sách đen	5	view_blocklist
33	Can add Câu hỏi	6	add_question
34	Can change Câu hỏi	6	change_question
35	Can delete Câu hỏi	6	delete_question
36	Can view Câu hỏi	6	view_question
37	Can add Phiếu trả lời	8	add_response
38	Can change Phiếu trả lời	8	change_response
39	Can delete Phiếu trả lời	8	delete_response
40	Can view Phiếu trả lời	8	view_response
41	Can add Tổ chức/Đơn vị	11	add_organization
42	Can change Tổ chức/Đơn vị	11	change_organization
43	Can delete Tổ chức/Đơn vị	11	delete_organization
44	Can view Tổ chức/Đơn vị	11	view_organization
45	Can add Người dùng	12	add_user
46	Can change Người dùng	12	change_user
47	Can delete Người dùng	12	delete_user
48	Can view Người dùng	12	view_user
49	Can add Báo cáo so sánh	14	add_comparisonreport
50	Can change Báo cáo so sánh	14	change_comparisonreport
51	Can delete Báo cáo so sánh	14	delete_comparisonreport
52	Can view Báo cáo so sánh	14	view_comparisonreport
53	Can add Kết quả tổng hợp	13	add_aggregatedresult
54	Can change Kết quả tổng hợp	13	change_aggregatedresult
55	Can delete Kết quả tổng hợp	13	delete_aggregatedresult
56	Can view Kết quả tổng hợp	13	view_aggregatedresult
57	Can add Cấu hình chấm điểm	15	add_scoringconfig
58	Can change Cấu hình chấm điểm	15	change_scoringconfig
59	Can delete Cấu hình chấm điểm	15	delete_scoringconfig
60	Can view Cấu hình chấm điểm	15	view_scoringconfig
61	Can add log entry	16	add_logentry
62	Can change log entry	16	change_logentry
63	Can delete log entry	16	delete_logentry
64	Can view log entry	16	view_logentry
65	Can add session	17	add_session
66	Can change session	17	change_session
67	Can delete session	17	delete_session
68	Can view session	17	view_session
69	Can add Phần khảo sát	18	add_section
70	Can change Phần khảo sát	18	change_section
71	Can delete Phần khảo sát	18	delete_section
72	Can view Phần khảo sát	18	view_section
73	Can add Phân công khảo sát	19	add_surveyassignment
74	Can change Phân công khảo sát	19	change_surveyassignment
75	Can delete Phân công khảo sát	19	delete_surveyassignment
76	Can view Phân công khảo sát	19	view_surveyassignment
77	Can add Người tham gia khảo sát	20	add_surveyparticipant
78	Can change Người tham gia khảo sát	20	change_surveyparticipant
79	Can delete Người tham gia khảo sát	20	delete_surveyparticipant
80	Can view Người tham gia khảo sát	20	view_surveyparticipant
81	Can add Nhóm đối tượng	21	add_targetgroup
82	Can change Nhóm đối tượng	21	change_targetgroup
83	Can delete Nhóm đối tượng	21	delete_targetgroup
84	Can view Nhóm đối tượng	21	view_targetgroup
85	Can add Tiến độ khảo sát	22	add_surveyprogress
86	Can change Tiến độ khảo sát	22	change_surveyprogress
87	Can delete Tiến độ khảo sát	22	delete_surveyprogress
88	Can view Tiến độ khảo sát	22	view_surveyprogress
89	Can add Trạng thái đơn vị khảo sát	23	add_surveyunitstatus
90	Can change Trạng thái đơn vị khảo sát	23	change_surveyunitstatus
91	Can delete Trạng thái đơn vị khảo sát	23	delete_surveyunitstatus
92	Can view Trạng thái đơn vị khảo sát	23	view_surveyunitstatus
\.


--
-- Data for Name: django_admin_log; Type: TABLE DATA; Schema: public; Owner: survey_user
--

COPY public.django_admin_log (id, action_time, object_id, object_repr, action_flag, change_message, content_type_id, user_id) FROM stdin;
\.


--
-- Data for Name: django_content_type; Type: TABLE DATA; Schema: public; Owner: survey_user
--

COPY public.django_content_type (id, app_label, model) FROM stdin;
1	auth	group
2	auth	permission
3	auth	user
4	contenttypes	contenttype
5	survey	blocklist
6	survey	question
7	survey	questiontype
8	survey	response
9	survey	survey
10	survey	surveycategory
11	accounts	organization
12	accounts	user
13	analytics	aggregatedresult
14	analytics	comparisonreport
15	analytics	scoringconfig
16	admin	logentry
17	sessions	session
18	survey	section
19	survey	surveyassignment
20	survey	surveyparticipant
21	analytics	targetgroup
22	survey	surveyprogress
23	survey	surveyunitstatus
\.


--
-- Data for Name: django_migrations; Type: TABLE DATA; Schema: public; Owner: survey_user
--

COPY public.django_migrations (id, app, name, applied) FROM stdin;
1	contenttypes	0001_initial	2026-07-11 08:18:20.401414+00
2	contenttypes	0002_remove_content_type_name	2026-07-11 08:18:20.415513+00
3	auth	0001_initial	2026-07-11 08:18:20.487886+00
4	auth	0002_alter_permission_name_max_length	2026-07-11 08:18:20.520145+00
5	auth	0003_alter_user_email_max_length	2026-07-11 08:18:20.532291+00
6	auth	0004_alter_user_username_opts	2026-07-11 08:18:20.543908+00
7	auth	0005_alter_user_last_login_null	2026-07-11 08:18:20.556225+00
8	auth	0006_require_contenttypes_0002	2026-07-11 08:18:20.559322+00
9	auth	0007_alter_validators_add_error_messages	2026-07-11 08:18:20.570168+00
10	auth	0008_alter_user_username_max_length	2026-07-11 08:18:20.581073+00
11	auth	0009_alter_user_last_name_max_length	2026-07-11 08:18:20.592143+00
12	auth	0010_alter_group_name_max_length	2026-07-11 08:18:20.607852+00
13	auth	0011_update_proxy_permissions	2026-07-11 08:18:20.618354+00
14	auth	0012_alter_user_first_name_max_length	2026-07-11 08:18:20.63138+00
15	accounts	0001_initial	2026-07-11 08:18:20.772611+00
16	survey	0001_initial	2026-07-11 08:18:20.954507+00
17	survey	0002_section_remove_question_survey_and_more	2026-07-11 08:18:21.146771+00
18	survey	0003_seed_question_types	2026-07-11 08:18:21.215334+00
19	survey	0004_question_component_type_and_more	2026-07-11 08:18:21.24162+00
20	survey	0005_surveyassignment_surveyparticipant	2026-07-11 08:18:21.36069+00
21	analytics	0001_initial	2026-07-11 08:18:21.508213+00
22	analytics	0002_targetgroup	2026-07-11 08:18:21.58591+00
23	accounts	0002_user_target_groups	2026-07-11 08:18:21.646578+00
24	admin	0001_initial	2026-07-11 08:18:21.712065+00
25	admin	0002_logentry_remove_auto_add	2026-07-11 08:18:21.740883+00
26	admin	0003_logentry_add_action_flag_choices	2026-07-11 08:18:21.767497+00
27	survey	0006_survey_code	2026-07-11 08:18:21.79615+00
28	survey	0007_surveyprogress	2026-07-11 08:18:21.866955+00
29	survey	0008_alter_surveyprogress_survey	2026-07-11 08:18:21.91474+00
30	survey	0009_surveyunitstatus	2026-07-11 08:18:21.980376+00
31	analytics	0003_targetgroup_category	2026-07-11 08:18:22.09113+00
32	sessions	0001_initial	2026-07-11 08:18:22.115364+00
33	survey	0010_alter_section_code	2026-07-11 08:18:22.145026+00
\.


--
-- Data for Name: django_session; Type: TABLE DATA; Schema: public; Owner: survey_user
--

COPY public.django_session (session_key, session_data, expire_date) FROM stdin;
0078qodyjpu1dmql3cffaynf8iyc5owu	eyJsb2dpbl90eXBlIjoiY2NoYyIsImxvZ2luX3VybCI6Ii9hY2NvdW50cy9jY2hjLyJ9:1wiO9x:9qtRpxwrbtw_0GF2IFYJ70mtbvDRKjotJMGJOIxUcvY	2026-07-25 03:13:45.469+00
20qt1svpl9g4of8t7nce57xg4sodse19	.eJxVTktqwzAQvYvWwViKFXu87CarQskFhpE02G6LZDRSaCi9e2XIol2-__tWSLWsWIUzbkHN6qxOfzlH_oPjIYR3ikvqfIolb647LN1Tle41Bf58eXr_Fawka0tfvButs5OBiQC00RNr4ED6YkHb8TwwUCBrwIRhaAB6sEYH1xjryeijVFhkSxH5a9_yQ839SfmaM8eChfLCBZec6o6-nWmT19tb3x9BqfnOD8wse4rCaEDN488vbBVTBA:1wgnru:rzoum6ZYHwzcftwrwuiZG9hfYpH-dDj1V8NzwgQvFEQ	2026-07-20 18:16:34.836+00
4s8b0kl0kmbncql1kcm7jlci1p7kp7ua	.eJxVjMEOwiAQRP-FsyGlBVo8evcbyO6yWNSAKW2iMf67bdKDJnOaefPewsMyj36pPPkUxFEorcXht0WgG-dtClfIlyKp5HlKKDdE7muV5xL4ftrZP8EIdVzfoE0bG7TQk3EIJg5aUYc9MkVlOhudCgOZ2NrOWnZkEdf0pGJowFnepJVrTSV7fj7S9BLH5vMFCUZAbg:1whhzP:QzcEqgaDPJV4jpztdfbdJ4Q4xkSHPCsb-DKRSjgD3vM	2026-07-23 06:12:03.543+00
58aj1zfzp9x99m7xw1313c8f5sqbguey	.eJxVjstOwzAQRf_F65I0JIrj7oJYFCEoUthb4_EkMY3syA-JCvHvOCibbs-59878sMVNxsp4W4mdWDArBHbYYfJLZiUgumRjKP9tmbWEFGeZAnlpdI5UDb-nCvBKdlP6C-zkCnQ2eqOKLVLsNhRvTtPytGfvBmYIc27Xj50Cakbedi1QK0Ze17rToyIBnCuFGgBFWwkEgRV1DTb1sRrVqARvVd1to4FCMM5K-l6Nv7HT8cAweU82ygh-oign79IqMT-TTw4vH_3w8Hzp3-Xrub_Iof9kv3-gwmO4:1whkju:RtM72lH6CBzzcY18xzpxgRCooiKuJBNdGh_nPqNxSRM	2026-07-23 09:08:14.681+00
6pg131tncuhhadxfgcbu1o7mu59xwfsm	.eJxVjEEOwiAQRe_C2hCkRZgu3XsGAjNTixow0CYa4921SRe6_e_99xI-LPPkl8bVJxKD0GL3u8WAV84roEvI5yKx5LmmKFdFbrTJUyG-HTf3LzCFNn3f6Ai6ve51wIi6OyggjtA7pXSwI7GNPAIYHME6BxYYVe-YVTDakjFmjTZuLZXs-XFP9SkG9f4AlK4_Mg:1wh1Wt:XS0VuFlrcejk_cgjvaHsPplf7uTbX3FlkNpatu65Gkc	2026-07-21 08:51:47.026+00
7fyg1jcxspnnxa44y2d1g6iacosrj5uo	.eJxVjMEOwiAQRP-FsyGlBVo8evcbyO6yWNSAKW2iMf67bdKDJnOaefPewsMyj36pPPkUxFEorcXht0WgG-dtClfIlyKp5HlKKDdE7muV5xL4ftrZP8EIdVzfoE0bG7TQk3EIJg5aUYc9MkVlOhudCgOZ2NrOWnZkEdf0pGJowFnepJVrTSV7fj7S9BLH5vMFCUZAbg:1whi7R:DQVgxsFB31ru9Uxl101vzVVZm_bL7lrvSUT_QpxpOm8	2026-07-23 06:20:21.743+00
apmzji41lwycvq0fumxixpsr5hknn2id	.eJxVjEEOwiAQRe_C2hCkRZgu3XsGAjNTixow0CYa4921SRe6_e_99xI-LPPkl8bVJxKD0GL3u8WAV84roEvI5yKx5LmmKFdFbrTJUyG-HTf3LzCFNn3f6Ai6ve51wIi6OyggjtA7pXSwI7GNPAIYHME6BxYYVe-YVTDakjFmjTZuLZXs-XFP9SkG9f4AlK4_Mg:1wgxBU:cz8SA2TDy4mdWu9KgtukguPCX7ccZcl2uOCfbhs9BiY	2026-07-21 04:13:24.563+00
eeimpc1375dkgmamr6icmmto3pbi0ix8	.eJxVjEEOwiAQRe_C2hCkRZgu3XsGAjNTixow0CYa4921SRe6_e_99xI-LPPkl8bVJxKD0GL3u8WAV84roEvI5yKx5LmmKFdFbrTJUyG-HTf3LzCFNn3f6Ai6ve51wIi6OyggjtA7pXSwI7GNPAIYHME6BxYYVe-YVTDakjFmjTZuLZXs-XFP9SkG9f4AlK4_Mg:1wgz51:5pOaOncbbBe96qnMFWHnDiEriXs00YVuRZpbplezvdQ	2026-07-21 06:14:51.201+00
g83iwx219d84q3l2427tbdls6360ao4o	.eJxVjEEOwiAQRe_C2hCkRZgu3XsGAjNTixow0CYa4921SRe6_e_99xI-LPPkl8bVJxKD0GL3u8WAV84roEvI5yKx5LmmKFdFbrTJUyG-HTf3LzCFNn3f6Ai6ve51wIi6OyggjtA7pXSwI7GNPAIYHME6BxYYVe-YVTDakjFmjTZuLZXs-XFP9SkG9f4AlK4_Mg:1wh4en:DT6KzbGl_iEE20DUy8V9q4iveAwU_6NLGdc6RRKXC1w	2026-07-21 12:12:09.838+00
jrrl4hvtgnhckcjc89pme9tdj66czp37	.eJxVjEEOgyAQRe_CulFRQe2y-56BDMOgtAaMaFLT9O6FxI3JrN57879sDqPzajsWYneGOCG7nWxf54RKQAy732KZZZmsgn2b1B5pVc6kgrftlWrAN_mszAv8GAoMfludLnJSnDYWz2BofpztZWCCOKVvaEVtKy2hQzFoELZvOTa604SWi0bagZseha1lIyUNKLVO1yG3poJBUh6NFKMLXtFncevB7tXvD48vUV4:1whqK0:HyExRflbx2o2SieqUd21tW8LyuhM8gjtq6_idoe8o0k	2026-07-23 15:05:52.78+00
k6jy5wezcopi3y8ks7jms4b8njnptszt	.eJxVjEEOwiAQRe_C2hCkRZgu3XsGAjNTixow0CYa4921SRe6_e_99xI-LPPkl8bVJxKD0GL3u8WAV84roEvI5yKx5LmmKFdFbrTJUyG-HTf3LzCFNn3f6Ai6ve51wIi6OyggjtA7pXSwI7GNPAIYHME6BxYYVe-YVTDakjFmjTZuLZXs-XFP9SkG9f4AlK4_Mg:1wh1Wu:-cl6VBN7XWbMiMPkqfLR5xC0CToqsl_ZJ3N-oY1Kd_w	2026-07-21 08:51:48.989+00
pmzsuidid2nokwlqk6ge3249zohepmho	.eJxVjEEOwiAQRe_C2hCkRZgu3XsGAjNTixow0CYa4921SRe6_e_99xI-LPPkl8bVJxKD0GL3u8WAV84roEvI5yKx5LmmKFdFbrTJUyG-HTf3LzCFNn3f6Ai6ve51wIi6OyggjtA7pXSwI7GNPAIYHME6BxYYVe-YVTDakjFmjTZuLZXs-XFP9SkG9f4AlK4_Mg:1wgzB5:yR0HW6A6LHxTr8ozYIDuZ30DrRIY531VT9RKEQDtpLI	2026-07-21 06:21:07.861+00
qokafkznszv6yt2tn4mnwdk03lveah9a	.eJxVjEEOwiAQRe_C2hCkRZgu3XsGAjNTixow0CYa4921SRe6_e_99xI-LPPkl8bVJxKD0GL3u8WAV84roEvI5yKx5LmmKFdFbrTJUyG-HTf3LzCFNn3f6Ai6ve51wIi6OyggjtA7pXSwI7GNPAIYHME6BxYYVe-YVTDakjFmjTZuLZXs-XFP9SkG9f4AlK4_Mg:1whWEX:7ITRGNrphVM0rXK3169TZ9tWhLTcckfjsC4IWBjBjNU	2026-07-22 17:38:53.219+00
qyumwdcsyjyprd08jk8kxz4ypmm5h34b	.eJxVjEEOgyAQRe_CulFRQe2y-56BDMOgtAaMaFLT9O6FxI3JrN57879sDqPzajsWYneGOCG7nWxf54RKQAy732KZZZmsgn2b1B5pVc6kgrftlWrAN_mszAv8GAoMfludLnJSnDYWz2BofpztZWCCOKVvaEVtKy2hQzFoELZvOTa604SWi0bagZseha1lIyUNKLVO1yG3poJBUh6NFKMLXtFncevB7tXvD48vUV4:1wi8CG:zEOWvlWly0Tp9_FR5YWTicWO71U5OSisFEdog_MkOPc	2026-07-24 10:11:04.173+00
xd20h2qtcjk6drw5mr2szthtkmma7i0s	eyJsb2dpbl90eXBlIjoiY2NoYyIsImxvZ2luX3VybCI6Ii9hY2NvdW50cy9jY2hjLyJ9:1wiDju:T0u-RFEbG0x8Ez6ps00aU3Vqpdv8qVFIFLedU7fbXjc	2026-07-24 16:06:10.192+00
nzqczzgl3kbusmhk8v3mni95qur4jihh	eyJsb2dpbl90eXBlIjoiY2NoYyIsImxvZ2luX3VybCI6Ii9hY2NvdW50cy9jY2hjLyJ9:1wiTPn:WO6qQ1jMUb9IykVEya81efv-zPYaQfJmynr4bXCI8p0	2026-07-25 08:50:27.999849+00
b065eddg5f0wihkyosxjhc9zcd0dv622	eyJsb2dpbl90eXBlIjoiY2NoYyIsImxvZ2luX3VybCI6Ii9hY2NvdW50cy9jY2hjLyJ9:1wiTPu:KmkUTFDc9X1LOQ2D13vKpBfvaPFcNOUcZdJAhE1TR-I	2026-07-25 08:50:34.939409+00
zf1olanua4j50jlndxgpzzmgz3x5wlrq	eyJsb2dpbl90eXBlIjoiY2NoYyIsImxvZ2luX3VybCI6Ii9hY2NvdW50cy9jY2hjLyJ9:1wiTPw:-k5fYXcUpctNyv2Dd-dkO_dZY9kXjq7o3swl_q3FxQo	2026-07-25 08:50:36.188702+00
wgvr3htb528hg04h72x3uhncq9j3j24a	eyJsb2dpbl90eXBlIjoiY2NoYyIsImxvZ2luX3VybCI6Ii9hY2NvdW50cy9jY2hjLyJ9:1wiTQ1:BOpRPRPClFthqyPrgzThNzXvawKM1J65bGcRLGZL9_Q	2026-07-25 08:50:41.808103+00
0c3qt66dpqckxg25cyk28sli58agx43t	eyJsb2dpbl90eXBlIjoiY2NoYyIsImxvZ2luX3VybCI6Ii9hY2NvdW50cy9jY2hjLyJ9:1wiTQY:K1AgKCBn-pHJgR6_JqLFPQhMznlqCPaaPxgQTjzEmME	2026-07-25 08:51:14.607735+00
lra0t7ks8bdawc0s9npv4z95d5qsgvtr	eyJsb2dpbl90eXBlIjoiY2NoYyIsImxvZ2luX3VybCI6Ii9hY2NvdW50cy9jY2hjLyJ9:1wiTQY:K1AgKCBn-pHJgR6_JqLFPQhMznlqCPaaPxgQTjzEmME	2026-07-25 08:51:14.758323+00
x6nhsmfe6v1xjtt46bajzj2dcr6y0bga	eyJsb2dpbl90eXBlIjoiY2NoYyIsImxvZ2luX3VybCI6Ii9hY2NvdW50cy9jY2hjLyJ9:1wiTR7:zfFRF2wes4HoZnhu2tfZvVLaSYyfuk7mjwOMRN72aNY	2026-07-25 08:51:49.711885+00
9gd2ax0epx70ub61soay9x4aj7kcbndr	eyJsb2dpbl90eXBlIjoiY2NoYyIsImxvZ2luX3VybCI6Ii9hY2NvdW50cy9jY2hjLyJ9:1wiTU7:W_rGoKKxxmRvkrwhfyXXSXddPvE3zbJt43T-BToU4jc	2026-07-25 08:54:55.026695+00
dk7st6q4moqmy88rh0tgxtg2jrz0m8lh	eyJsb2dpbl90eXBlIjoiY2NoYyIsImxvZ2luX3VybCI6Ii9hY2NvdW50cy9jY2hjLyJ9:1wiTU7:W_rGoKKxxmRvkrwhfyXXSXddPvE3zbJt43T-BToU4jc	2026-07-25 08:54:55.149836+00
tn7d5log8o4tepsju4xmv4skl2sneqaf	.eJyrVsrJT8_Miy-pLEhVslIqzixILFbSgQqWFuUAxfQTk5PzS_NKivXBsvpKtQD_wxLb:1wiTVm:BpfFEtoR1JVhYdjUPTi9OsEGQU5edxWszyGKHBhxauc	2026-07-25 08:56:38.49856+00
qjbqyqlqhzofiujgk9u32d030vx11tg1	.eJyrVsrJT8_Miy-pLEhVslIqzixILFbSgQqWFuUAxfQTk5PzS_NKivXBsvpKtQD_wxLb:1wiTX1:ShiqCg2Ea03P2L-mUPDSx4JpshnRJx33rTyxB-iIJdY	2026-07-25 08:57:55.982053+00
ui2i4s582jboq6dwsg80u9a0nkd0or0o	.eJyrVsrJT8_Miy-pLEhVslIqzixILFbSgQqWFuUAxfQTk5PzS_NKivXBsvpKtQD_wxLb:1wiTXo:k4B4uZLXcwytkU19svLQ27mLjuBoyTr-ZSyQ6M_AQNM	2026-07-25 08:58:44.69932+00
9tcj0o7ncm88so0h9rdplti9f4iqha6f	.eJyrVsrJT8_Miy-pLEhVslIqzixILFbSgQqWFuUAxfQTk5PzS_NKivXBsvpKtQD_wxLb:1wiTZP:tmabWlf1_Jd_9EuJ1RiLchLxYFGhZsfEO3G78FJuBNc	2026-07-25 09:00:23.570255+00
qyvxz1hq15l09k0p4236ocy55d78gqrl	.eJyrVsrJT8_Miy-pLEhVslIqzixILFbSgQqWFuUAxfQTk5PzS_NKivXBsvpKtQD_wxLb:1wiTay:uKHMlY_V5sK01fPEQuiA-qyXZgn-Q_jYOj_JPIVzcSU	2026-07-25 09:02:00.243569+00
lgpvq7gej236aqjzygfwts7cy4sb9vfl	.eJyrVsrJT8_Miy-pLEhVslIqzixILFbSgQqWFuUAxfQTk5PzS_NKivXBsvpKtQD_wxLb:1wiTay:uKHMlY_V5sK01fPEQuiA-qyXZgn-Q_jYOj_JPIVzcSU	2026-07-25 09:02:00.261954+00
ntqoqbsmdr6gfljqswjc203b6u11xu3i	.eJyrVsrJT8_Miy-pLEhVslIqzixILFbSgQqWFuUAxfQTk5PzS_NKivXBsvpKtQD_wxLb:1wiTbA:qQRXTSGDObeUs5qVlRcu00z4X_ft92ODQtuEylBtx1A	2026-07-25 09:02:12.838497+00
0m69rhdf6rinpqz8ohmn7m02g39g668w	.eJyrVsrJT8_Miy-pLEhVslIqzixILFbSgQqWFuUAxfQTk5PzS_NKivXBsvpKtQD_wxLb:1wiTbQ:mE2ofEZzCeX3MKTvlfBHCuQFNrYrnnguO5Uhn-A66f4	2026-07-25 09:02:28.882198+00
k6yrrainncfucklo9l53gwrx1z4tdkp1	.eJyrVsrJT8_Miy-pLEhVslIqzixILFbSgQqWFuUAxfQTk5PzS_NKivXBsvpKtQD_wxLb:1wiTd3:IuJMpcUum8EciKFCJb26KydG2W-BsZGKdOKQTe_eslw	2026-07-25 09:04:09.621227+00
lt53xh71dwl71w2mpssy45362xcdggms	.eJyrVsrJT8_Miy-pLEhVslIqzixILFbSgQqWFuUAxfQTk5PzS_NKivXBsvpKtQD_wxLb:1wiTd7:9Pe-3GVfB2Eg5lSSnvwO4jgzPDOhUwHKe0iB_nyU1VU	2026-07-25 09:04:13.509616+00
eqd76nrfenrvmus4f1xceh94hii0bjn2	.eJyrVsrJT8_Miy-pLEhVslIqzixILFbSgQqWFuUAxfQTk5PzS_NKivXBsvpKtQD_wxLb:1wiTdH:DXMfeUPYrPYZL_XrHauuYDQsl4WTEralhDUTWCnEpY0	2026-07-25 09:04:23.95423+00
ayaufn8f0ee9wpgauaa1leg3sfuhbigd	.eJyrVsrJT8_Miy-pLEhVslIqzixILFbSgQqWFuUAxfQTk5PzS_NKivXBsvpKtQD_wxLb:1wiTdK:7y_FyK2GPfrpq1lrJVGspEraj4ZRJqKCAlbIakvnt5E	2026-07-25 09:04:26.912684+00
f8h61gmdxuvwrcrwbqv0vmcz0y4lskfm	.eJyrVsrJT8_Miy-pLEhVslIqzixILFbSgQqWFuUAxfQTk5PzS_NKivXBsvpKtQD_wxLb:1wiTes:pEQns_dJIr-iWsyllDSvm0W6ix6HAWnh4DjzRjXrjnU	2026-07-25 09:06:02.086834+00
cwuxdmwbanqqbzr0c7zxvyughfo1zij6	.eJyrVsrJT8_Miy-pLEhVslIqzixILFbSgQqWFuUAxfQTk5PzS_NKivXBsvpKtQD_wxLb:1wiTj8:MvXWqh8JNFmPY5xJQyKNObxjZONRrEfS6sRsKPJgtb4	2026-07-25 09:10:26.147351+00
v7isaupcd3ebcr7eeckgfgif9nmbtjzo	.eJyrVsrJT8_Miy-pLEhVslIqzixILFbSgQqWFuUAxfQTk5PzS_NKivXBsvpKtQD_wxLb:1wiTj9:-FgMIGK8DxTjuPZf3g2x1wjHeLQzYEXNEZKTPaPaWDA	2026-07-25 09:10:27.601855+00
xq1sm9zovo7nsgwzb1wgrj8ag6kbouuk	.eJyrVsrJT8_Miy-pLEhVslIqzixILFbSgQqWFuUAxfQTk5PzS_NKivXBsvpKtQD_wxLb:1wiTjp:_vFMW-QDSO_M4PjvvNN-TOACXafj4CTQdo2hTDqz80E	2026-07-25 09:11:09.674046+00
ltbkf3jllnxkhbrpfdudy337e7at1i9n	.eJyrVsrJT8_Miy-pLEhVslIqzixILFbSgQqWFuUAxfQTk5PzS_NKivXBsvpKtQD_wxLb:1wiTl3:9YqpzKWb9HNCHRNIBe2X_JoVrrbs3os-aK75iOJCrBg	2026-07-25 09:12:25.997572+00
u02h9dw4epc67hxzsw5iyq5yk9gpc61h	.eJyrVsrJT8_Miy-pLEhVslIqzixILFbSgQqWFuUAxfQTk5PzS_NKivXBsvpKtQD_wxLb:1wiTmA:kZV3NZ5Qee7kI1qrTpGc5lHEmRQPZUrPhMWuYLbVJFY	2026-07-25 09:13:34.919857+00
lv7ajpn3esuxd93dvp0t47mjyn4a9tuu	.eJyrVsrJT8_Miy-pLEhVslIqzixILFbSgQqWFuUAxfQTk5PzS_NKivXBsvpKtQD_wxLb:1wiTmE:eMKORqliDWsOlqEgdnQ0Tb7NJvn0lmfELjYwRV0szIk	2026-07-25 09:13:38.190021+00
vcmwmytsngy6rip8sp2ia7gqo76wdzmm	.eJyrVsrJT8_Miy-pLEhVslIqzixILFbSgQqWFuUAxfQTk5PzS_NKivXBsvpKtQD_wxLb:1wiTmJ:NfudBzmRLhzGwOnV9fmIMA2a1Ao6mKGPaP31XfF5XOg	2026-07-25 09:13:43.818938+00
wsnvthk06vp02dsxbd95tt7u4b3y2gvz	.eJyrVsrJT8_Miy-pLEhVslIqzixILFbSgQqWFuUAxfQTk5PzS_NKivXBsvpKtQD_wxLb:1wiToX:3_mlfZmrEil5rP6-8f0JwOSRpn8Y0KZEmRaghQJ-e1M	2026-07-25 09:16:01.086943+00
ahp93ksbzl8bsj0s7sru4b2kqqi97ptr	.eJyrVsrJT8_Miy-pLEhVslIqzixILFbSgQqWFuUAxfQTk5PzS_NKivXBsvpKtQD_wxLb:1wiU1T:VS56f49T2Xe4Ml9cn3UT70kwq7s4sVGBjVFEJaTSKgc	2026-07-25 09:29:23.663321+00
3wldnojvoji13e9jrh5v788novgx58rr	.eJyrVsrJT8_Miy-pLEhVslIqzixILFbSgQqWFuUAxfQTk5PzS_NKivXBsvpKtQD_wxLb:1wiU4a:DYkYICi8AHD6EUU2s_UyjkcPBCsW-4TRjXNyE3nq3OU	2026-07-25 09:32:36.225546+00
lzdm4w0tinvslxsllk4nvyl2zje0ytwf	.eJyrVsrJT8_Miy-pLEhVslIqzixILFbSgQqWFuUAxfQTk5PzS_NKivXBsvpKtQD_wxLb:1wiU5m:UB1bLMy-rwE-HgTE0XmllKCRVxL2Cd1IP0DXHmNnYg0	2026-07-25 09:33:50.13197+00
7xrivgwsraqhdyhyrl1go1lv8sxpj2c6	.eJyrVsrJT8_Miy-pLEhVslIqzixILFbSgQqWFuUAxfQTk5PzS_NKivXBsvpKtQD_wxLb:1wiU6E:knaI97k40tQgX41NkHdJ3IDhQxcaOKWBqh8k461gVd8	2026-07-25 09:34:18.965677+00
so56ockko8nel1u1dbg1y7ugwqg9iug1	.eJyrVsrJT8_Miy-pLEhVslIqzixILFbSgQqWFuUAxfQTk5PzS_NKivXBsvpKtQD_wxLb:1wiU6E:knaI97k40tQgX41NkHdJ3IDhQxcaOKWBqh8k461gVd8	2026-07-25 09:34:18.988217+00
0gwjdfnq3dhw1prfz3r80d3n1zlvz50o	.eJyrVsrJT8_Miy-pLEhVslIqzixILFbSgQqWFuUAxfQTk5PzS_NKivXBsvpKtQD_wxLb:1wiU8o:H_BEfq1Su_cFK1uAiU-risag9LrMR0uVzsPLSpinLfQ	2026-07-25 09:36:58.113544+00
rq6tsgyfs7f5g2xefpnhde7h6ldrptue	.eJyrVsrJT8_Miy-pLEhVslIqzixILFbSgQqWFuUAxfQTk5PzS_NKivXBsvpKtQD_wxLb:1wiUAF:0bqwvZwGuDDmR0s71rnEIk78dzH68lQDL59DxZsc9Fk	2026-07-25 09:38:27.520106+00
qiskozrk70gkyhpnxp1099b6jjp594ol	.eJyrVsrJT8_Miy-pLEhVslIqzixILFbSgQqWFuUAxfQTk5PzS_NKivXBsvpKtQD_wxLb:1wiUAF:0bqwvZwGuDDmR0s71rnEIk78dzH68lQDL59DxZsc9Fk	2026-07-25 09:38:27.57731+00
5vctumh7gpgdc2t7gckdmip6nxkifxrf	.eJyrVsrJT8_Miy-pLEhVslIqzixILFbSgQqWFuUAxfQTk5PzS_NKivXBsvpKtQD_wxLb:1wiUOR:2n3nsGfjpTnq6UYuW3QfPRSk1Eq07Tm5BfBlkUfx88c	2026-07-25 09:53:07.873006+00
939muwsiu2n44i3hb6ky8bwo1lv4zgik	.eJyrVsrJT8_Miy-pLEhVslIqzixILFbSgQqWFuUAxfQTk5PzS_NKivXBsvpKtQD_wxLb:1wiUP9:7GWVqyMLAoMokqNBuAIcBzwdT9hCjo7IkAgM66VXm10	2026-07-25 09:53:51.442663+00
fqtf9ibxz0cc7v8z3jco1nepd0cpwqqk	.eJyrVsrJT8_Miy-pLEhVslIqzixILFbSgQqWFuUAxfQTk5PzS_NKivXBsvpKtQD_wxLb:1wiUUu:o4G57dj9P6wcnAg5HREQeF0NnV1U30Amr3er0aSCCf0	2026-07-25 09:59:48.71109+00
kfpizkiqjuszpjnz4h592x7urvz2ck07	.eJyrVsrJT8_Miy-pLEhVslIqzixILFbSgQqWFuUAxfQTk5PzS_NKivXBsvpKtQD_wxLb:1wiUWt:zu_JsmoIR-PdhN3nYpiRDGspD8hNgn2wnpSlPe4SZMs	2026-07-25 10:01:51.140257+00
87x6vl5a961izk4lrms29djet4m98yq7	.eJyrVsrJT8_Miy-pLEhVslIqzixILFbSgQqWFuUAxfQTk5PzS_NKivXBsvpKtQD_wxLb:1wiUXy:Jsg6ySBqp5POQA9xs8alxPFCLe9mWtMVZa-owgRsrjc	2026-07-25 10:02:58.686305+00
8dtb6d0f5vzajmc3cuhg04l4bflz3u5n	.eJyrVsrJT8_Miy-pLEhVslIqzixILFbSgQqWFuUAxfQTk5PzS_NKivXBsvpKtQD_wxLb:1wiUYN:yuyKtEpW3-17VaM71iBoJHRY2e_XEz2jKVl9Z3SeFFU	2026-07-25 10:03:23.381134+00
r84y9svc79bizb4x2n2eq5ud5h1vfrjl	.eJyrVsrJT8_Miy-pLEhVslIqzixILFbSgQqWFuUAxfQTk5PzS_NKivXBsvpKtQD_wxLb:1wiUYO:PEpSOfhVECVMNY6PlJ6v_8M2yMNeJGFaaarzs5PhjOU	2026-07-25 10:03:24.114514+00
k0q16hpy4hpscb93q6658bal4tihur6h	.eJyrVsrJT8_Miy-pLEhVslIqzixILFbSgQqWFuUAxfQTk5PzS_NKivXBsvpKtQD_wxLb:1wiUYO:PEpSOfhVECVMNY6PlJ6v_8M2yMNeJGFaaarzs5PhjOU	2026-07-25 10:03:24.299422+00
sqr64qzzt2h67wngsypo4grbxpu6qcic	.eJxVjkEOgyAQRe_CulFQxNhl9z0DGWBQWgOG0aSm6d2rxo3b996fzJeNqQ9Rz-uE7M4oTEDsdsIljxsrwdq0xJnKw5ab1rDMg14Isw5uS4SUV2rAvjHuyr0g9qmwKc45mGJPitNS8UwOx8fZXg4MQMO29sqpxnUOKiO6prJS-rrxhteWcxCdxdY7Lw332DjrBVdGYYWiVi2orjXHV4REIUWNnynkld357w-TMVI_:1wiUZN:HZL6HfEg8Cer6E1ujhBMbNEqlCCOpTk7PyRjrv9n1kM	2026-07-25 10:04:25.763886+00
xy9z9m1er3pyjvgmxemq5plzsmnof5nb	.eJyrVsrJT8_Miy-pLEhVslIqzixILFbSgQqWFuUAxfQTk5PzS_NKivXBsvpKtQD_wxLb:1wiUa4:e507TTiIgbL9DjCeFFx5PhldQJipE5eWinCVfjuWjfs	2026-07-25 10:05:08.835519+00
sebmxfoj9vrdfk4bsbocnrhrjsux2b4a	.eJyrVsrJT8_Miy-pLEhVslIqzixILFbSgQqWFuUAxfQTk5PzS_NKivXBsvpKtQD_wxLb:1wiUa8:grCzXmOQvsEQlyrKerjkZehrrRFt2yiJ6FrtTf_9uiM	2026-07-25 10:05:12.645908+00
dcd0zdjd2u6xhb0lq7g08e566qx7cg65	.eJyrVsrJT8_Miy-pLEhVslIqzixILFbSgQqWFuUAxfQTk5PzS_NKivXBsvpKtQD_wxLb:1wiUaT:dxgcEC9ll9RK8YhkfAZJWJb6HcqeQPB-iSPMXQAkV0c	2026-07-25 10:05:33.74802+00
g6c4olt7zn88r1phyyy0v49bn643scmt	.eJyrVsrJT8_Miy-pLEhVslIqzixILFbSgQqWFuUAxfQTk5PzS_NKivXBsvpKtQD_wxLb:1wiUag:Uw_TdJziYGWvWT8sC4jdRPi7DaxoHQdk6k_sXCBdcIY	2026-07-25 10:05:46.115181+00
qp4q89botka2tvn5eusbq1k3per5fedh	.eJyrVsrJT8_Miy-pLEhVslIqzixILFbSgQqWFuUAxfQTk5PzS_NKivXBsvpKtQD_wxLb:1wiUiJ:AfqGqvbb9Iqb3e9SpsgeB2F4qlwUisAZDCBBOo4TOsc	2026-07-25 10:13:39.867454+00
q7igykvd1za96hw0j5129wrdh2up7xni	.eJyrVsrJT8_Miy-pLEhVslIqzixILFbSgQqWFuUAxfQTk5PzS_NKivXBsvpKtQD_wxLb:1wiUiM:u2y_7zkrdj9zAkSbf85_b40k32845YN3DFNqse5mBps	2026-07-25 10:13:42.468524+00
0y3cht9v07aw7i8k100j55dkmyyds6ew	.eJyrVsrJT8_Miy-pLEhVslIqzixILFbSgQqWFuUAxfQTk5PzS_NKivXBsvpKtQD_wxLb:1wiUjB:DqoBNwj-MkLt_Qki4VvD034CYzbF8jI7nMbxHpz5L4Y	2026-07-25 10:14:33.016205+00
1prc83kuqvujl35m4nbvrr4s52q26mc7	.eJyrVsrJT8_Miy-pLEhVslIqzixILFbSgQqWFuUAxfQTk5PzS_NKivXBsvpKtQD_wxLb:1wiUjb:3yE1x2Nu_nhMBSkqSMjvPkiHn74JYsmEa67QpVpT-Bw	2026-07-25 10:14:59.823346+00
tkbj7dtx7rrpgr5h0ttj61dt52fj7nuy	.eJyrVsrJT8_Miy-pLEhVslIqzixILFbSgQqWFuUAxfQTk5PzS_NKivXBsvpKtQD_wxLb:1wiUqX:2hWx4sOhE7zw6Q-czqLNpIj1rAGMmgjqbdP1fFC9mJE	2026-07-25 10:22:09.936096+00
mgcsvawd1jkf51omj42kujng78b0n6yr	.eJyrVsrJT8_Miy-pLEhVslIqzixILFbSgQqWFuUAxfQTk5PzS_NKivXBsvpKtQD_wxLb:1wiUqZ:0mZul2WR3807rrGDuj3i9lH4OdJVe4sIy34JKGmntlk	2026-07-25 10:22:11.579593+00
p62xa5j4z6seevftze41da8xn9qc2f9j	.eJyrVsrJT8_Miy-pLEhVslIqzixILFbSgQqWFuUAxfQTk5PzS_NKivXBsvpKtQD_wxLb:1wiUqd:Ay4-Lee3oKzSTcAK_Q5V5mZ5aRENFxIbNiUQ1w8-KWE	2026-07-25 10:22:15.585602+00
1h815cw6th91h74f5h8s2ard7didk6ep	.eJyrVsrJT8_Miy-pLEhVslIqzixILFbSgQqWFuUAxfQTk5PzS_NKivXBsvpKtQD_wxLb:1wiUqe:i4mIAhnVhxQq9I_uxPgLYUM7cSFFy-Kc1F3kkJJUows	2026-07-25 10:22:16.366465+00
f2nuxgexydich8mc8t2vd0w0rf838lrw	.eJyrVsrJT8_Miy-pLEhVslIqzixILFbSgQqWFuUAxfQTk5PzS_NKivXBsvpKtQD_wxLb:1wiVEa:UcBOxwh48qZehfFA-vTvDOyaxMro_jknFvqDWWJDvNg	2026-07-25 10:47:00.061721+00
p394o79e3fuj35s1yzq2jiwklq65svv9	.eJxVjkEOgyAQRe_CulFQxNhl9z0DGWBQWgOG0aSm6d2rxo3b996fzJeNqQ9Rz-uE7M4oTEDsdsIljxsrwdq0xJnKw5ab1rDMg14Isw5uS4SUV2rAvjHuyr0g9qmwKc45mGJPitNS8UwOx8fZXg4MQMO29sqpxnUOKiO6prJS-rrxhteWcxCdxdY7Lw332DjrBVdGYYWiVi2orjXHV4REIUWNnynkld357w-TMVI_:1wiVI5:_WiJQNDq9mkn46g2hQSo9Cj0zcD8hlFwPtaWGmIs6-8	2026-07-25 10:50:37.596362+00
4tg2wykn26k84vzxpwyncbwvnc7xzzmk	.eJyrVsrJT8_Miy-pLEhVslIqzixILFbSgQqWFuUAxfQTk5PzS_NKivXBsvpKtQD_wxLb:1wiVVt:6yUTMDb5PRoKg3BeI4p1L9E_wzBA5kORFUThzAsb1Qg	2026-07-25 11:04:53.725878+00
te69kpszev1w36mx0mgxv7c5gi0sabxx	.eJyrVsrJT8_Miy-pLEhVslIqzixILFbSgQqWFuUAxfQTk5PzS_NKivXBsvpKtQD_wxLb:1wiVWk:jClOV6rap-YxdBesYU4XdkoZotJLX583J48ZL3Y-U2Q	2026-07-25 11:05:46.430595+00
v6jbquc62emokpzyf5qhx8su5yjg6zrk	.eJyrVsrJT8_Miy-pLEhVslIqzixILFbSgQqWFuUAxfQTk5PzS_NKivXBsvpKtQD_wxLb:1wiVcX:TvMcXponlu5KLQtA3uhRodY2ieQ1E7Zoapk1fJtE0Mc	2026-07-25 11:11:45.003018+00
8fapeel4louu8hjpvimmf6o7ytx8qm2x	.eJyrVsrJT8_Miy-pLEhVslIqzixILFbSgQqWFuUAxfQTk5PzS_NKivXBsvpKtQD_wxLb:1wiVek:oxLFXWVDCVg8I0MoPBEK5LJ98dFmPgrNiBXipTqeonY	2026-07-25 11:14:02.145644+00
jsqbsyejcq5hm75niakzsfub1db3p4ll	.eJyrVsrJT8_Miy-pLEhVslIqzixILFbSgQqWFuUAxfQTk5PzS_NKivXBsvpKtQD_wxLb:1wiVmL:aZCNZdvuPFeq_CmCqZKsT2SzjWsaYNZQzct0N_sy51k	2026-07-25 11:21:53.0878+00
rb25ov8qx4nq2hgjnk1hp0o8mjx17r5v	.eJyrVsrJT8_Miy-pLEhVslIqzixILFbSgQqWFuUAxfQTk5PzS_NKivXBsvpKtQD_wxLb:1wiXuy:bZcXNhigEGclDBwyE0Ls9KaqNZXMjk2zNu_NYqk0J3c	2026-07-25 13:38:56.129502+00
28sunfm9ghkjtbwusr413dsc3bsqkjbk	.eJyrVsrJT8_Miy-pLEhVslIqzixILFbSgQqWFuUAxfQTk5PzS_NKivXBsvpKtQD_wxLb:1wiXvl:OpxXnLidL4PppW-CQO5te-oH5EAcVBYg6E6puZCkw2M	2026-07-25 13:39:45.869545+00
ia7l67glck609rgrjj6a6th1b89ikp4w	.eJyrVsrJT8_Miy-pLEhVslIqzixILFbSgQqWFuUAxfQTk5PzS_NKivXBsvpKtQD_wxLb:1wiY1T:TH4w_Qvpuhw9lKdsdiZ76xTu3A8STu1CuO8NopWuh_k	2026-07-25 13:45:39.46896+00
nba3n4fgybrfgc31l5zzpxvdxv52hpwp	.eJyrVsrJT8_Miy-pLEhVslIqzixILFbSgQqWFuUAxfQTk5PzS_NKivXBsvpKtQD_wxLb:1wiYkE:fg-YhNCnZHrTiXjaXmzml--UtvNTeQ1__CNHQkmazss	2026-07-25 14:31:54.376475+00
0ncgnotbeznke11uwu4jxrfkb3ab46hw	.eJxVjkEOgyAQRe_CulFQxNhl9z0DGWBQWgOG0aSm6d2rxo3b996fzJeNqQ9Rz-uE7M4oTEDsdsIljxsrwdq0xJnKw5ab1rDMg14Isw5uS4SUV2rAvjHuyr0g9qmwKc45mGJPitNS8UwOx8fZXg4MQMO29sqpxnUOKiO6prJS-rrxhteWcxCdxdY7Lw332DjrBVdGYYWiVi2orjXHV4REIUWNnynkld357w-TMVI_:1wiZL2:qzcSTkA7QsdI7ItKXpTgoFbSb-BUHO2OBKBLisGv52w	2026-07-25 15:09:56.978995+00
vnfsv0suycja88b71rqi6cb6a0lil3x4	.eJyrVsrJT8_Miy-pLEhVslIqzixILFbSgQqWFuUAxfQTk5PzS_NKivXBsvpKtQD_wxLb:1wiZU9:8nKondbvZN7NESXjXO_5SwDloANK3aV-x5VcuS_Y8Bk	2026-07-25 15:19:21.134155+00
vnp4zwaklb30y6125wzdlykocdt6rd2n	.eJyrVsrJT8_Miy-pLEhVslIqzixILFbSgQqWFuUAxfQTk5PzS_NKivXBsvpKtQD_wxLb:1wiZXm:8ggumNcgumYRfYWB3xBLgbbPn2aOiQ36UIEY9ml58To	2026-07-25 15:23:06.560967+00
jqk02fn7iatu2r9e1e28n9ii1ne59fku	.eJyrVsrJT8_Miy-pLEhVslIqzixILFbSgQqWFuUAxfQTk5PzS_NKivXBsvpKtQD_wxLb:1wiZqM:ZhlixgisNmO-Y1veK5yeFaPZ-8EcGHWJFzvW1J_xrtE	2026-07-25 15:42:18.607401+00
3h7n6qx622ehpt2jl2j0ax3i0dbya9sz	.eJyrVsrJT8_Miy-pLEhVslIqzixILFbSgQqWFuUAxfQTk5PzS_NKivXBsvpKtQD_wxLb:1wia09:BAteqP8gsuTJqL4XnMm2Pe88gsLaeO75j2kfzvg9j3o	2026-07-25 15:52:25.848112+00
\.


--
-- Data for Name: survey_blocklist; Type: TABLE DATA; Schema: public; Owner: survey_user
--

COPY public.survey_blocklist (id, block_type, value, reason, created_at, expires_at) FROM stdin;
\.


--
-- Data for Name: survey_question; Type: TABLE DATA; Schema: public; Owner: survey_user
--

COPY public.survey_question (id, title, description, is_required, "order", options, condition_logic, config, created_at, updated_at, question_type_id, section_id, component_type) FROM stdin;
5003	1. Các yêu cầu ưu tiên		f	0	[]	{}	{"placeholder": ""}	2026-07-11 15:16:08.606802+00	2026-07-11 15:16:08.606821+00	2	175	question
5048	1. Yêu cầu phi chức năng		f	0	["Hiệu năng hệ thống", "Khả năng mở rộng", "Tính sẵn sàng", "An toàn thông tin", "Sao lưu và phục hồi dữ liệu", "Khả năng tích hợp", "Khả năng khai thác trên thiết bị di động", "Khả năng sử dụng", "Khả năng bảo trì", "Khả năng nâng cấp", "Khả năng mở rộng tích hợp", "Khả năng truy cập đa nền tảng(Web/Mobile/Tablet)", "Tính thân thiện giao diện"]	{}	{"data": [["Hiệu năng hệ thống", ""], ["Khả năng mở rộng", ""], ["Tính sẵn sàng", ""], ["An toàn thông tin", ""], ["Sao lưu và phục hồi dữ liệu", ""], ["Khả năng tích hợp", ""], ["Khả năng khai thác trên thiết bị di động", ""], ["Khả năng sử dụng", ""], ["Khả năng bảo trì", ""], ["Khả năng nâng cấp", ""], ["Khả năng mở rộng tích hợp", ""], ["Khả năng truy cập đa nền tảng(Web/Mobile/Tablet)", ""], ["Tính thân thiện giao diện", ""]], "rows": 13, "columns": [{"name": "Nội dung", "type": "text", "options": []}, {"name": "Mức độ ưu tiên", "type": "radio", "options": ["Cao", "TB", "Thấp"]}]}	2026-07-11 15:17:53.839028+00	2026-07-11 15:17:53.839055+00	6	101	question
2446	5. Kiến nghị		f	0	[]	{}	{"placeholder": ""}	2026-07-09 07:03:44.628+00	2026-07-09 07:03:44.628+00	2	76	question
5004	2. Các yêu cầu cần nghiên cứu thêm		f	0	[]	{}	{"placeholder": ""}	2026-07-11 15:16:08.695351+00	2026-07-11 15:16:08.695369+00	2	175	question
5049	1. Các yêu cầu nghiệp vụ ưu tiên		f	0	[]	{}	{"placeholder": ""}	2026-07-11 15:17:54.514816+00	2026-07-11 15:17:54.514868+00	2	102	question
5005	3. Các nội dung có thể kế thừa		f	0	[]	{}	{"placeholder": ""}	2026-07-11 15:16:08.811092+00	2026-07-11 15:16:08.811112+00	2	175	question
5050	2. Các chức năng cần triển khai trước		f	0	[]	{}	{"placeholder": ""}	2026-07-11 15:17:54.643969+00	2026-07-11 15:17:54.643999+00	2	102	question
5006	4. Các nội dung cần đầu tư mới		f	0	[]	{}	{"placeholder": ""}	2026-07-11 15:16:08.91826+00	2026-07-11 15:16:08.91828+00	2	175	question
5051	3. Các yêu cầu cần nghiên cứu, làm rõ them		f	0	[]	{}	{"placeholder": ""}	2026-07-11 15:17:54.764006+00	2026-07-11 15:17:54.764024+00	2	102	question
5007	1. Ma trận ưu tiên triển khai		f	0	["1", "2", "3"]	{}	{"data": [["1", "", "", "", ""], ["2", "", "", "", ""], ["3", "", "", "", ""]], "rows": 3, "columns": [{"name": "STT", "type": "text", "options": []}, {"name": "Nội dung", "type": "text", "options": []}, {"name": "Nguồn", "type": "text", "options": []}, {"name": "Mức độ ưu tiên", "type": "text", "options": []}, {"name": "Giai đoạn", "type": "text", "options": []}]}	2026-07-11 15:16:09.282796+00	2026-07-11 15:16:09.282817+00	6	176	question
5052	1. Kiến nghị ưu tiên triển khai		f	0	["1", "2", "3"]	{}	{"data": [["1", "", ""], ["2", "", ""], ["3", "", ""]], "rows": 3, "columns": [{"name": "STT", "type": "text", "options": []}, {"name": "Nội dung", "type": "text", "options": []}, {"name": "Mức độ ưu tiên", "type": "text", "options": []}]}	2026-07-11 15:17:55.183848+00	2026-07-11 15:17:55.183909+00	6	103	question
5008	Biểu mẫu này là căn cứ tổng hợp và đối chiếu các yêu cầu khảo sát, yêu cầu nghiệp vụ, yêu cầu kỹ thuật và yêu cầu chức năng hệ thống nhằm bảo đảm tính đầy đủ, thống nhất và khả năng truy vết trong quá trình lập Báo cáo kinh tế - kỹ thuật. Đây là cơ sở để:		f	0	[]	{}	{}	2026-07-11 15:16:09.789174+00	2026-07-11 15:16:09.789195+00	9	177	question
5053	Biểu mẫu này tổng hợp các yêu cầu nghiệp vụ, yêu cầu chức năng, yêu cầu kết nối, chia sẻ dữ liệu, yêu cầu báo cáo và yêu cầu kỹ thuật được ghi nhận trong quá trình khảo sát. Đây là căn cứ để xây dựng mô hình TO-BE, tài liệu yêu cầu nghiệp vụ (BRS), các tài liệu phân tích, thiết kế (nếu có) và xác định phạm vi đầu tư của Dự án trong Báo cáo kinh tế - kỹ thuật.		f	0	[]	{}	{}	2026-07-11 15:17:55.590309+00	2026-07-11 15:17:55.590332+00	9	104	question
5009	Xây dựng mô hình hiện trạng (AS-IS); Xây dựng mô hình nghiệp vụ sau đầu tư (TO-BE); Xây dựng tài liệu yêu cầu nghiệp vụ (BRS); Xác định danh mục chức năng của hệ thống; Xác định phạm vi đầu tư, danh mục chức năng, yêu cầu kỹ thuật, phương án triển khai và làm cơ sở xây dựng Báo cáo kinh tế - kỹ thuật của dự án.		f	0	[]	{}	{}	2026-07-11 15:16:09.866682+00	2026-07-11 15:16:09.866694+00	9	177	question
5054	1. Xác nhận các yêu cầu		f	0	["Các yêu cầu trên đã được thống nhất.", "Đề nghị bổ sung thêm sau khảo sát.", "Cần tổ chức cuộc họp chuyên đề.", "Chưa thống nhất, cần tiếp tục khảo sát.", "Không có yêu cầu bổ sung."]	{}	{"options": ["Các yêu cầu trên đã được thống nhất.", "Đề nghị bổ sung thêm sau khảo sát.", "Cần tổ chức cuộc họp chuyên đề.", "Chưa thống nhất, cần tiếp tục khảo sát.", "Không có yêu cầu bổ sung."]}	2026-07-11 15:17:56.018498+00	2026-07-11 15:17:56.018522+00	4	105	question
4994	BM-10. BẢNG TỔNG HỢP YÊU CẦU XÂY DỰNG HỆ THỐNG		f	0	[]	{}	{}	2026-07-11 15:16:04.579516+00	2026-07-11 15:16:04.579536+00	8	178	question
5040	BM-09. PHIẾU KHẢO SÁT YÊU CẦU NGHIỆP VỤ VÀ CHỨC NĂNG HỆ THỐNG		f	0	[]	{}	{}	2026-07-11 15:17:50.95237+00	2026-07-11 15:17:50.952389+00	8	96	question
2191	2. Trung tâm dữ liệu		f	0	[]	{}	{"scale": [{"kind": "radio", "label": "Có", "value": 1}, {"kind": "radio", "label": "Chưa", "value": 2}], "criteria": ["Phòng máy chủ", "Trung tâm dữ liệu (Data Center)", "Điện toán đám mây (Cloud)", "Điện toán đám mây lai (Hybrid Cloud)", "Thuê hạ tầng"], "grid_type": "yesno", "criteria_label": "Nội dung"}	2026-07-09 06:54:33.961+00	2026-07-09 06:54:33.961+00	5	54	question
4995	1. Thông tin chung		f	0	["Dự án", "Đơn vị khảo sát", "Thời gian khảo sát", "Người lập biểu", "Ngày lập"]	{}	{"data": [["Dự án", "Điều tra xã hội học và khảo sát sự hài lòng của người dân, tổ chức đối với sự phục vụ của các cơ quan nhà nước thuộc thành phố Hà Nội"], ["Đơn vị khảo sát", ""], ["Thời gian khảo sát", ""], ["Người lập biểu", ""], ["Ngày lập", ""]], "rows": 5, "columns": [{"name": "Nội dung", "type": "text", "options": []}, {"name": "Thông tin", "type": "text", "options": []}]}	2026-07-11 15:16:04.67009+00	2026-07-11 15:16:04.67011+00	6	178	question
1319	BM-04. PHIẾU KHẢO SÁT DÀNH CHO LÃNH ĐẠO QUẢN LÝ		f	0	[]	{}	{}	2026-07-09 06:24:13.684+00	2026-07-09 06:24:13.684+00	8	35	question
1320	Câu hỏi mới	(Vui lòng điền đầy đủ thông tin, nhằm mục đích khảo sát)	f	0	[]	{}	{"data": [["Đơn vị", ""], ["Họ và tên", ""], ["Chức vụ", ""], ["Lĩnh vực phụ trách", ""], ["Điện thoại", ""], ["Email", ""], ["Ngày khảo sát", ""]], "rows": 7, "columns": [{"name": "Nội dung", "type": "text", "options": []}, {"name": "Thông tin", "type": "text", "options": []}]}	2026-07-09 06:24:13.704+00	2026-07-09 06:24:13.704+00	6	35	question
1321	Hướng dẫn: Đề nghị Quý Ông/Bà đánh giá hiện trạng và nhu cầu quản lý theo thực tế tại đơn vị; các thông tin thu thập chỉ phục vụ việc lập Báo cáo kinh tế - kỹ thuật của Dự án.		f	0	[]	{}	{}	2026-07-09 06:24:13.726+00	2026-07-09 06:24:13.726+00	9	35	question
1322	1. Tổ chức thực hiện		f	0	[]	{}	{"scale": [{"kind": "radio", "label": "Đáp ứng tốt", "value": 1}, {"kind": "radio", "label": "Đáp ứng", "value": 2}, {"kind": "radio", "label": "Chưa đáp ứng", "value": 3}, {"kind": "radio", "label": "Không đánh giá", "value": 4}], "criteria": ["Công tác tổ chức thực hiện điều tra xã hội học", "Công tác tổ chức điều tra xã hội học và khảo sát SIPAS", "Công tác phối hợp giữa các đơn vị", "Công tác chỉ đạo, điều hành và theo dõi kết quả khảo sát"], "grid_type": "yesno", "criteria_label": "Nội dung"}	2026-07-09 06:24:13.83+00	2026-07-09 06:24:13.83+00	5	30	question
1323	2. Quản lý và điều hành		f	0	[]	{}	{"scale": [{"kind": "radio", "label": "Đáp ứng tốt", "value": 1}, {"kind": "radio", "label": "Đáp ứng", "value": 2}, {"kind": "radio", "label": "Chưa đáp ứng", "value": 3}, {"kind": "radio", "label": "Không đánh giá", "value": 4}], "criteria": ["Lập kế hoạch khảo sát", "Theo dõi tiến độ khảo sát", "Quản lý dữ liệu khảo sát", "Khai thác kết quả khảo sát"], "grid_type": "yesno", "criteria_label": "Nội dung"}	2026-07-09 06:24:13.857+00	2026-07-09 06:24:13.857+00	5	30	question
1324	NHU CẦU QUẢN LÝ VÀ ĐIỀU HÀNH		f	0	[]	{}	{"scale": [{"kind": "radio", "label": "Có nhu cầu", "value": 1}, {"kind": "radio", "label": "Chưa cần", "value": 2}], "criteria": ["Theo dõi tiến độ khảo sát", "Dashboard điều hành", "Báo cáo trực tuyến", "Cảnh báo tiến độ", "So sánh kết quả các đơn vị", "Theo dõi kết quả nhiều năm"], "grid_type": "yesno", "criteria_label": "Nội dung"}	2026-07-09 06:24:13.952+00	2026-07-09 06:24:13.952+00	5	39	question
1325	Các nhu cầu xây dựng hệ thống		f	0	[]	{}	{"scale": [{"kind": "radio", "label": "Cần", "value": 1}, {"kind": "radio", "label": "Không cần", "value": 2}], "criteria": ["Dashboard tổng hợp", "Báo cáo điều hành", "Theo dõi tiến độ khảo sát", "Theo dõi kết quả khảo sát theo thời gian thực", "Theo dõi kết quả nhiều năm", "Theo dõi kết quả theo địa bàn", "Theo dõi kết quả theo nhóm đơn vị", "So sánh giữa các đơn vị", "Cảnh báo đơn vị chậm tiến độ", "Cảnh báo chỉ số giảm", "Tổng hợp báo cáo tự động", "Phân tích xu hướng", "Xuất báo cáo", "Phê duyệt báo cáo", "Tích hợp quản lý kết quả khảo sát DDCI trên cùng hệ thống"], "grid_type": "yesno", "criteria_label": "Chức năng"}	2026-07-09 06:24:14.051+00	2026-07-09 06:24:14.051+00	5	40	question
1326	Mức độ ưu tiên		f	0	[]	{}	{"scale": [{"kind": "radio", "label": "Cao", "value": 1}, {"kind": "radio", "label": "Trung bình", "value": 2}, {"kind": "radio", "label": "Thấp", "value": 3}], "criteria": ["Quản lý, điều hành", "Khai thác dữ liệu", "Dashboard điều hành", "Báo cáo quản lý", "Kết nối, chia sẻ dữ liệu", "Hỗ trợ ra quyết định"], "grid_type": "yesno", "criteria_label": "Nội dung"}	2026-07-09 06:24:14.149+00	2026-07-09 06:24:14.149+00	5	41	question
1327	Câu hỏi mới		f	0	[]	{}	{"placeholder": ""}	2026-07-09 06:24:14.253+00	2026-07-09 06:24:14.253+00	2	37	question
1328	Câu hỏi mới		f	0	[]	{}	{"placeholder": ""}	2026-07-09 06:24:14.359+00	2026-07-09 06:24:14.359+00	2	38	question
1641	BM-05. PHIẾU KHẢO SÁT DÀNH CHO CÁN BỘ CHUYÊN MÔN, ĐẦU MỐI THỰC HIỆN NGHIỆP VỤ		f	0	[]	{}	{}	2026-07-09 06:36:00.156+00	2026-07-09 06:36:00.156+00	8	47	question
1642	1. Bảng thông tin chung		f	0	[]	{}	{"data": [["Đơn vị", ""], ["Họ và tên", ""], ["Chức vụ", ""], ["Đơn vị/Bộ phận công tác", ""], ["Nhiệm vụ được giao", ""], ["Điện thoại", ""], ["Email", ""], ["Ngày khảo sát", ""]], "rows": 8, "columns": [{"name": "Nội dung", "type": "text", "options": []}, {"name": "Thông tin", "type": "text", "options": []}]}	2026-07-09 06:36:00.18+00	2026-07-09 06:36:00.18+00	6	47	question
1643	Hướng dẫn: Đề nghị Ông/Bà cung cấp thông tin theo đúng thực tế công tác tại đơn vị; các thông tin thu thập chỉ phục vụ việc khảo sát, phân tích nghiệp vụ và lập Báo cáo kinh tế - kỹ thuật của Dự án.		f	0	[]	{}	{}	2026-07-09 06:36:00.201+00	2026-07-09 06:36:00.201+00	9	47	question
2444	3. Mức độ sẵn sàng triển khai hệ thống		f	0	["Đáp ứng tốt", "Đáp ứng", "Cần nâng cấp", "Cần đầu tư mới"]	{}	{"options": ["Đáp ứng tốt", "Đáp ứng", "Cần nâng cấp", "Cần đầu tư mới"]}	2026-07-09 07:03:44.596+00	2026-07-09 07:03:44.596+00	3	76	question
1644	1. Công tác lập kế hoạch khảo sát		f	0	[]	{}	{"scale": [{"kind": "radio", "label": "Đáp ứng tốt", "value": 1}, {"kind": "radio", "label": "Đáp ứng", "value": 2}, {"kind": "radio", "label": "Chưa đáp ứng", "value": 3}, {"kind": "radio", "label": "Không áp dụng", "value": 4}], "criteria": ["Lập kế hoạch điều tra xã hội học và khảo sát SIPAS", "Xác định đối tượng khảo sát", "Xây dựng lịch khảo sát", "Theo dõi tiến độ thực hiện khảo sát", "Phối hợp với các đơn vị trong quá trình khảo sát"], "grid_type": "yesno", "criteria_label": "Nội dung"}	2026-07-09 06:36:00.372+00	2026-07-09 06:36:00.372+00	5	48	question
1645	2. Quản lý bộ câu hỏi và biểu mẫu		f	0	[]	{}	{"scale": [{"kind": "radio", "label": "Đáp ứng tốt", "value": 1}, {"kind": "radio", "label": "Đáp ứng", "value": 2}, {"kind": "radio", "label": "Chưa đáp ứng", "value": 3}, {"kind": "radio", "label": "Không áp dụng", "value": 4}], "criteria": ["Quản lý bộ câu hỏi khảo sát", "Quản lý biểu mẫu khảo sát", "Cập nhật bộ câu hỏi và biểu mẫu khảo sát", "Quản lý danh mục dùng chung"], "grid_type": "yesno", "criteria_label": "Nội dung"}	2026-07-09 06:36:00.404+00	2026-07-09 06:36:00.404+00	5	48	question
1646	3. Thu thập và quản lý dữ liệu khảo sát		f	0	[]	{}	{"scale": [{"kind": "radio", "label": "Đáp ứng tốt", "value": 1}, {"kind": "radio", "label": "Đáp ứng", "value": 2}, {"kind": "radio", "label": "Chưa đáp ứng", "value": 3}, {"kind": "radio", "label": "Không áp dụng", "value": 4}], "criteria": ["Thu thập thông tin khảo sát", "Kiểm tra, làm sạch và chuẩn hóa dữ liệu", "Quản lý dữ liệu khảo sát"], "grid_type": "yesno", "criteria_label": "Nội dung"}	2026-07-09 06:36:00.432+00	2026-07-09 06:36:00.432+00	5	48	question
1647	4. Tổng hợp và công bố kết quả		f	0	[]	{}	{"scale": [{"kind": "radio", "label": "Đáp ứng tốt", "value": 1}, {"kind": "radio", "label": "Đáp ứng", "value": 2}, {"kind": "radio", "label": "Chưa đáp ứng", "value": 3}, {"kind": "radio", "label": "Không áp dụng", "value": 4}], "criteria": ["Tổng hợp kết quả khảo sát", "Phân tích dữ liệu khảo sát", "Tính toán và tổng hợp các chỉ số đánh giá", "Lập báo cáo kết quả khảo sát"], "grid_type": "yesno", "criteria_label": "Nội dung"}	2026-07-09 06:36:00.462+00	2026-07-09 06:36:00.462+00	5	48	question
1648	1. HIỆN TRẠNG ỨNG DỤNG CÔNG NGHỆ THÔNG TIN TRONG NGHIỆP VỤ		f	0	[]	{}	{"scale": [{"kind": "radio", "label": "Có", "value": 1}, {"kind": "radio", "label": "Chưa", "value": 2}, {"kind": "text", "label": "Ghi chú", "value": 3}], "criteria": ["Sử dụng phần mềm hỗ trợ khảo sát", "Sử dụng biểu mẫu điện tử", "Quản lý dữ liệu trên hệ thống", "Khai thác báo cáo từ hệ thống", "Chia sẻ dữ liệu với đơn vị khác", "Khai thác Dashboard và báo cáo trực quan"], "grid_type": "yesno", "criteria_label": "Nội dung"}	2026-07-09 06:36:00.559+00	2026-07-09 06:36:00.559+00	5	49	question
1649	1. NHU CẦU NGHIỆP VỤ ĐỐI VỚI HỆ THỐNG		f	0	[]	{}	{"scale": [{"kind": "radio", "label": "Cần", "value": 1}, {"kind": "radio", "label": "Không cần", "value": 2}], "criteria": ["Quản lý kế hoạch khảo sát", "Quản lý bộ câu hỏi khảo sát", "Quản lý đối tượng khảo sát", "Quản lý danh sách mẫu khảo sát", "Quản lý hồ sơ, tài liệu khảo sát", "Quản lý tiến độ khảo sát", "Thu thập dữ liệu khảo sát trực tuyến", "Thu thập dữ liệu khảo sát trên thiết bị di động", "Kiểm tra và làm sạch dữ liệu", "Tổng hợp và phân tích dữ liệu", "Quản lý kết quả khảo sát", "Quản lý báo cáo, thống kê và Dashboard", "Tích hợp kết quả khảo sát DDCI", "Kết nối, chia sẻ dữ liệu với các hệ thống dùng chung của Thành phố"], "grid_type": "yesno", "criteria_label": "Chức năng"}	2026-07-09 06:36:00.664+00	2026-07-09 06:36:00.664+00	5	50	question
1650	1. MỨC ĐỘ ƯU TIÊN		f	0	[]	{}	{"scale": [{"kind": "radio", "label": "Cao", "value": 1}, {"kind": "radio", "label": "Trung bình", "value": 2}, {"kind": "radio", "label": "Thấp", "value": 3}], "criteria": ["Chuẩn hóa quy trình nghiệp vụ", "Thu thập và cập nhật dữ liệu", "Quản lý dữ liệu khảo sát", "Báo cáo, thống kê và phân tích", "Tích hợp, chia sẻ dữ liệu", "Tự động hóa quy trình"], "grid_type": "yesno", "criteria_label": "Nội dung"}	2026-07-09 06:36:00.747+00	2026-07-09 06:36:00.748+00	5	45	question
1651	1. KHÓ KHĂN, VƯỚNG MẮC TRONG QUÁ TRÌNH THỰC HIỆN ĐIỀU TRA XÃ HỘI HỌC, KHẢO SÁT SIPAS VÀ KHẢO SÁT DDCI		f	0	[]	{}	{"placeholder": ""}	2026-07-09 06:36:00.826+00	2026-07-09 06:36:00.826+00	2	51	question
1652	1. KIẾN NGHỊ, ĐỀ XUẤT ĐỐI VỚI HỆ THỐNG		f	0	[]	{}	{"placeholder": ""}	2026-07-09 06:36:00.916+00	2026-07-09 06:36:00.916+00	2	52	question
2187	BM-06. PHIẾU KHẢO SÁT DÀNH CHO CÁN BỘ PHỤ TRÁCH CÔNG NGHỆ THÔNG TIN		f	0	[]	{}	{}	2026-07-09 06:54:33.746+00	2026-07-09 06:54:33.746+00	8	53	question
2188	1. thông tin chung		f	0	[]	{}	{"data": [["Đơn vị", ""], ["Họ và tên", ""], ["Chức vụ", ""], ["Đơn vị/Bộ phận công tác", ""], ["Nhiệm vụ được giao", ""], ["Điện thoại", ""], ["Email", ""], ["Ngày khảo sát", ""]], "rows": 8, "columns": [{"name": "Nội dung", "type": "text", "options": []}, {"name": "Thông tin", "type": "text", "options": []}]}	2026-07-09 06:54:33.771+00	2026-07-09 06:54:33.771+00	6	53	question
2189	Hướng dẫn: Đề nghị Ông/Bà cung cấp thông tin theo đúng hiện trạng hạ tầng, hệ thống CNTT, nền tảng số, cơ sở dữ liệu và các hệ thống đang vận hành tại đơn vị. Thông tin chỉ phục vụ khảo sát, phân tích hiện trạng và lập Báo cáo KTKT.		f	0	[]	{}	{}	2026-07-09 06:54:33.797+00	2026-07-09 06:54:33.797+00	9	53	question
2190	1. Hạ tầng kỹ thuật		f	0	[]	{}	{"scale": [{"kind": "radio", "label": "Đáp ứng tốt", "value": 1}, {"kind": "radio", "label": "Đáp ứng", "value": 2}, {"kind": "radio", "label": "Chưa đáp ứng", "value": 3}, {"kind": "radio", "label": "Không áp dụng", "value": 4}], "criteria": ["Hệ thống mạng LAN", "Kết nối Internet", "Mạng không dây (Wifi)", "Thiết bị mạng (Switch/Router)", "Máy tính để bàn", "Máy tính xách tay", "Thiết bị di động", "Máy chủ vật lý", "Máy chủ ảo (Virtual Server)", "Thiết bị lưu trữ", "Thiết bị sao lưu", "UPS", "Thiết bị tường lửa"], "grid_type": "yesno", "criteria_label": "Nội dung"}	2026-07-09 06:54:33.929+00	2026-07-09 06:54:33.93+00	5	54	question
2192	1. HIỆN TRẠNG KIẾN TRÚC HỆ THỐNG		f	0	[]	{}	{"scale": [{"kind": "radio", "label": "Có", "value": 1}, {"kind": "radio", "label": "Chưa", "value": 2}], "criteria": ["Có tài liệu kiến trúc tổng thể CNTT", "Có sơ đồ kiến trúc tổng thể", "Có sơ đồ kiến trúc logic", "Có sơ đồ kiến trúc vật lý", "Có sơ đồ mạng", "Có sơ đồ tích hợp", "Có danh mục hệ thống thông tin đang vận hành"], "grid_type": "yesno", "criteria_label": "Nội dung"}	2026-07-09 06:54:34.059+00	2026-07-09 06:54:34.059+00	5	55	question
2193	1. HIỆN TRẠNG PHẦN MỀM		f	0	[]	{}	{"scale": [{"kind": "radio", "label": "Đáp ứng tốt", "value": 1}, {"kind": "radio", "label": "Đáp ứng", "value": 2}, {"kind": "radio", "label": "Chưa đáp ứng", "value": 3}, {"kind": "radio", "label": "Không áp dụng", "value": 4}], "criteria": ["Phần mềm phục vụ điều tra xã hội học (nếu có)", "Phần mềm phục vụ khảo sát SIPAS (nếu có)", "Phần mềm/Hệ thống khảo sát DDCI (nếu có)", "Phần mềm quản lý văn bản", "Phần mềm Một cửa", "Phần mềm chuyên ngành khác", "Phần mềm thương mại", "Bảng điều khiển (Dashboard)"], "grid_type": "yesno", "criteria_label": "Nội dung"}	2026-07-09 06:54:34.153+00	2026-07-09 06:54:34.153+00	5	56	question
2194	1. HIỆN TRẠNG DỮ LIỆU		f	0	[]	{}	{"scale": [{"kind": "radio", "label": "Đáp ứng tốt", "value": 1}, {"kind": "radio", "label": "Đáp ứng", "value": 2}, {"kind": "radio", "label": "Chưa đáp ứng", "value": 3}, {"kind": "radio", "label": "Không áp dụng", "value": 4}], "criteria": ["Quản lý cơ sở dữ liệu", "Chuẩn hóa dữ liệu", "Siêu dữ liệu (Metadata)", "Danh mục dùng chung", "Đồng bộ dữ liệu", "Sao lưu dữ liệu", "Phục hồi dữ liệu", "Kiểm soát chất lượng dữ liệu"], "grid_type": "yesno", "criteria_label": "Nội dung"}	2026-07-09 06:54:34.245+00	2026-07-09 06:54:34.245+00	5	57	question
2195	1. KẾT NỐI VÀ TÍCH HỢP		f	0	[]	{}	{"scale": [{"kind": "radio", "label": "Có", "value": 1}, {"kind": "radio", "label": "Chưa", "value": 2}], "criteria": ["Kết nối LGSP", "Kết nối NGSP", "API/Web Service", "Chia sẻ dữ liệu với đơn vị khác", "Kết nối CSDL quốc gia (nếu có)", "Kết nối nền tảng số dùng chung của Thành phố", "Đồng bộ dữ liệu tự động"], "grid_type": "yesno", "criteria_label": "Nội dung"}	2026-07-09 06:54:34.343+00	2026-07-09 06:54:34.343+00	5	58	question
2196	1. QUẢN LÝ NGƯỜI DÙNG		f	0	[]	{}	{"scale": [{"kind": "radio", "label": "Có", "value": 1}, {"kind": "radio", "label": "Chưa", "value": 2}], "criteria": ["Quản lý tài khoản", "Phân quyền", "Nhóm quyền", "Đăng nhập một lần (SSO)", "Xác thực đa yếu tố (MFA)", "Chữ ký số"], "grid_type": "yesno", "criteria_label": "Nội dung"}	2026-07-09 06:54:34.447+00	2026-07-09 06:54:34.448+00	5	59	question
2197	1. AN TOÀN THÔNG TIN		f	0	[]	{}	{"scale": [{"kind": "radio", "label": "Có", "value": 1}, {"kind": "radio", "label": "Chưa", "value": 2}], "criteria": ["Tường lửa (Firewall)", "Phần mềm phòng chống mã độc (Antivirus)", "Hệ thống phát hiện/phòng chống xâm nhập (IDS/IPS)", "Mã hóa dữ liệu", "Sao lưu định kỳ", "Khôi phục sau thảm họa (Disaster Recovery)", "Nhật ký hệ thống", "Nhật ký kiểm tra (Audit Log)", "Giám sát truy cập", "Kiểm thử ATTT", "Phân loại dữ liệu"], "grid_type": "yesno", "criteria_label": "Nội dung"}	2026-07-09 06:54:34.561+00	2026-07-09 06:54:34.561+00	5	60	question
2198	1. QUẢN TRỊ VẬN HÀNH		f	0	[]	{}	{"scale": [{"kind": "radio", "label": "Có", "value": 1}, {"kind": "radio", "label": "Chưa", "value": 2}], "criteria": ["Quy trình vận hành", "Quy trình bảo trì", "Quy trình sao lưu", "Quy trình khôi phục", "Giám sát hệ thống", "Cảnh báo sự cố", "Hệ thống tiếp nhận hỗ trợ (Helpdesk)", "Cam kết mức dịch vụ (SLA)", "Quản lý phiên bản phần mềm"], "grid_type": "yesno", "criteria_label": "Nội dung"}	2026-07-09 06:54:34.644+00	2026-07-09 06:54:34.644+00	5	61	question
2199	1. HỒ SƠ KỸ THUẬT		f	0	[]	{}	{"scale": [{"kind": "radio", "label": "Có", "value": 1}, {"kind": "radio", "label": "Chưa", "value": 2}], "criteria": ["Hồ sơ thiết kế", "Tài liệu thiết kế cơ sở dữ liệu", "Tài liệu vận hành hệ thống", "Hồ sơ hướng dẫn sử dụng", "Tài liệu kỹ thuật phần mềm", "Hồ sơ nghiệm thu, bàn giao"], "grid_type": "yesno", "criteria_label": "Nội dung"}	2026-07-09 06:54:34.741+00	2026-07-09 06:54:34.741+00	5	62	question
2200	1. NHU CẦU KỸ THUẬT		f	0	[]	{}	{"scale": [{"kind": "radio", "label": "Cần", "value": 1}, {"kind": "radio", "label": "Không cần", "value": 2}, {"kind": "radio", "label": "Không có ý kiến", "value": 3}], "criteria": ["Quản lý người dùng", "Phân quyền", "Cung cấp API phục vụ tích hợp", "Tích hợp LGSP", "Tích hợp NGSP", "Quản lý dữ liệu tập trung", "Quản lý siêu dữ liệu", "Kho dữ liệu", "Dashboard phục vụ điều hành", "Báo cáo phân tích (BI)", "Sao lưu", "Disaster Recovery", "Giám sát hệ thống", "Nhật ký", "Theo dõi nhật ký kiểm tra", "Mở rộng hệ thống", "Kho dữ liệu dùng chung", "Tra cứu dữ liệu", "Kết nối, khai thác API của hệ thống khác"], "grid_type": "yesno", "criteria_label": "Chức năng"}	2026-07-09 06:54:34.838+00	2026-07-09 06:54:34.838+00	5	63	question
2201	1. NHU CẦU ĐẦU TƯ		f	0	[]	{}	{"scale": [{"kind": "radio", "label": "Cần", "value": 1}, {"kind": "radio", "label": "Không cần", "value": 2}], "criteria": ["Đầu tư mới", "Nâng cấp", "Mở rộng", "Thuê Cloud", "Thuê hạ tầng", "Thuê phần mềm", "Thuê dịch vụ CNTT", "Thuê vận hành", "Thuê bảo trì"], "grid_type": "yesno", "criteria_label": "Nội dung"}	2026-07-09 06:54:34.934+00	2026-07-09 06:54:34.934+00	5	64	question
2202	1. MỨC ĐỘ ƯU TIÊN		f	0	[]	{}	{"scale": [{"kind": "radio", "label": "Cao", "value": 1}, {"kind": "radio", "label": "Trung bình", "value": 2}, {"kind": "radio", "label": "Thấp", "value": 3}], "criteria": ["Hạ tầng", "Kiến trúc", "Dữ liệu", "Phần mềm", "Tích hợp", "An toàn thông tin", "Dashboard", "Quản trị", "Vận hành", "Mở rộng", "Báo cáo"], "grid_type": "yesno", "criteria_label": "Nội dung"}	2026-07-09 06:54:35.04+00	2026-07-09 06:54:35.04+00	5	65	question
2445	4. Khả năng kế thừa		f	0	["Có thể kế thừa phần lớn", "Kế thừa một phần", "Phải xây dựng mới"]	{}	{"options": ["Có thể kế thừa phần lớn", "Kế thừa một phần", "Phải xây dựng mới"]}	2026-07-09 07:03:44.615+00	2026-07-09 07:03:44.615+00	4	76	question
2203	1. Theo Ông/Bà, hiện trạng hạ tầng kỹ thuật và ứng dụng CNTT của đơn vị hiện nay đáp ứng ở mức nào đối với việc triển khai Hệ thống điều tra xã hội học và khảo sát sự hài lòng (SIPAS)?		f	0	["Đáp ứng tốt", "Đáp ứng", "Cần nâng cấp", "Cần đầu tư mới"]	{}	{"options": ["Đáp ứng tốt", "Đáp ứng", "Cần nâng cấp", "Cần đầu tư mới"]}	2026-07-09 06:54:35.155+00	2026-07-09 06:54:35.155+00	4	66	question
2204	1. KHÓ KHĂN, VƯỚNG MẮC TRONG CÔNG TÁC QUẢN LÝ, VẬN HÀNH HỆ THỐNG CÔNG NGHỆ THÔNG TIN		f	0	[]	{}	{"placeholder": ""}	2026-07-09 06:54:35.247+00	2026-07-09 06:54:35.247+00	2	67	question
2205	1. KIẾN NGHỊ, ĐỀ XUẤT ĐỐI VỚI HỆ THỐNG		f	0	[]	{}	{"placeholder": ""}	2026-07-09 06:54:35.336+00	2026-07-09 06:54:35.336+00	2	68	question
2206	1. TÀI LIỆU ĐƠN VỊ CUNG CẤP		f	0	[]	{}	{"scale": [{"kind": "radio", "label": "Có", "value": 1}, {"kind": "radio", "label": "Không", "value": 2}, {"kind": "text", "label": "Ghi chú", "value": 3}], "criteria": ["Sơ đồ mạng", "Danh mục phần mềm", "Danh mục CSDL", "Danh mục máy chủ", "Danh mục thiết bị", "Quy trình vận hành", "Quy trình sao lưu", "Hồ sơ ATTT", "Hồ sơ tích hợp", "Tài liệu kiến trúc hệ thống", "Quy chế bảo đảm ATTT", "Quy chế quản lý, khai thác dữ liệu", "Danh mục API (nếu có)", "Tài liệu hướng dẫn sử dụng", "Tài liệu mô tả các hệ thống thông tin đang sử dụng", "Danh mục các cơ sở dữ liệu dùng chung", "Tài liệu kết nối, chia sẻ dữ liệu (nếu có)"], "grid_type": "yesno", "criteria_label": "Tài liệu"}	2026-07-09 06:54:35.433+00	2026-07-09 06:54:35.433+00	5	69	question
2434	BM-07. BẢNG TỔNG HỢP KẾT QUẢ KHẢO SÁT ĐƠN VỊ		f	0	[]	{}	{}	2026-07-09 07:03:43.948+00	2026-07-09 07:03:43.948+00	8	70	question
2435	1. Thông tin chung		f	0	[]	{}	{"data": [["Đơn vị được khảo sát", ""], ["Địa chỉ", ""], ["Người làm việc chính", ""], ["Chức vụ", ""], ["Ngày khảo sát", ""], ["Thành phần làm việc", ""], ["Người lập", ""]], "rows": 7, "columns": [{"name": "Nội dung", "type": "text", "options": []}, {"name": "Thông tin", "type": "text", "options": []}]}	2026-07-09 07:03:43.967+00	2026-07-09 07:03:43.967+00	6	70	question
2436	1. Kết quả khảo sát hiện trạng nghiệp vụ	(Thang đánh giá: Đáp ứng / Đáp ứng một phần / Chưa đáp ứng.)	f	0	[]	{}	{"data": [["1", "Công tác điều tra xã hội học", "", "", ""], ["2", "Công tác khảo sát SIPAS", "", "", ""], ["3", "Yêu cầu tích hợp DDCI", "", "", ""], ["4", "Quản lý kế hoạch khảo sát", "", "", ""], ["5", "Quản lý bộ câu hỏi", "", "", ""], ["6", "Thu thập thông tin khảo sát", "", "", ""], ["7", "Quản lý dữ liệu khảo sát", "", "", ""], ["8", "Tổng hợp, phân tích kết quả", "", "", ""], ["9", "Báo cáo, thống kê", "", "", ""]], "rows": 9, "columns": [{"name": "STT", "type": "text", "options": []}, {"name": "Nội dung khảo sát", "type": "text", "options": []}, {"name": "Hiện trạng ghi nhận", "type": "text", "options": []}, {"name": "Đánh giá", "type": "text", "options": []}, {"name": "Nhận xét", "type": "text", "options": []}]}	2026-07-09 07:03:44.046+00	2026-07-09 07:03:44.046+00	6	71	question
2437	1. Kết quả khảo sát hiện trạng cntt		f	0	[]	{}	{"data": [["1", "Hạ tầng CNTT", "", "", ""], ["2", "Hệ thống phần mềm", "", "", ""], ["3", "Cơ sở dữ liệu", "", "", ""], ["4", "Kết nối chia sẻ dữ liệu", "", "", ""], ["5", "An toàn thông tin", "", "", ""], ["6", "Quản trị vận hành", "", "", ""], ["7", "Hồ sơ kỹ thuật", "", "", ""], ["8", "Khả năng mở rộng hệ thống", "", "", ""]], "rows": 8, "columns": [{"name": "STT", "type": "text", "options": []}, {"name": "Nội dung", "type": "text", "options": []}, {"name": "Hiện trạng", "type": "text", "options": []}, {"name": "Đánh giá", "type": "text", "options": []}, {"name": "Nhận xét", "type": "text", "options": []}]}	2026-07-09 07:03:44.13+00	2026-07-09 07:03:44.13+00	6	72	question
2438	1. Khó khăn, vướng mắc		f	0	[]	{}	{"data": [["1", "", ""], ["2", "", ""], ["3", "", ""], ["4", "", ""], ["5", "", ""]], "rows": 5, "columns": [{"name": "STT", "type": "text", "options": []}, {"name": "Khó khăn", "type": "text", "options": []}, {"name": "Mức độ ảnh hưởng", "type": "text", "options": []}]}	2026-07-09 07:03:44.203+00	2026-07-09 07:03:44.203+00	6	73	question
2439	1. Nhu cầu nghiệp vụ	(Cao/Trung bình/Thấp)	f	0	[]	{}	{"data": [["1", "", "", ""], ["2", "", "", ""], ["3", "", "", ""], ["4", "", "", ""]], "rows": 4, "columns": [{"name": "STT", "type": "text", "options": []}, {"name": "Nội dung", "type": "text", "options": []}, {"name": "Mức độ ưu tiên", "type": "text", "options": []}, {"name": "Giải pháp đề xuất", "type": "text", "options": []}]}	2026-07-09 07:03:44.273+00	2026-07-09 07:03:44.273+00	6	74	question
2440	2. Nhu cầu CNTT		f	0	[]	{}	{"data": [["1", "", "", ""], ["2", "", "", ""], ["3", "", "", ""], ["4", "", "", ""]], "rows": 4, "columns": [{"name": "STT", "type": "text", "options": []}, {"name": "Nội dung", "type": "text", "options": []}, {"name": "Mức độ ưu tiên", "type": "text", "options": []}, {"name": "Giải pháp đề xuất", "type": "text", "options": []}]}	2026-07-09 07:03:44.375+00	2026-07-09 07:03:44.375+00	6	75	question
2441	1. Yêu cầu đề xuất đối với hệ thống		f	0	[]	{}	{"scale": [{"kind": "radio", "label": "Cần", "value": 1}, {"kind": "radio", "label": "Không cần", "value": 2}, {"kind": "radio", "label": "Mức độ Ưu tiên", "value": 3}], "criteria": ["Quản lý kế hoạch khảo sát", "Quản lý bộ câu hỏi", "Quản lý đối tượng khảo sát", "Thu thập dữ liệu trực tuyến", "Thu thập trên thiết bị di động", "Quản lý dữ liệu khảo sát", "Dashboard điều hành", "Báo cáo thống kê", "Phân tích dữ liệu", "Kết nối LGSP", "Tích hợp DDCI", "Phân quyền", "An toàn thông tin"], "grid_type": "yesno", "criteria_label": "Chức năng"}	2026-07-09 07:03:44.396+00	2026-07-09 07:03:44.396+00	5	75	question
2442	1. Đánh giá hiện trạng nghiệp vụ		f	0	[]	{}	{"placeholder": ""}	2026-07-09 07:03:44.552+00	2026-07-09 07:03:44.552+00	2	76	question
2443	2. Đánh giá hiện trạng CNTT		f	0	[]	{}	{"placeholder": ""}	2026-07-09 07:03:44.574+00	2026-07-09 07:03:44.574+00	2	76	question
2447	Đơn vị đã cung cấp các thông tin, tài liệu phục vụ công tác khảo sát theo phạm vi thực tế; kết quả khảo sát là cơ sở để phân tích hiện trạng (AS-IS), xác định yêu cầu nghiệp vụ, yêu cầu kỹ thuật và đề xuất phương án xây dựng Hệ thống điều tra xã hội học và khảo sát sự hài lòng của người dân, tổ chức đối với sự phục vụ của các cơ quan nhà nước thuộc thành phố Hà Nội trong Báo cáo kinh tế - kỹ thuật.		f	0	[]	{}	{}	2026-07-09 07:03:44.771+00	2026-07-09 07:03:44.771+00	9	77	question
2448	Kết quả khảo sát là cơ sở để thực hiện các nội dung sau:		f	0	[]	{}	{}	2026-07-09 07:03:44.796+00	2026-07-09 07:03:44.796+00	9	77	question
2449	• Xây dựng mô hình AS-IS;\n• Đề xuất mô hình TO-BE;\n• Xác định yêu cầu nghiệp vụ;\n• Xác định yêu cầu kỹ thuật;\n• Xác định phạm vi đầu tư của dự án.		f	0	[]	{}	{}	2026-07-09 07:03:44.823+00	2026-07-09 07:03:44.823+00	9	77	question
2907	NHÓM BIỂU MẪU QUẢN LÝ KHẢO SÁT		f	0	[]	{}	{}	2026-07-09 08:16:32.515+00	2026-07-09 08:16:32.515+00	8	106	question
2908	BM-01: Kế hoạch khảo sát chi tiết		f	0	[]	{}	{"data": [["I", "Khối các đơn vị Sở, ban, ngành", ""], ["II", "Khối UBND xã, phường", ""]], "rows": 2, "columns": [{"name": "STT", "type": "text", "options": []}, {"name": "Tên đơn vị", "type": "text", "options": []}, {"name": "Thời gian khảo sát", "type": "text", "options": []}]}	2026-07-09 08:16:32.544+00	2026-07-09 08:16:32.544+00	6	106	question
2982	1. Thong tin đơn vị		f	0	[]	{}	{"data": [["Đơn vị được khảo sát", ""], ["Địa chỉ", ""], ["Người đầu mối", ""], ["Chức vụ", ""], ["Điện thoại", ""], ["Email", ""], ["Ngày khảo sát", ""]], "rows": 7, "columns": [{"name": "Nội dung", "type": "text", "options": []}, {"name": "Thông tin", "type": "text", "options": []}]}	2026-07-09 08:20:37.904+00	2026-07-09 08:20:37.904+00	6	108	question
2983	1. Nhóm tài liệu pháp lý	(Đánh dấu ☑ vào ô tương ứng và\nghi rõ nội dung tại cột "Ghi chú" nếu cần.)	f	0	[]	{}	{"scale": [{"kind": "radio", "label": "Có", "value": 1}, {"kind": "radio", "label": "Chưa", "value": 2}, {"kind": "text", "label": "Ghi chú", "value": 3}], "criteria": ["Các văn bản quy phạm pháp luật liên quan đến điều tra xã hội học, khảo sát SIPAS", "Các văn bản chỉ đạo của UBND Thành phố", "Quy chế quản lý, vận hành công tác khảo sát", "Các quyết định, quy chế, quy định nội bộ liên quan đến công tác điều tra xã hội học, khảo sát SIPAS và DDCI"], "grid_type": "yesno", "criteria_label": "Tài liệu"}	2026-07-09 08:20:38.122+00	2026-07-09 08:20:38.122+00	5	109	question
2984	2. Nhóm tài liệu nghiệp vụ		f	0	[]	{}	{"scale": [{"kind": "radio", "label": "Có", "value": 1}, {"kind": "radio", "label": "Chưa", "value": 2}, {"kind": "text", "label": "Ghi chú", "value": 3}], "criteria": ["Quy trình tổ chức thực hiện điều tra xã hội học", "Quy trình tổ chức khảo sát SIPAS", "Quy trình khảo sát DDCI (nếu có)", "Quy trình chọn mẫu khảo sát", "Quy trình phát hành phiếu khảo sát", "Quy trình thu thập dữ liệu", "Quy trình tổng hợp dữ liệu", "Quy trình xử lý và phân tích dữ liệu", "Quy trình công bố kết quả khảo sát", "Quy trình kiểm tra, phê duyệt kết quả khảo sát"], "grid_type": "yesno", "criteria_label": "Tài liệu"}	2026-07-09 08:20:38.145+00	2026-07-09 08:20:38.145+00	5	109	question
2985	3. Bộ câu hỏi và biểu mẫu khảo sát		f	0	[]	{}	{"scale": [{"kind": "radio", "label": "Có", "value": 1}, {"kind": "radio", "label": "Chưa", "value": 2}, {"kind": "text", "label": "Ghi chú", "value": 3}], "criteria": ["Bộ câu hỏi khảo sát SIPAS hiện hành", "Bộ câu hỏi khảo sát điện tử", "Phiếu khảo sát giấy", "Phiếu khảo sát điện tử", "Biểu mẫu tổng hợp kết quả khảo sát", "Biểu mẫu báo cáo", "Hướng dẫn thực hiện khảo sát"], "grid_type": "yesno", "criteria_label": "Tài liệu"}	2026-07-09 08:20:38.164+00	2026-07-09 08:20:38.164+00	5	109	question
2986	4. Tài liệu về dữ liệu		f	0	[]	{}	{"scale": [{"kind": "radio", "label": "Có", "value": 1}, {"kind": "radio", "label": "Chưa", "value": 2}, {"kind": "text", "label": "Ghi chú", "value": 3}], "criteria": ["Danh mục đối tượng khảo sát", "Danh mục đơn vị khảo sát", "Danh mục bộ câu hỏi", "Kết quả khảo sát trong 03 năm gần nhất", "Các tệp dữ liệu tổng hợp (Excel/CSV/…)", "Cơ sở dữ liệu khảo sát"], "grid_type": "yesno", "criteria_label": "Tài liệu"}	2026-07-09 08:20:38.188+00	2026-07-09 08:20:38.188+00	5	109	question
2987	5. Hiện trạng hệ thống CNTT		f	0	[]	{}	{"scale": [{"kind": "radio", "label": "Có", "value": 1}, {"kind": "radio", "label": "Chưa", "value": 2}, {"kind": "text", "label": "Ghi chú", "value": 3}], "criteria": ["Danh mục phần mềm đang sử dụng", "Tài liệu hướng dẫn sử dụng", "Tài liệu kỹ thuật", "Kiến trúc hệ thống", "Tài liệu API/Web Service", "Tài liệu tích hợp với các hệ thống khác"], "grid_type": "yesno", "criteria_label": "Tài liệu"}	2026-07-09 08:20:38.214+00	2026-07-09 08:20:38.214+00	5	109	question
2988	6. Hạ tầng kỹ thuật		f	0	[]	{}	{"scale": [{"kind": "radio", "label": "Có", "value": 1}, {"kind": "radio", "label": "Chưa", "value": 2}, {"kind": "text", "label": "Ghi chú", "value": 3}], "criteria": ["Sơ đồ hạ tầng CNTT", "Thông tin máy chủ", "Thông tin cơ sở dữ liệu", "Thông tin mạng và đường truyền", "Thông tin sao lưu dữ liệu", "Thông tin môi trường triển khai", "Tài liệu an toàn thông tin"], "grid_type": "yesno", "criteria_label": "Tài liệu"}	2026-07-09 08:20:38.242+00	2026-07-09 08:20:38.242+00	5	109	question
2989	7. Báo cáo và thống kê		f	0	[]	{}	{"scale": [{"kind": "radio", "label": "Có", "value": 1}, {"kind": "radio", "label": "Chưa", "value": 2}, {"kind": "text", "label": "Ghi chú", "value": 3}], "criteria": ["Báo cáo tổng hợp kết quả khảo sát hằng năm", "Báo cáo chuyên đề", "Báo cáo phục vụ lãnh đạo UBND Thành phố", "Dashboard và màn hình điều hành hiện có", "Các biểu đồ thống kê", "Các báo cáo phục vụ lãnh đạo"], "grid_type": "yesno", "criteria_label": "Tài liệu"}	2026-07-09 08:20:38.267+00	2026-07-09 08:20:38.267+00	5	109	question
2990	1. Dữ liệu điện tử đề nghị cung cấp		f	0	[]	{}	{"scale": [{"kind": "checkbox", "label": "Đề nghị cung cấp", "value": 1}], "criteria": ["Excel", "Word", "PDF", "CSV", "SQL Backup", "API", "Khác"], "grid_type": "checklist", "criteria_label": "Loại dữ liệu"}	2026-07-09 08:20:38.359+00	2026-07-09 08:20:38.359+00	5	110	question
2991	1. Kết quả tiếp nhận tài liệu		f	0	[]	{}	{"data": [["1", "Tổng số đầu mục tài liệu đã tiếp nhận", ""], ["2", "Tài liệu bản giấy", ""], ["3", "Tài liệu điện tử", ""], ["4", "Dữ liệu điện tử bàn giao", ""], ["5", "Danh mục tài liệu cần bổ sung", ""], ["6", "Thời gian dự kiến bổ sung tài liệu", ""]], "rows": 6, "columns": [{"name": "STT", "type": "text", "options": []}, {"name": "Nội dung", "type": "text", "options": []}, {"name": "Kết quả", "type": "checkbox", "options": ["Có", "Không"]}]}	2026-07-09 08:20:38.443+00	2026-07-09 08:20:38.444+00	6	113	question
4996	1. Tổng hợp các yêu cầu nghiệp vụ		t	0	["1", "2", "3", "4", "5", "6", "7", "8", "9", "10", "11", "12", "13"]	{}	{"data": [["1", "Quản lý kế hoạch khảo sát", "BM04/BM05", "", ""], ["2", "Quản lý bộ câu hỏi", "BM04/BM05", "", ""], ["3", "Quản lý đối tượng khảo sát", "BM05", "", ""], ["4", "Thu thập dữ liệu khảo sát", "BM05", "", ""], ["5", "Quản lý dữ liệu khảo sát", "BM05/BM06", "", ""], ["6", "Tổng hợp, phân tích dữ liệu", "BM05/BM09", "", ""], ["7", "Dashboard điều hành", "BM04/BM06", "", ""], ["8", "Quản lý hồ sơ minh chứng", "BM05/BM08/BM09", "", ""], ["9", "Quản lý tài liệu khảo sát", "BM05/BM08/BM09", "", ""], ["10", "Thông báo và nhắc việc", "BM04/BM05/BM09", "", ""], ["11", "Quản lý báo cáo kết quả khảo sát", "BM04/BM05", "", ""], ["12", "Kết nối chia sẻ dữ liệu", "BM06/BM09", "", ""], ["13", "Quản trị hệ thống", "BM06", "", ""]], "rows": 13, "columns": [{"name": "STT", "type": "text", "options": []}, {"name": "Yêu cầu nghiệp vụ", "type": "text", "options": []}, {"name": "Nguồn yêu cầu", "type": "text", "options": []}, {"name": "Mức độ ưu tiên", "type": "radio", "options": ["Cao", "TB", "Thấp"]}, {"name": "Đề xuất xử lý", "type": "text", "options": []}]}	2026-07-11 15:16:05.052736+00	2026-07-11 15:16:05.052756+00	6	179	question
5041	1. Thông tin chung		f	0	["Đơn vị khảo sát", "Đơn vị/Bộ phận", "Người cung cấp thông tin", "Chức vụ", "Điện thoại/Email", "Ngày khảo sát", "Người lập biểu"]	{}	{"data": [["Đơn vị khảo sát", ""], ["Đơn vị/Bộ phận", ""], ["Người cung cấp thông tin", ""], ["Chức vụ", ""], ["Điện thoại/Email", ""], ["Ngày khảo sát", ""], ["Người lập biểu", ""]], "rows": 7, "columns": [{"name": "Nội dung", "type": "text", "options": []}, {"name": "Thông tin", "type": "text", "options": []}]}	2026-07-11 15:17:51.170569+00	2026-07-11 15:17:51.170605+00	6	96	question
4997	1. Tổng hợp yêu cầu chức năng		t	0	["1", "2", "3", "4", "5", "6", "7", "8", "9", "10", "11", "12", "13", "14", "15", "16", "17", "18", "19", "20", "21"]	{}	{"data": [["1", "Quản lý người sử dụng", "", "", ""], ["2", "Quản lý phân quyền", "", "", ""], ["3", "Quản lý kế hoạch khảo sát", "", "", ""], ["4", "Quản lý danh mục khảo sát", "", "", ""], ["5", "Quản lý bộ câu hỏi", "", "", ""], ["6", "Quản lý biểu mẫu", "", "", ""], ["7", "Thu thập khảo sát trực tuyến", "", "", ""], ["8", "Thu thập trên thiết bị di động", "", "", ""], ["9", "Theo dõi tiến độ khảo sát", "", "", ""], ["10", "Quản lý kết quả khảo sát", "", "", ""], ["11", "Dashboard điều hành", "", "", ""], ["12", "Báo cáo thống kê", "", "", ""], ["13", "Quản lý hồ sơ minh chứng", "", "", ""], ["14", "Quản lý tài liệu khảo sát", "", "", ""], ["15", "Thông báo, nhắc việc", "", "", ""], ["16", "Tra cứu dữ liệu", "", "", ""], ["17", "Quản trị danh mục dùng chung", "", "", ""], ["18", "Quản trị cấu hình", "", "", ""], ["19", "Quản trị nhật ký hệ thống", "", "", ""], ["20", "Quản trị sao lưu và phục hồi", "", "", ""], ["21", "Quản lý tích hợp hệ thống", "", "", ""]], "rows": 21, "columns": [{"name": "STT", "type": "text", "options": []}, {"name": "Chức năng", "type": "text", "options": []}, {"name": "Có yêu cầu", "type": "radio", "options": ["Có"]}, {"name": "Mức độ ưu tiên", "type": "radio", "options": ["Cao", "TB", "Thấp"]}, {"name": "Ghi chú", "type": "text", "options": []}]}	2026-07-11 15:16:05.465749+00	2026-07-11 15:16:05.465768+00	6	180	question
5042	2. Yêu cầu nghiệp vụ		t	0	["1", "2", "3", "4", "5", "6", "7", "8", "9", "10", "11", "12", "13"]	{}	{"data": [["1", "Quản lý kế hoạch điều tra xã hội học", "", "", ""], ["2", "Quản lý kế hoạch khảo sát SIPAS", "", "", ""], ["3", "Quản lý danh mục khảo sát", "", "", ""], ["4", "Quản lý bộ câu hỏi khảo sát", "", "", ""], ["5", "Quản lý biểu mẫu khảo sát", "", "", ""], ["6", "Quản lý đối tượng khảo sát", "", "", ""], ["7", "Quản lý danh sách mẫu khảo sát", "", "", ""], ["8", "Quản lý hồ sơ khảo sát", "", "", ""], ["9", "Theo dõi tiến độ khảo sát", "", "", ""], ["10", "Quản lý kết quả khảo sát", "", "", ""], ["11", "Tổng hợp và tính toán chỉ số", "", "", ""], ["12", "Báo cáo thống kê", "", "", ""], ["13", "Bảng điều khiển (Dashboard)", "", "", ""]], "rows": 13, "columns": [{"name": "STT", "type": "text", "options": []}, {"name": "Yêu cầu nghiệp vụ", "type": "text", "options": []}, {"name": "Hiện trạng/Ghi nhận", "type": "text", "options": []}, {"name": "Mức độ cần thiết", "type": "radio", "options": ["Cao", "TB", "Thấp"]}, {"name": "Ghi chú", "type": "text", "options": []}]}	2026-07-11 15:17:51.637403+00	2026-07-11 15:17:51.637423+00	6	97	question
4998	1. Tổng hợp yêu cầu dữ liệu		t	0	["1", "2", "3", "4", "5", "6", "7", "8", "9"]	{}	{"data": [["1", "CSDL khảo sát", "", ""], ["2", "Chuẩn hóa dữ liệu", "", ""], ["3", "Metadata", "", ""], ["4", "Kho dữ liệu", "", ""], ["5", "Đồng bộ dữ liệu", "", ""], ["6", "Lưu trữ lịch sử", "", ""], ["7", "Tra cứu dữ liệu", "", ""], ["8", "Làm sạch dữ liệu", "", ""], ["9", "Chuẩn hóa mã định danh và danh mục dùng chung", "", ""]], "rows": 9, "columns": [{"name": "STT", "type": "text", "options": []}, {"name": "Nội dung", "type": "text", "options": []}, {"name": "Hiện trạng", "type": "text", "options": []}, {"name": "Đề xuất", "type": "text", "options": []}]}	2026-07-11 15:16:05.844863+00	2026-07-11 15:16:05.844913+00	6	181	question
5043	3. Yêu cầu chức năng hệ thống		f	0	["1", "2", "3", "4", "5", "6", "7", "8", "9", "10", "11", "12", "13", "14", "15", "16", "17", "18", "19", "20", "21", "22", "23", "24", "25", "26"]	{}	{"data": [["1", "Quản lý người sử dụng", "", "", ""], ["2", "Quản lý phân quyền", "", "", ""], ["3", "Quản lý kế hoạch khảo sát", "", "", ""], ["4", "Quản lý danh mục khảo sát", "", "", ""], ["5", "Quản lý bộ câu hỏi", "", "", ""], ["6", "Quản lý biểu mẫu", "", "", ""], ["7", "Quản lý đối tượng khảo sát", "", "", ""], ["8", "Quản lý danh sách mẫu khảo sát", "", "", ""], ["9", "Thu thập khảo sát trực tuyến", "", "", ""], ["10", "Thu thập khảo sát trên thiết bị di động", "", "", ""], ["11", "Kiểm tra dữ liệu", "", "", ""], ["12", "Làm sạch dữ liệu", "", "", ""], ["13", "Tổng hợp kết quả", "", "", ""], ["14", "Phân tích dữ liệu", "", "", ""], ["15", "Quản lý báo cáo", "", "", ""], ["16", "Dashboard điều hành", "", "", ""], ["17", "Quản lý hồ sơ khảo sát", "", "", ""], ["18", "Quản lý tài liệu khảo sát", "", "", ""], ["19", "Quản lý danh mục dùng chung", "", "", ""], ["20", "Theo dõi tiến độ khảo sát", "", "", ""], ["21", "Quản lý nhật ký", "", "", ""], ["22", "Quản lý cấu hình", "", "", ""], ["23", "Quản lý tham số hệ thống", "", "", ""], ["24", "Quản lý thông báo và nhắc việc", "", "", ""], ["25", "Quản lý thông báo hệ thống", "", "", ""], ["26", "Quản lý danh mục địa bàn, đơn vị hành chính", "", "", ""]], "rows": 26, "columns": [{"name": "STT", "type": "text", "options": []}, {"name": "Chức năng", "type": "text", "options": []}, {"name": "Cần", "type": "radio", "options": ["Có"]}, {"name": "Không cần", "type": "radio", "options": [" Tích chọn"]}, {"name": "Ưu tiên", "type": "radio", "options": ["Cao", "TB", "Thấp"]}]}	2026-07-11 15:17:52.059867+00	2026-07-11 15:17:52.059886+00	6	98	question
4999	1. Tổng hợp yêu cầu kết nối		t	0	["Nền tảng tích hợp chia sẻ dữ liệu cấp tỉnh (LGSP)", "NGSP", "API/Web Service", "CSDL dùng chung Thành phố", "Một cửa điện tử", "Quản lý văn bản", "Hệ thống báo cáo", "Hệ thống định danh và xác thực tập trung (SSO)"]	{}	{"scale": [{"kind": "radio", "label": "Có nhu cầu", "value": 1}, {"kind": "text", "label": "Ghi chú", "value": 2}], "criteria": ["Nền tảng tích hợp chia sẻ dữ liệu cấp tỉnh (LGSP)", "NGSP", "API/Web Service", "CSDL dùng chung Thành phố", "Một cửa điện tử", "Quản lý văn bản", "Hệ thống báo cáo", "Hệ thống định danh và xác thực tập trung (SSO)"], "grid_type": "checklist", "criteria_label": "Hệ thống"}	2026-07-11 15:16:06.215848+00	2026-07-11 15:16:06.215867+00	5	171	question
5044	1. Yêu cầu về dữ liệu		f	0	["1", "2", "3", "4", "5", "6", "7", "8", "9"]	{}	{"data": [["1", "Quản lý CSDL khảo sát", "", ""], ["2", "Chuẩn hóa dữ liệu", "", ""], ["3", "Danh mục dùng chung", "", ""], ["4", "Quản lý siêu dữ liệu (Metadata)", "", ""], ["5", "Đồng bộ dữ liệu", "", ""], ["6", "Lưu trữ dữ liệu lịch sử", "", ""], ["7", "Làm sạch dữ liệu", "", ""], ["8", "Kho dữ liệu khảo sát", "", ""], ["9", "Tra cứu dữ liệu", "", ""]], "rows": 9, "columns": [{"name": "STT", "type": "text", "options": []}, {"name": "Nội dung", "type": "text", "options": []}, {"name": "Cần", "type": "text", "options": []}, {"name": "Không cần", "type": "text", "options": []}]}	2026-07-11 15:17:52.562381+00	2026-07-11 15:17:52.562393+00	6	99	question
5000	1. Tổng hợp yêu cầu hạ tầng		t	0	["1", "2", "3", "4", "5", "6", "7", "8", "9", "10", "11", "12", "13", "14"]	{}	{"data": [["1", "Máy chủ", "", ""], ["2", "Lưu trữ", "", ""], ["3", "Cloud", "", ""], ["4", "Đường truyền", "", ""], ["5", "Firewall", "", ""], ["6", "Backup", "", ""], ["7", "Disaster Recovery", "", ""], ["8", "Thiết bị bảo mật", "", ""], ["9", "Thiết bị cân bằng tải", "", ""], ["10", "Giám sát hạ tầng", "", ""], ["11", "Thiết bị lưu trữ NAS/SAN", "", ""], ["12", "UPS", "", ""], ["13", "Thiết bị mạng", "", ""], ["14", "Máy chủ ảo hóa", "", ""]], "rows": 14, "columns": [{"name": "STT", "type": "text", "options": []}, {"name": "Nội dung", "type": "text", "options": []}, {"name": "Hiện trạng", "type": "text", "options": []}, {"name": "Đề xuất", "type": "text", "options": []}]}	2026-07-11 15:16:06.603784+00	2026-07-11 15:16:06.603803+00	6	172	question
5045	1. Yêu cầu kết nối, chia sẻ dữ liệu		f	0	["Kết nối LGSP", "Kết nối NGSP", "API/Web Service", "Kết nối CSDL dùng chung Thành phố", "Kết nối các CSDL quốc gia (nếu có nhu cầu)", "Tích hợp kết quả khảo sát DDCI", "Đồng bộ dữ liệu tự động", "Kết nối Hệ thống quản lý văn bản", "Kết nối Một cửa điện tử", "Kết nối hệ thống định danh và xác thực tập trung (nếu có)", "Kết nối Hệ thống thông tin báo cáo của Thành phố (nếu có)"]	{}	{"scale": [{"kind": "radio", "label": "Cần", "value": 1}, {"kind": "radio", "label": "Không cần", "value": 2}, {"kind": "text", "label": "Ghi chú", "value": 3}], "criteria": ["Kết nối LGSP", "Kết nối NGSP", "API/Web Service", "Kết nối CSDL dùng chung Thành phố", "Kết nối các CSDL quốc gia (nếu có nhu cầu)", "Tích hợp kết quả khảo sát DDCI", "Đồng bộ dữ liệu tự động", "Kết nối Hệ thống quản lý văn bản", "Kết nối Một cửa điện tử", "Kết nối hệ thống định danh và xác thực tập trung (nếu có)", "Kết nối Hệ thống thông tin báo cáo của Thành phố (nếu có)"], "grid_type": "yesno", "criteria_label": "Yêu cầu"}	2026-07-11 15:17:53.147136+00	2026-07-11 15:17:53.147155+00	5	100	question
5001	1. Tổng hợp yêu cầu an toàn thông tin		t	0	["1", "2", "3", "4", "5", "6", "7", "8", "9", "10"]	{}	{"data": [["1", "Quản lý tài khoản", "", ""], ["2", "Phân quyền", "", ""], ["3", "MFA", "", ""], ["4", "Audit Log", "", ""], ["5", "Backup", "", ""], ["6", "Mã hóa dữ liệu", "", ""], ["7", "Giám sát ATTT", "", ""], ["8", "Phân loại dữ liệu", "", ""], ["9", "Quản lý nhật ký truy cập", "", ""], ["10", "Đánh giá cấp độ ATTT", "", ""]], "rows": 10, "columns": [{"name": "STT", "type": "text", "options": []}, {"name": "Nội dung", "type": "text", "options": []}, {"name": "Hiện trạng", "type": "text", "options": []}, {"name": "Đề xuất", "type": "text", "options": []}]}	2026-07-11 15:16:06.985518+00	2026-07-11 15:16:06.985588+00	6	173	question
5046	VI. YÊU CẦU VỀ BÁO CÁO, THỐNG KÊ		f	0	[]	{}	{}	2026-07-11 15:17:53.272232+00	2026-07-11 15:17:53.272284+00	8	100	question
4521	1. Thông tin chung		f	0	[]	{}	{"data": [["Đơn vị cung cấp tài liệu", ""], ["Địa chỉ", ""], ["Người cung cấp", ""], ["Chức vụ", ""], ["Điện thoại", ""], ["Email", ""], ["Ngày tiếp nhận", ""], ["Người tiếp nhận", ""]], "rows": 8, "columns": [{"name": "Nội dung", "type": "text", "options": []}, {"name": "Thông tin", "type": "text", "options": []}]}	2026-07-10 16:15:20.787+00	2026-07-10 16:15:20.787+00	6	86	question
4522	1. Danh mục tài liệu tiếp nhận	-       \nĐịnh\ndạng: Word, Excel, PDF, PowerPoint, JPG, PNG,...  -       \nHình\nthức cung cấp: Bản giấy/Bản điện tử/Email/USB/Hệ thống dùng chung.  -       \nTình\ntrạng: Đầy đủ/Chưa đầy đủ/Cần bổ sung.	f	0	[]	{}	{"data": [["1", "", "", "", "", "", ""], ["2", "", "", "", "", "", ""], ["3", "", "", "", "", "", ""], ["4", "", "", "", "", "", ""], ["5", "", "", "", "", "", ""], ["6", "", "", "", "", "", ""], ["7", "", "", "", "", "", ""], ["8", "", "", "", "", "", ""], ["9", "", "", "", "", "", ""], ["10", "", "", "", "", "", ""]], "rows": 10, "columns": [{"name": "STT", "type": "text", "options": []}, {"name": "Tên tài liệu/Hồ sơ", "type": "text", "options": []}, {"name": "Định dạng", "type": "text", "options": []}, {"name": "Số lượng", "type": "text", "options": []}, {"name": "Hình thức cung cấp", "type": "text", "options": []}, {"name": "Tình trạng", "type": "text", "options": []}, {"name": "Ghi chú", "type": "text", "options": []}]}	2026-07-10 16:15:20.878+00	2026-07-10 16:15:20.878+00	6	87	question
4523	1. Danh mục dữ liệu tiếp nhận		f	0	[]	{}	{"data": [["1", "", "", "", "", ""], ["2", "", "", "", "", ""], ["3", "", "", "", "", ""], ["4", "", "", "", "", ""], ["5", "", "", "", "", ""], ["6", "", "", "", "", ""]], "rows": 6, "columns": [{"name": "STT", "type": "text", "options": []}, {"name": "Tên dữ liệu", "type": "text", "options": []}, {"name": "Mô tả", "type": "text", "options": []}, {"name": "Định dạng", "type": "text", "options": []}, {"name": "Quy mô dữ liệu", "type": "text", "options": []}, {"name": "Ghi chú", "type": "text", "options": []}]}	2026-07-10 16:15:20.942+00	2026-07-10 16:15:20.942+00	6	88	question
4524	1. Danh mục hệ thống thông tin liên quan		f	0	[]	{}	{"data": [["1", "", "", "", "", ""], ["2", "", "", "", "", ""], ["3", "", "", "", "", ""], ["4", "", "", "", "", ""], ["5", "", "", "", "", ""]], "rows": 5, "columns": [{"name": "STT", "type": "text", "options": []}, {"name": "Tên hệ thống", "type": "text", "options": []}, {"name": "Đơn vị quản lý", "type": "text", "options": []}, {"name": "Mục đích sử dụng", "type": "text", "options": []}, {"name": "Khả năng kết nối, tích hợp", "type": "text", "options": []}, {"name": "Ghi chú", "type": "text", "options": []}]}	2026-07-10 16:15:21.024+00	2026-07-10 16:15:21.024+00	6	89	question
4525	1. Danh mục cơ sở dữ liệu		f	0	[]	{}	{"data": [["1", "", "", "", ""], ["2", "", "", "", ""], ["3", "", "", "", ""], ["4", "", "", "", ""]], "rows": 4, "columns": [{"name": "STT", "type": "text", "options": []}, {"name": "Tên CSDL", "type": "text", "options": []}, {"name": "Đơn vị quản lý", "type": "text", "options": []}, {"name": "Loại CSDL", "type": "text", "options": []}, {"name": "Ghi chú", "type": "text", "options": []}]}	2026-07-10 16:15:21.136+00	2026-07-10 16:15:21.136+00	6	90	question
4526	1. Danh mục hồ sơ kỹ thuật		f	0	[]	{}	{"scale": [{"kind": "radio", "label": "Có", "value": 1}, {"kind": "radio", "label": "Không", "value": 2}, {"kind": "text", "label": "Ghi chú", "value": 3}], "criteria": ["Kiến trúc hệ thống", "Sơ đồ mạng", "Thiết kế cơ sở dữ liệu", "Danh mục phần mềm", "Danh mục máy chủ", "Danh mục thiết bị", "Danh mục API/Web Service", "Tài liệu tích hợp", "Quy trình vận hành", "Quy trình sao lưu dữ liệu", "Quy chế bảo đảm an toàn thông tin", "Tài liệu hướng dẫn sử dụng", "Biểu mẫu nghiệp vụ", "Báo cáo thống kê", "Danh mục dịch vụ API", "Quy chế quản trị dữ liệu", "Danh mục báo cáo hiện có"], "grid_type": "yesno", "criteria_label": "Hồ sơ"}	2026-07-10 16:15:21.247+00	2026-07-10 16:15:21.247+00	5	91	question
4527	1. Đánh giá mức độ đầy đủ của tài liệu		f	0	[]	{}	{"data": [["Hồ sơ nghiệp vụ", ""], ["Hồ sơ CNTT", ""], ["Hồ sơ dữ liệu", ""], ["Hồ sơ tích hợp", ""], ["Hồ sơ an toàn thông tin", ""]], "rows": 5, "columns": [{"name": "Nội dung", "type": "text", "options": []}, {"name": "Đánh giá", "type": "checkbox", "options": ["Đầy đủ", "Chưa đầy đủ", "Không áp dụng"]}]}	2026-07-10 16:15:21.323+00	2026-07-10 16:15:21.323+00	6	92	question
4528	1. Tài liệu cần bổ sung		f	0	[]	{}	{"data": [["1", "", "", "", ""], ["2", "", "", "", ""], ["3", "", "", "", ""], ["4", "", "", "", ""], ["5", "", "", "", ""]], "rows": 5, "columns": [{"name": "STT", "type": "text", "options": []}, {"name": "Tài liệu cần bổ sung", "type": "text", "options": []}, {"name": "Đơn vị cung cấp", "type": "text", "options": []}, {"name": "Người phụ trách", "type": "text", "options": []}, {"name": "Thời hạn", "type": "text", "options": []}]}	2026-07-10 16:15:21.417+00	2026-07-10 16:15:21.417+00	6	93	question
4529	Đơn vị đã cung cấp các tài liệu, hồ sơ và dữ liệu theo phạm vi khảo sát tại thời điểm khảo sát. Các tài liệu tiếp nhận là cơ sở phục vụ phân tích hiện trạng, đánh giá khả năng kế thừa, xác định yêu cầu nghiệp vụ, yêu cầu kỹ thuật và xây dựng Báo cáo kinh tế - kỹ thuật của dự án.		f	0	[]	{}	{}	2026-07-10 16:15:21.545+00	2026-07-10 16:15:21.545+00	9	94	question
4530	Trường hợp một số tài liệu chưa được cung cấp đầy đủ, đơn vị sẽ bổ sung theo danh mục tại Mục VIII để phục vụ quá trình hoàn thiện hồ sơ.		f	0	[]	{}	{}	2026-07-10 16:15:21.569+00	2026-07-10 16:15:21.569+00	9	94	question
5002	1. Phân loại yêu cầu đầu tư		t	0	["Hạ tầng CNTT", "Hệ thống phần mềm", "CSDL", "Tích hợp", "Dashboard", "Báo cáo", "Hệ thống tích hợp", "An toàn bảo mật thông tin"]	{}	{"scale": [{"kind": "radio", "label": "Kế thừa", "value": 1}, {"kind": "radio", "label": "Nâng cấp", "value": 2}, {"kind": "radio", "label": "Đầu tư mới", "value": 3}, {"kind": "radio", "label": "Không đầu tư", "value": 4}, {"kind": "text", "label": "Lý do", "value": 5}], "criteria": ["Hạ tầng CNTT", "Hệ thống phần mềm", "CSDL", "Tích hợp", "Dashboard", "Báo cáo", "Hệ thống tích hợp", "An toàn bảo mật thông tin"], "grid_type": "yesno", "criteria_label": "Nội dung"}	2026-07-11 15:16:07.921068+00	2026-07-11 15:16:07.921091+00	5	174	question
5047	1. Yêu cầu về báo cáo, thống kê		f	0	["Báo cáo tổng hợp khảo sát", "Báo cáo theo đơn vị", "Báo cáo theo địa bàn", "Báo cáo theo thời gian", "Báo cáo so sánh nhiều năm", "Dashboard tổng hợp", "Dashboard chi tiết", "Dashboard điều hành", "Biểu đồ trực quan", "Xuất Excel/PDF/Word", "Xuất dữ liệu mở"]	{}	{"scale": [{"kind": "radio", "label": "Cần", "value": 1}, {"kind": "radio", "label": "Không cần", "value": 2}], "criteria": ["Báo cáo tổng hợp khảo sát", "Báo cáo theo đơn vị", "Báo cáo theo địa bàn", "Báo cáo theo thời gian", "Báo cáo so sánh nhiều năm", "Dashboard tổng hợp", "Dashboard chi tiết", "Dashboard điều hành", "Biểu đồ trực quan", "Xuất Excel/PDF/Word", "Xuất dữ liệu mở"], "grid_type": "yesno", "criteria_label": "Báo cáo"}	2026-07-11 15:17:53.397788+00	2026-07-11 15:17:53.397813+00	5	100	question
\.


--
-- Data for Name: survey_questiontype; Type: TABLE DATA; Schema: public; Owner: survey_user
--

COPY public.survey_questiontype (id, name, code, icon, has_options, has_validation, created_at) FROM stdin;
1	Văn bản ngắn	short-text	minus	f	f	2026-07-09 05:33:19.627+00
2	Văn bản dài	long-text	text	f	f	2026-07-09 05:33:19.631+00
3	Một lựa chọn	single-choice	circle-dot	t	f	2026-07-09 05:33:19.634+00
4	Nhiều lựa chọn	multi-choice	check-square	t	f	2026-07-09 05:33:19.637+00
5	Lưới đánh giá	rating-grid	grid-3x3	t	f	2026-07-09 05:33:19.639+00
6	Bảng dữ liệu	data-table	table	f	f	2026-07-09 05:33:19.641+00
7	Thông tin cá nhân	personal-info	user	f	f	2026-07-09 05:33:19.643+00
8	Tiêu đề	title	type	f	f	2026-07-09 05:33:19.645+00
9	Đoạn văn	paragraph	align-left	f	f	2026-07-09 05:33:19.648+00
10	Phần mới	section-break	layout	f	f	2026-07-09 05:33:19.653+00
\.


--
-- Data for Name: survey_response; Type: TABLE DATA; Schema: public; Owner: survey_user
--

COPY public.survey_response (id, respondent_ip, respondent_device_id, respondent_email, user_agent, started_at, submitted_at, time_taken, answers, is_verified, verification_token, is_cleaned, is_duplicate, created_at, user_id, survey_id, section_progress, status) FROM stdin;
1	127.0.0.1	\N	\N	Mozilla/5.0 (Windows NT 10.0; Win64; x64) AppleWebKit/537.36 (KHTML, like Gecko) Chrome/150.0.0.0 Safari/537.36 Edg/150.0.0.0	2026-07-09 06:21:04.609+00	\N	30	{"1257": [["", "", "", "", "", "", ""]], "1259": {"data": [[null, null, null, null, null], [null, null, null, null, null], [null, null, null, null, null], [null, null, null, null, null]], "type": "grid"}, "1260": {"data": [[null, null, null, null, null], [null, null, null, null, null], [null, null, null, null, null], [null, null, null, null, null]], "type": "grid"}, "1262": {"data": [[null, null, null], [null, null, null], [null, null, null], [null, null, null], [null, null, null], [null, null, null]], "type": "grid"}, "1264": {"data": [[null, null, null], [null, null, null], [null, null, null], [null, null, null], [null, null, null], [null, null, null], [null, null, null], [null, null, null], [null, null, null], [null, null, null], [null, null, null], [null, null, null], [null, null, null], [null, null, null], [null, null, null]], "type": "grid"}, "1266": {"data": [[null, null, null, null], [null, null, null, null], [null, null, null, null], [null, null, null, null], [null, null, null, null], [null, null, null, null]], "type": "grid"}}	f	\N	f	f	2026-07-09 06:21:04.61+00	147	16	{"sec_mrd3lxb1_4sre5": 0, "sec_mrd3mk79_mf9ln": 100, "sec_mrd3y4v6_12wu0": 0, "sec_mrd3y4v6_1oowr": 0}	draft
2	127.0.0.1	\N	\N	Mozilla/5.0 (Windows NT 10.0; Win64; x64) AppleWebKit/537.36 (KHTML, like Gecko) Chrome/150.0.0.0 Safari/537.36 Edg/150.0.0.0	2026-07-09 08:39:08.099+00	\N	30	{"2435": [["", "", "", "", "", "", ""]], "2436": [["", "", "", "", "", "", "", "", ""]], "2437": [["", "", "", "", "", "", "", ""]], "2438": [["", "", "", "", ""]], "2439": [["", "", "", ""]], "2440": [["", "", "", ""]], "2441": {"data": [[null, null, null, null], [null, null, null, null], [null, null, null, null], [null, null, null, null], [null, null, null, null], [null, null, null, null], [null, null, null, null], [null, null, null, null], [null, null, null, null], [null, null, null, null], [null, null, null, null], [null, null, null, null], [null, null, null, null]], "type": "grid"}}	f	\N	f	f	2026-07-09 08:39:08.099+00	1	19	{"sec_mrd5p4ay_3aj1d": 100, "sec_mrd5prgj_7sqyz": 100, "sec_mrd5qell_6cxnd": 100, "sec_mrd5qell_ejhot": 100, "sec_mrd5qell_wwlyz": 100, "sec_mrd5sc1j_9kkon": 0, "sec_mrd5sc1j_bdrd5": 0, "sec_mrd5sc1j_upqkj": 50}	draft
3	127.0.0.1	\N	\N	Mozilla/5.0 (Windows NT 10.0; Win64; x64) AppleWebKit/537.36 (KHTML, like Gecko) Chrome/150.0.0.0 Safari/537.36 Edg/150.0.0.0	2026-07-09 08:41:23.162+00	\N	0	{}	f	\N	f	f	2026-07-09 08:41:23.162+00	1	22	{}	draft
9	127.0.0.1	\N	\N	Mozilla/5.0 (Windows NT 10.0; Win64; x64) AppleWebKit/537.36 (KHTML, like Gecko) Chrome/150.0.0.0 Safari/537.36 Edg/150.0.0.0	2026-07-10 13:49:11.872+00	\N	11	{"3944": [["Điều tra xã hội học và khảo sát sự hài lòng của người dân, tổ chức đối với sự phục vụ của các cơ quan nhà nước thuộc thành phố Hà Nội", "", "", "", ""]], "3945": [["", "", "", "", "", "", "", "", "", "", "", "", ""]], "3946": [["", "", "", "", "", "", "", "", "", "", "", "", "", "", "", "", "", "", "", "", ""]], "3947": [["", "", "", "", "", "", "", "", ""]], "3948": {"data": [[null, null, null], [null, null, null], [null, null, null], [null, null, null], [null, null, null], [null, null, null], [null, null, null], [null, null, null]], "type": "grid"}, "3949": [["", "", "", "", "", "", "", "", "", "", "", "", "", ""]], "3950": [["", "", "", "", "", "", "", "", "", ""]], "3951": {"data": [[null, null, null, null, null, null], [null, null, null, null, null, null], [null, null, null, null, null, null], [null, null, null, null, null, null], [null, null, null, null, null, null], [null, null, null, null, null, null], [null, null, null, null, null, null], [null, null, null, null, null, null]], "type": "grid"}, "3956": [["", "", ""]]}	f	\N	f	f	2026-07-10 13:49:11.872+00	147	22	{"sec_mrd8qe3f_0tgy1": 0, "sec_mrd8qe3g_huq15": 0, "sec_mrd8qe3g_pid68": 0, "sec_mrd8qe3g_vssku": 0, "sec_mrd8qe3g_y1frv": 0, "sec_mrd8qz0l_3yt2h": 0, "sec_mrd8qz0l_bdsjb": 0, "sec_mrd8qz0l_foazz": 0, "sec_mrd8qz0l_glqw3": 0, "sec_mrd8qz0l_jwj32": 0, "sec_mrd8qz0l_yh07a": 0}	draft
10	127.0.0.1	\N	\N	Mozilla/5.0 (Windows NT 10.0; Win64; x64) AppleWebKit/537.36 (KHTML, like Gecko) Chrome/150.0.0.0 Safari/537.36 Edg/150.0.0.0	2026-07-10 14:05:37.918+00	\N	51	{"4199": [["Điều tra xã hội học và khảo sát sự hài lòng của người dân, tổ chức đối với sự phục vụ của các cơ quan nhà nước thuộc thành phố Hà Nội", "12", "12", "12", "12"]], "4200": {"data": [[null, "1", null]], "type": "grid"}, "4201": [["", "", "", "", "", "", "", "", "", "", "", "", "", "", "", "", "", "", "", "", ""]], "4202": [["", "", "", "", "", "", "", "", ""]], "4203": {"data": [[null, null, null], [null, null, null], [null, null, null], [null, null, null], [null, null, null], [null, null, null], [null, null, null], [null, null, null]], "type": "grid"}, "4204": [["", "", "", "", "", "", "", "", "", "", "", "", "", ""]], "4205": [["", "", "", "", "", "", "", "", "", ""]], "4206": {"data": [[null, null, null, null, null, null, null], [null, null, null, null, null, null, null], [null, null, null, null, null, null, null], [null, null, null, null, null, null, null], [null, null, null, null, null, null, null], [null, null, null, null, null, null, null], [null, null, null, null, null, null, null], [null, null, null, null, null, null, null]], "type": "grid"}, "4211": [["", "", ""]]}	f	\N	f	f	2026-07-10 14:05:37.918+00	147	22	{"sec_mrd8qe3f_0tgy1": 100, "sec_mrd8qe3g_huq15": 0, "sec_mrd8qe3g_pid68": 100, "sec_mrd8qe3g_vssku": 0, "sec_mrd8qe3g_y1frv": 100, "sec_mrd8qz0l_3yt2h": 0, "sec_mrd8qz0l_bdsjb": 0, "sec_mrd8qz0l_foazz": 0, "sec_mrd8qz0l_glqw3": 0, "sec_mrd8qz0l_jwj32": 0, "sec_mrd8qz0l_yh07a": 0}	draft
11	127.0.0.1	\N	\N	Mozilla/5.0 (Windows NT 10.0; Win64; x64) AppleWebKit/537.36 (KHTML, like Gecko) Chrome/150.0.0.0 Safari/537.36 Edg/150.0.0.0	2026-07-10 14:08:23.392+00	\N	6	{"4199": [["Điều tra xã hội học và khảo sát sự hài lòng của người dân, tổ chức đối với sự phục vụ của các cơ quan nhà nước thuộc thành phố Hà Nội", "", "", "", ""]], "4200": {"data": [[null, "1", null]], "type": "grid"}, "4201": [["", "", "", "", "", "", "", "", "", "", "", "", "", "", "", "", "", "", "", "", ""]], "4202": [["", "", "", "", "", "", "", "", ""]], "4203": {"data": [[null, null, null], [null, null, null], [null, null, null], [null, null, null], [null, null, null], [null, null, null], [null, null, null], [null, null, null]], "type": "grid"}, "4204": [["", "", "", "", "", "", "", "", "", "", "", "", "", ""]], "4205": [["", "", "", "", "", "", "", "", "", ""]], "4206": {"data": [[null, null, null, null, null, null, null], [null, null, null, null, null, null, null], [null, null, null, null, null, null, null], [null, null, null, null, null, null, null], [null, null, null, null, null, null, null], [null, null, null, null, null, null, null], [null, null, null, null, null, null, null], [null, null, null, null, null, null, null]], "type": "grid"}, "4211": [["", "", ""]]}	f	\N	f	f	2026-07-10 14:08:23.392+00	147	22	{"sec_mrd8qe3f_0tgy1": 0, "sec_mrd8qe3g_huq15": 0, "sec_mrd8qe3g_pid68": 0, "sec_mrd8qe3g_vssku": 0, "sec_mrd8qe3g_y1frv": 100, "sec_mrd8qz0l_3yt2h": 0, "sec_mrd8qz0l_bdsjb": 0, "sec_mrd8qz0l_foazz": 0, "sec_mrd8qz0l_glqw3": 0, "sec_mrd8qz0l_jwj32": 0, "sec_mrd8qz0l_yh07a": 0}	draft
12	127.0.0.1	\N	\N	Mozilla/5.0 (Windows NT 10.0; Win64; x64) AppleWebKit/537.36 (KHTML, like Gecko) Chrome/150.0.0.0 Safari/537.36 Edg/150.0.0.0	2026-07-10 14:29:43.28+00	2026-07-10 14:31:53.671+00	132	{"4332": [["Điều tra xã hội học và khảo sát sự hài lòng của người dân, tổ chức đối với sự phục vụ của các cơ quan nhà nước thuộc thành phố Hà Nội", "Chưa biết", "Chưa biết", "Chịu", "Chịu"]], "4334": [["Không biết", "Không biết", "Không biết", "Không biết", "", "Không biết", "Không biết", "", "", "", "", "", "Không biết"]], "4336": [["Không biết", "", "", "Không biết", "", "", "", "", "Không biết", "", "", "", "", "Không biết", "", "", "", "", "", "Không biết", ""]], "4338": [["", "Không biết", "", "Không biết", "", "", "Không biết ??", "", ""]], "4340": {"data": [[null, "1", "Không biết"], [null, "1", "Không biết"], [null, "1", "Không biết"], [null, "1", "Không biết"], [null, "1", null], [null, "1", "Không biết"], [null, "1", "Không biết"], [null, "1", "Không biết"]], "type": "grid"}, "4342": [["", "", "Không biết", "", "", "", "", "", "", "Không biết", "", "", "", ""]], "4344": [["", "", "Không biết", "", "", "", "", "", "Không biết", ""]], "4346": {"data": [[null, "1", null, null, null, null], [null, null, "2", null, null, null], [null, null, null, "3", null, null], [null, null, null, null, "4", null], [null, null, null, "3", null, null], [null, null, "2", null, null, null], [null, "1", null, null, null, null], [null, null, "2", null, null, null]], "type": "grid"}, "4353": [["s", "", ""]], "4357": [["sv", "sv"]]}	f	\N	f	f	2026-07-10 14:29:43.28+00	147	22	{"main": 100}	draft
13	127.0.0.1	\N	\N	Mozilla/5.0 (Linux; Android 15; Pixel 9) AppleWebKit/537.36 (KHTML, like Gecko) Chrome/150.0.0.0 Mobile Safari/537.36	2026-07-10 14:35:51.485+00	\N	30	{"2435": [["", "", "", "", "", "", ""]], "2436": [["", "", "", "", "", "", "", "", ""]], "2437": [["", "", "", "", "", "", "", ""]], "2438": [["", "", "", "", ""]], "2439": [["", "", "", ""]], "2440": [["", "", "", ""]], "2441": {"data": [[null, null, null, null], [null, null, null, null], [null, null, null, null], [null, null, null, null], [null, null, null, null], [null, null, null, null], [null, null, null, null], [null, null, null, null], [null, null, null, null], [null, null, null, null], [null, null, null, null], [null, null, null, null], [null, null, null, null]], "type": "grid"}}	f	\N	f	f	2026-07-10 14:35:51.485+00	147	19	{"sec_mrd5p4ay_3aj1d": 0, "sec_mrd5prgj_7sqyz": 0, "sec_mrd5qell_6cxnd": 0, "sec_mrd5qell_ejhot": 0, "sec_mrd5qell_wwlyz": 0, "sec_mrd5sc1j_9kkon": 0, "sec_mrd5sc1j_bdrd5": 0, "sec_mrd5sc1j_upqkj": 0}	draft
14	\N	\N	\N	Mozilla/5.0 (Windows NT 10.0; Win64; x64) AppleWebKit/537.36 (KHTML, like Gecko) Chrome/150.0.0.0 Safari/537.36 Edg/150.0.0.0	2026-07-11 14:05:45.548744+00	\N	0	{}	f	\N	f	f	2026-07-11 14:05:45.548909+00	147	19	{}	draft
15	\N	\N	\N	Mozilla/5.0 (Windows NT 10.0; Win64; x64) AppleWebKit/537.36 (KHTML, like Gecko) Chrome/150.0.0.0 Safari/537.36 Edg/150.0.0.0	2026-07-11 14:05:45.866672+00	\N	0	{}	f	\N	f	f	2026-07-11 14:05:45.866759+00	\N	19	{}	draft
\.


--
-- Data for Name: survey_section; Type: TABLE DATA; Schema: public; Owner: survey_user
--

COPY public.survey_section (id, code, title, description, icon, "order", created_at, updated_at, survey_id) FROM stdin;
30	sec_mrd3lxb1_4sre5	II. ĐÁNH GIÁ HIỆN TRẠNG	Đánh dấu ☑\nvào ô tương ứng		1	2026-07-09 06:00:55.424+00	2026-07-09 06:24:13.744+00	16
35	sec_mrd3mk79_mf9ln	I. THÔNG TIN CHUNG			0	2026-07-09 06:05:25.06+00	2026-07-09 06:24:13.563+00	16
37	sec_mrd3y4v6_1oowr	VI. KHÓ KHĂN, VƯỚNG MẮC TRONG CÔNG TÁC QUẢN LÝ, ĐIỀU HÀNH			5	2026-07-09 06:10:25.95+00	2026-07-09 06:24:14.171+00	16
38	sec_mrd3y4v6_12wu0	VII. KIẾN NGHỊ, ĐỀ XUẤT ĐỐI VỚI HỆ THỐNG			6	2026-07-09 06:10:25.999+00	2026-07-09 06:24:14.281+00	16
39	sec_mrd4dtgl_a57uj	III. NHU CẦU QUẢN LÝ VÀ ĐIỀU HÀNH	Mô tả phần...		2	2026-07-09 06:22:37.257+00	2026-07-09 06:24:13.878+00	16
40	sec_mrd4dtgl_kpp08	IV. NHU CẦU XÂY DỰNG HỆ THỐNG	Mô tả phần...		3	2026-07-09 06:22:37.313+00	2026-07-09 06:24:13.978+00	16
41	sec_mrd4dtgl_qprnt	V. MỨC ĐỘ ƯU TIÊN	Mô tả phần...		4	2026-07-09 06:22:37.365+00	2026-07-09 06:24:14.079+00	16
45	sec_mrd4pof1_5zpng	V. MỨC ĐỘ ƯU TIÊN	Mô tả phần...		4	2026-07-09 06:31:50.107+00	2026-07-09 06:36:00.683+00	17
47	sec_mrd4q93x_hx301	I. THÔNG TIN CHUNG	Mô tả phần...		0	2026-07-09 06:32:16.958+00	2026-07-09 06:36:00.028+00	17
48	sec_mrd4q93x_osn2f	II. HIỆN TRẠNG THỰC HIỆN NGHIỆP VỤ	Mô tả phần...		1	2026-07-09 06:32:17.069+00	2026-07-09 06:36:00.22+00	17
49	sec_mrd4q93x_nhy01	III. HIỆN TRẠNG ỨNG DỤNG CÔNG NGHỆ THÔNG TIN TRONG NGHIỆP VỤ	Mô tả phần...		2	2026-07-09 06:32:17.196+00	2026-07-09 06:36:00.488+00	17
50	sec_mrd4q93x_dv4pa	IV. NHU CẦU NGHIỆP VỤ ĐỐI VỚI HỆ THỐNG	Mô tả phần...		3	2026-07-09 06:32:17.254+00	2026-07-09 06:36:00.588+00	17
51	sec_mrd4ty1p_o1mrs	VI.\nKHÓ KHĂN, VƯỚNG MẮC TRONG QUÁ\nTRÌNH THỰC HIỆN ĐIỀU TRA XÃ HỘI HỌC, KHẢO SÁT SIPAS VÀ KHẢO SÁT DDCI	VI.\nKHÓ KHĂN, VƯỚNG MẮC TRONG QUÁ\nTRÌNH THỰC HIỆN ĐIỀU TRA XÃ HỘI HỌC, KHẢO SÁT SIPAS VÀ KHẢO SÁT DDCI		5	2026-07-09 06:35:21.117+00	2026-07-09 06:36:00.767+00	17
52	sec_mrd4tycl_9vajl	VII.\nKIẾN NGHỊ, ĐỀ XUẤT ĐỐI VỚI HỆ\nTHỐNG	VII.\nKIẾN NGHỊ, ĐỀ XUẤT ĐỐI VỚI HỆ\nTHỐNG		6	2026-07-09 06:35:21.143+00	2026-07-09 06:36:00.85+00	17
53	sec_mrd51u8k_s7xvx	I.THÔNG TIN CHUNG	Mô tả phần...		0	2026-07-09 06:41:17.43+00	2026-07-09 06:54:33.63+00	18
54	sec_mrd52i20_bxs8q	II. HIỆN TRẠNG HẠ TẦNG CNTT	Mô tả phần...		1	2026-07-09 06:41:49.732+00	2026-07-09 06:54:33.821+00	18
55	sec_mrd589py_n4ccb	III. HIỆN TRẠNG KIẾN TRÚC HỆ THỐNG	Mô tả phần...		2	2026-07-09 06:46:18.722+00	2026-07-09 06:54:33.984+00	18
56	sec_mrd58wv7_h9r0m	IV. HIỆN TRẠNG PHẦN MỀM	Mô tả phần...		3	2026-07-09 06:46:49.038+00	2026-07-09 06:54:34.081+00	18
57	sec_mrd5h8uk_znbx8	V. HIỆN TRẠNG DỮ LIỆU	Mô tả phần...		4	2026-07-09 06:53:17.529+00	2026-07-09 06:54:34.174+00	18
58	sec_mrd5h8uk_zlvj1	VI. KẾT NỐI VÀ TÍCH HỢP	Mô tả phần...		5	2026-07-09 06:53:17.574+00	2026-07-09 06:54:34.268+00	18
59	sec_mrd5h8uk_83ljt	VII. QUẢN LÝ NGƯỜI DÙNG	Mô tả phần...		6	2026-07-09 06:53:17.623+00	2026-07-09 06:54:34.377+00	18
60	sec_mrd5h8uk_q8t9f	VIII. AN TOÀN THÔNG TIN	Mô tả phần...		7	2026-07-09 06:53:17.672+00	2026-07-09 06:54:34.469+00	18
61	sec_mrd5h8uk_lb1ld	IX. QUẢN TRỊ VẬN HÀNH	Mô tả phần...		8	2026-07-09 06:53:17.721+00	2026-07-09 06:54:34.583+00	18
62	sec_mrd5hvzu_sb784	X. HỒ SƠ KỸ THUẬT	Mô tả phần...		9	2026-07-09 06:53:47.619+00	2026-07-09 06:54:34.663+00	18
63	sec_mrd5hvzv_7jcz3	XI. NHU CẦU KỸ THUẬT	Mô tả phần...		10	2026-07-09 06:53:47.683+00	2026-07-09 06:54:34.767+00	18
64	sec_mrd5hvzv_a4wue	XII. NHU CẦU ĐẦU TƯ	Mô tả phần...		11	2026-07-09 06:53:47.731+00	2026-07-09 06:54:34.862+00	18
65	sec_mrd5hvzv_ae5ra	XIII. MỨC ĐỘ ƯU TIÊN	Mô tả phần...		12	2026-07-09 06:53:47.779+00	2026-07-09 06:54:34.959+00	18
66	sec_mrd5hvzv_ztdcy	XIV. ĐÁNH GIÁ CHUNG	Mô tả phần...		13	2026-07-09 06:53:47.822+00	2026-07-09 06:54:35.071+00	18
67	sec_mrd5hvzv_vsvm8	XV. KHÓ KHĂN, VƯỚNG MẮC TRONG CÔNG TÁC QUẢN LÝ, VẬN HÀNH HỆ THỐNG CÔNG NGHỆ THÔNG TIN	Mô tả phần...		14	2026-07-09 06:53:47.87+00	2026-07-09 06:54:35.176+00	18
68	sec_mrd5ij53_lxnd3	XVI. KIẾN NGHỊ, ĐỀ XUẤT ĐỐI VỚI HỆ THỐNG	Mô tả phần...		15	2026-07-09 06:54:18.17+00	2026-07-09 06:54:35.272+00	18
69	sec_mrd5ij53_k401z	XVII. TÀI LIỆU ĐƠN VỊ CUNG CẤP	Mô tả phần...		16	2026-07-09 06:54:18.222+00	2026-07-09 06:54:35.362+00	18
70	sec_mrd5p4ay_3aj1d	I. THÔNG TIN CHUNG	Mô tả phần...		0	2026-07-09 06:59:23.593+00	2026-07-09 07:03:43.873+00	19
71	sec_mrd5prgj_7sqyz	II. KẾT QUẢ KHẢO SÁT HIỆN TRẠNG NGHIỆP VỤ	Mô tả phần...		1	2026-07-09 06:59:54.318+00	2026-07-09 07:03:43.984+00	19
72	sec_mrd5qell_ejhot	III. KẾT QUẢ KHẢO SÁT HIỆN TRẠNG CNTT	Mô tả phần...		2	2026-07-09 07:00:24.344+00	2026-07-09 07:03:44.065+00	19
73	sec_mrd5qell_6cxnd	IV. KHÓ KHĂN, VƯỚNG MẮC	Mô tả phần...		3	2026-07-09 07:00:24.386+00	2026-07-09 07:03:44.147+00	19
74	sec_mrd5qell_wwlyz	V. NHU CẦU CỦA ĐƠN VỊ	Mô tả phần...		4	2026-07-09 07:00:24.441+00	2026-07-09 07:03:44.22+00	19
75	sec_mrd5sc1j_upqkj	VI. YÊU CẦU ĐỀ XUẤT ĐỐI VỚI HỆ THỐNG	Mô tả phần...		5	2026-07-09 07:01:54.525+00	2026-07-09 07:03:44.293+00	19
76	sec_mrd5sc1j_bdrd5	VII. ĐÁNH GIÁ CỦA ĐOÀN KHẢO SÁT	Mô tả phần...		6	2026-07-09 07:01:54.585+00	2026-07-09 07:03:44.414+00	19
77	sec_mrd5sc1j_9kkon	VIII. KẾT LUẬN	Mô tả phần...		7	2026-07-09 07:01:54.721+00	2026-07-09 07:03:44.65+00	19
86	sec_mrd81wmu_0jswl	I. THÔNG TIN CHUNG	Mô tả phần...		0	2026-07-09 08:05:19.474+00	2026-07-10 16:15:20.7+00	20
87	sec_mrd81wmu_30sgb	II. DANH MỤC TÀI LIỆU TIẾP NHẬN	Mô tả phần...		1	2026-07-09 08:05:19.53+00	2026-07-10 16:15:20.817+00	20
88	sec_mrd81wmu_mj8dx	III. DANH MỤC DỮ LIỆU TIẾP NHẬN	Mô tả phần...		2	2026-07-09 08:05:19.584+00	2026-07-10 16:15:20.892+00	20
89	sec_mrd81wmu_9hh1f	IV. DANH MỤC HỆ THỐNG THÔNG TIN LIÊN QUAN	Mô tả phần...		3	2026-07-09 08:05:19.644+00	2026-07-10 16:15:20.955+00	20
90	sec_mrd81wmu_fm0nw	V. DANH MỤC CƠ SỞ DỮ LIỆU	Mô tả phần...		4	2026-07-09 08:05:19.695+00	2026-07-10 16:15:21.053+00	20
91	sec_mrd81wmu_ofv9g	VI. DANH MỤC HỒ SƠ KỸ THUẬT	Mô tả phần...		5	2026-07-09 08:05:19.758+00	2026-07-10 16:15:21.161+00	20
92	sec_mrd82js8_n03dg	VII. ĐÁNH GIÁ MỨC ĐỘ ĐẦY ĐỦ CỦA TÀI LIỆU	Mô tả phần...		6	2026-07-09 08:05:50.246+00	2026-07-10 16:15:21.265+00	20
93	sec_mrd82js8_u2nuv	VIII. TÀI LIỆU CẦN BỔ SUNG	Mô tả phần...		7	2026-07-09 08:05:50.288+00	2026-07-10 16:15:21.345+00	20
94	sec_mrd82wx8_ys6sh	IX.\nKẾT LUẬN	IX.\nKẾT LUẬN		8	2026-07-09 08:06:20.91+00	2026-07-10 16:15:21.44+00	20
106	main	Phần main			0	2026-07-09 08:16:23.01+00	2026-07-09 08:16:32.407+00	13
108	sec_mrd8izin_dipqb	I. THÔNG TIN ĐƠN VỊ	Mô tả phần...		0	2026-07-09 08:18:36.372+00	2026-07-09 08:20:37.823+00	14
109	sec_mrd8izin_gwucs	II. DANH MỤC TÀI LIỆU ĐỀ NGHỊ CUNG CẤP	Mô tả phần...		1	2026-07-09 08:18:36.45+00	2026-07-09 08:20:37.927+00	14
110	sec_mrd8jmo0_i3jdb	III. DỮ LIỆU ĐIỆN TỬ ĐỀ NGHỊ CUNG CẤP	Mô tả phần...		2	2026-07-09 08:19:07.077+00	2026-07-09 08:20:38.293+00	14
113	sec_mrd8lfp0_iozvi	IV. KẾT QUẢ TIẾP NHẬN TÀI LIỆU	IV. KẾT QUẢ TIẾP NHẬN TÀI LIỆU		3	2026-07-09 08:20:36.979+00	2026-07-09 08:20:38.379+00	14
96	sec_mrd8b91s_lt38n	I. THÔNG TIN CHUNG	Mô tả phần...		0	2026-07-09 08:12:35.478+00	2026-07-11 15:17:50.592216+00	21
97	sec_mrd8b91s_6w42v	II. YÊU CẦU NGHIỆP VỤ	Mô tả phần...		1	2026-07-09 08:12:35.543+00	2026-07-11 15:17:51.262684+00	21
98	sec_mrd8b91s_uidqk	III. YÊU CẦU CHỨC NĂNG HỆ THỐNG	Mô tả phần...		2	2026-07-09 08:12:35.592+00	2026-07-11 15:17:51.743006+00	21
99	sec_mrd8b91s_myjiw	IV. YÊU CẦU VỀ DỮ LIỆU	Mô tả phần...		3	2026-07-09 08:12:35.643+00	2026-07-11 15:17:52.173752+00	21
178	sec_mrgi99qs_nktl6	I. THÔNG TIN CHUNG	Mô tả phần...		0	2026-07-11 15:14:18.222488+00	2026-07-11 15:16:04.202492+00	22
179	sec_mrgi99qs_qchj8	II. TỔNG HỢP CÁC YÊU CẦU NGHIỆP VỤ	Mô tả phần...		1	2026-07-11 15:14:18.503845+00	2026-07-11 15:16:04.786397+00	22
180	sec_mrgi99qs_z1f2n	III. TỔNG HỢP YÊU CẦU CHỨC NĂNG	Mô tả phần...		2	2026-07-11 15:14:18.686081+00	2026-07-11 15:16:05.170067+00	22
181	sec_mrgi99qs_20mll	IV. TỔNG HỢP YÊU CẦU DỮ LIỆU	Mô tả phần...		3	2026-07-11 15:14:18.867778+00	2026-07-11 15:16:05.552431+00	22
171	sec_mrgi8z55_dnk7b	V. TỔNG HỢP YÊU CẦU KẾT NỐI	Mô tả phần...		4	2026-07-11 15:14:04.395264+00	2026-07-11 15:16:05.92943+00	22
172	sec_mrgi8z55_14pvq	VI. TỔNG HỢP YÊU CẦU HẠ TẦNG	Mô tả phần...		5	2026-07-11 15:14:05.365077+00	2026-07-11 15:16:06.301237+00	22
173	sec_mrgi8z55_m03o5	VII. TỔNG HỢP YÊU CẦU AN TOÀN THÔNG TIN	Mô tả phần...		6	2026-07-11 15:14:05.521698+00	2026-07-11 15:16:06.714636+00	22
174	sec_mrgi8z55_cdwts	VIII. PHÂN LOẠI YÊU CẦU ĐẦU TƯ	Mô tả phần...		7	2026-07-11 15:14:05.691636+00	2026-07-11 15:16:07.337308+00	22
175	sec_mrgi8z55_f9d80	IX. ĐÁNH GIÁ VÀ ĐỀ XUẤT CỦA ĐOÀN KHẢO SÁT	Mô tả phần...		8	2026-07-11 15:14:05.877124+00	2026-07-11 15:16:08.007085+00	22
176	sec_mrgi8z55_wvjge	X. MA TRẬN ƯU TIÊN TRIỂN KHAI	Mô tả phần...		9	2026-07-11 15:14:06.334666+00	2026-07-11 15:16:09.004032+00	22
177	sec_mrgi8z55_dp91f	XI. KẾT LUẬN	Mô tả phần...		10	2026-07-11 15:14:06.515562+00	2026-07-11 15:16:09.369912+00	22
100	sec_mrd8bulo_2woxu	V. YÊU CẦU KẾT NỐI, CHIA SẺ DỮ LIỆU	Mô tả phần...		4	2026-07-09 08:13:04.141+00	2026-07-11 15:17:52.65218+00	21
101	sec_mrd8bulo_210ie	VII. YÊU CẦU PHI CHỨC NĂNG	Mô tả phần...		5	2026-07-09 08:13:04.243+00	2026-07-11 15:17:53.49575+00	21
102	sec_mrd8bulo_w8efh	VIII. ĐÁNH GIÁ VÀ KIẾN NGHỊ	Mô tả phần...		6	2026-07-09 08:13:04.294+00	2026-07-11 15:17:53.972159+00	21
103	sec_mrd8bulo_rqbbl	IX. KIẾN NGHỊ ƯU TIÊN TRIỂN KHAI	Mô tả phần...		7	2026-07-09 08:13:04.419+00	2026-07-11 15:17:54.867869+00	21
104	sec_mrd8bulo_frqyl	X. KẾT LUẬN	Mô tả phần...		8	2026-07-09 08:13:04.482+00	2026-07-11 15:17:55.28562+00	21
105	sec_mrd8bulo_djttb	XI. XÁC NHẬN YÊU CẦU	Mô tả phần...		9	2026-07-09 08:13:04.537+00	2026-07-11 15:17:55.680507+00	21
\.


--
-- Data for Name: survey_survey; Type: TABLE DATA; Schema: public; Owner: survey_user
--

COPY public.survey_survey (id, title, slug, description, start_date, end_date, allow_after_deadline, status, target_groups, settings, created_at, updated_at, category_id, code) FROM stdin;
13	Kế hoạch khảo sát chi tiết	ke-hoach-khao-sat-chi-tiet		2026-07-09 05:54:00+00	2026-08-08 05:54:00+00	f	active	[]	{}	2026-07-09 05:54:52.239+00	2026-07-09 08:32:23.867+00	1	SIPAS-BM-01
14	Danh mục tài liệu đề nghị cung cấp phục vụ khảo sát	danh-muc-tai-lieu-e-nghi-cung-cap-phuc-vu-khao-sat		2026-07-09 05:55:00+00	2026-08-08 05:55:00+00	f	active	[]	{}	2026-07-09 05:55:09.046+00	2026-07-09 08:32:21.435+00	1	SIPAS-BM-02
15	Biên bản khảo sát hiện trạng	bien-ban-khao-sat-hien-trang		2026-07-09 05:55:00+00	2026-08-08 05:55:00+00	f	active	[]	{}	2026-07-09 05:55:20.621+00	2026-07-09 08:32:18.396+00	1	SIPAS-BM-03
16	PHIẾU KHẢO SÁT DÀNH CHO LÃNH ĐẠO QUẢN LÝ	phieu-khao-sat-danh-cho-lanh-ao-quan-ly		2026-07-09 05:55:00+00	2026-08-08 05:55:00+00	f	active	[]	{}	2026-07-09 05:55:44.284+00	2026-07-09 08:32:14.865+00	1	SIPAS-BM-04
17	PHIẾU KHẢO SÁT DÀNH CHO CÁN BỘ CHUYÊN MÔN, ĐẦU MỐI THỰC HIỆN NGHIỆP VỤ	phieu-khao-sat-danh-cho-can-bo-chuyen-mon-au-moi-thuc-hien-nghiep-vu		2026-07-09 05:56:00+00	2026-08-08 05:56:00+00	f	active	[]	{}	2026-07-09 05:56:08.998+00	2026-07-09 08:32:09.46+00	1	SIPAS-BM-05
18	PHIẾU KHẢO SÁT DÀNH CHO CÁN BỘ PHỤ TRÁCH CÔNG NGHỆ THÔNG TIN	phieu-khao-sat-danh-cho-can-bo-phu-trach-cong-nghe-thong-tin		2026-07-09 05:56:00+00	2026-08-08 05:56:00+00	f	active	[]	{}	2026-07-09 05:56:17.9+00	2026-07-09 08:32:06.81+00	1	SIPAS-BM-06
19	BẢNG TỔNG HỢP KẾT QUẢ KHẢO SÁT ĐƠN VỊ	bang-tong-hop-ket-qua-khao-sat-on-vi		2026-07-09 05:56:00+00	2026-08-08 05:56:00+00	f	active	[]	{}	2026-07-09 05:56:31.75+00	2026-07-09 08:32:04.275+00	1	SIPAS-BM-07
20	DANH MỤC TÀI LIỆU, HỒ SƠ VÀ DỮ LIỆU TIẾP NHẬN	danh-muc-tai-lieu-ho-so-va-du-lieu-tiep-nhan		2026-07-09 05:56:00+00	2026-08-08 05:56:00+00	f	active	[]	{}	2026-07-09 05:56:47.359+00	2026-07-10 16:15:20.56+00	1	SIPAS-BM-08
22	Bảng tổng hợp yêu cầu xây dựng hệ thống	bang-tong-hop-yeu-cau-xay-dung-he-thong		2026-07-09 08:15:00+00	2026-08-08 08:15:00+00	f	active	[]	{}	2026-07-09 08:15:28.75+00	2026-07-11 15:16:03.781585+00	1	SIPAS-BM-10
21	PHIẾU KHẢO SÁT YÊU CẦU NGHIỆP VỤ VÀ CHỨC NĂNG HỆ THỐNG	phieu-khao-sat-yeu-cau-nghiep-vu-va-chuc-nang-he-thong		2026-07-09 05:57:00+00	2026-08-08 05:57:00+00	f	active	[]	{}	2026-07-09 05:57:07.221+00	2026-07-11 15:17:49.917691+00	1	SIPAS-BM-09
\.


--
-- Data for Name: survey_surveyassignment; Type: TABLE DATA; Schema: public; Owner: survey_user
--

COPY public.survey_surveyassignment (id, form_code, form_name, form_description, target_group_code, target_group_name, target_group_description, is_active, "order", created_at, updated_at, section_id, survey_id) FROM stdin;
\.


--
-- Data for Name: survey_surveycategory; Type: TABLE DATA; Schema: public; Owner: survey_user
--

COPY public.survey_surveycategory (id, name, description, icon, created_at) FROM stdin;
1	SIPAS	Khảo sát sự hài lòng của người dân đối với dịch vụ hành chính công (SIPAS)	bi-clipboard-check	2026-07-09 05:19:21.754+00
2	CCHC	Khảo sát về cải cách hành chính (CCHC)	bi-building-gear	2026-07-09 05:19:21.762+00
\.


--
-- Data for Name: survey_surveyparticipant; Type: TABLE DATA; Schema: public; Owner: survey_user
--

COPY public.survey_surveyparticipant (id, agency, target_group_code, target_group_name, full_name, "position", department, phone, email, notes, assigned_forms, ip_address, user_agent, session_key, status, submitted_at, created_at, updated_at, response_id, survey_id, user_id) FROM stdin;
1	Sở Nội vụ	SIPAS-NHOM_DOI_TUONG_1	Nhóm đối tượng 1	Test User	Cán bộ test tại Sở Nội vụ	Sở Nội vụ		test@example.com	\N	["SIPAS-BM-04"]	127.0.0.1	Mozilla/5.0 (Windows NT 10.0; Win64; x64) AppleWebKit/537.36 (KHTML, like Gecko) Chrome/150.0.0.0 Safari/537.36 Edg/150.0.0.0	3fn4p01h37rqs1w506gup37j1ar4yebe	draft	\N	2026-07-09 06:21:02.29+00	2026-07-09 06:21:34.927+00	1	16	147
2	Sở Nội vụ	SIPAS-DOAN_KHAO_SAT	Đoàn khảo sát	ks_cchc_sonoivu	Cán bộ Sở Nội vụ	Sở Nội vụ			\N	["SIPAS-BM-10", "SIPAS-BM-09", "SIPAS-BM-08", "SIPAS-BM-07", "SIPAS-BM-03", "SIPAS-BM-01"]	127.0.0.1	Mozilla/5.0 (Windows NT 10.0; Win64; x64) AppleWebKit/537.36 (KHTML, like Gecko) Chrome/150.0.0.0 Safari/537.36 Edg/150.0.0.0	omwv5iu7tj4hwz04kbw03vseunlkylk1	draft	\N	2026-07-09 08:38:42.909+00	2026-07-09 08:38:42.909+00	\N	22	1
3	Sở Nội vụ	SIPAS-DON_VI_DUOC_KHAO_SAT	Đơn vị được khảo sát	Test User	Cán bộ test tại Sở Nội vụ	Sở Nội vụ		test@example.com	\N	["SIPAS-BM-09", "SIPAS-BM-08", "SIPAS-BM-03", "SIPAS-BM-02"]	127.0.0.1	Mozilla/5.0 (Windows NT 10.0; Win64; x64) AppleWebKit/537.36 (KHTML, like Gecko) Chrome/150.0.0.0 Safari/537.36 Edg/150.0.0.0	t9ek78i0i0auyz1ad48q3mtqe7wbelam	submitted	2026-07-10 14:31:53.729+00	2026-07-09 09:02:00.292+00	2026-07-10 14:31:53.729+00	12	22	147
4	Sở Nội vụ	SIPAS-DOAN_KHAO_SAT	Đoàn khảo sát	Test User	Cán bộ test tại Sở Nội vụ	Sở Nội vụ		test@example.com	\N	["SIPAS-BM-10", "SIPAS-BM-09", "SIPAS-BM-08", "SIPAS-BM-07", "SIPAS-BM-03", "SIPAS-BM-01"]	127.0.0.1	Mozilla/5.0 (Windows NT 10.0; Win64; x64) AppleWebKit/537.36 (KHTML, like Gecko) Chrome/150.0.0.0 Safari/537.36 Edg/150.0.0.0	58aj1zfzp9x99m7xw1313c8f5sqbguey	draft	\N	2026-07-09 09:08:14.635+00	2026-07-09 09:08:14.635+00	\N	22	147
5	Sở Nội vụ	CCHC-TEST	TEST	Test User	Cán bộ test tại Sở Nội vụ	Sở Nội vụ		test@example.com	\N	["CCHC-BM-01"]	127.0.0.1	Mozilla/5.0 (Windows NT 10.0; Win64; x64) AppleWebKit/537.36 (KHTML, like Gecko) Chrome/150.0.0.0 Safari/537.36 Edg/150.0.0.0	rhp1utplhjo7rl9oixnhy10brq2fddr4	draft	\N	2026-07-10 10:09:55.196+00	2026-07-10 10:09:55.196+00	\N	22	147
6	Sở Nội vụ	CCHC-NHOM_DOI_TUONG_1	Nhóm đối tượng 1	Test User	Cán bộ test tại Sở Nội vụ	Sở Nội vụ		test@example.com	\N	["CCHC-BM-09", "CCHC-BM-08", "CCHC-BM-03"]	127.0.0.1	Mozilla/5.0 (Windows NT 10.0; Win64; x64) AppleWebKit/537.36 (KHTML, like Gecko) Chrome/150.0.0.0 Safari/537.36 Edg/150.0.0.0	09btfc49qzzzznkoswgfhixwu8ld1bc4	draft	\N	2026-07-10 10:41:46.596+00	2026-07-10 10:41:46.596+00	\N	22	147
7	Sở Nội vụ	CCHC-NHOM_DOI_TUONG_1	Nhóm đối tượng 1	Test User	Cán bộ test tại Sở Nội vụ	Sở Nội vụ		test@example.com	\N	["CCHC-BM-09", "CCHC-BM-08", "CCHC-BM-03"]	127.0.0.1	Mozilla/5.0 (Windows NT 10.0; Win64; x64) AppleWebKit/537.36 (KHTML, like Gecko) Chrome/150.0.0.0 Safari/537.36 Edg/150.0.0.0	jsmddejpcrfcsb1jeo66vxco43elb922	draft	\N	2026-07-10 11:59:03.222+00	2026-07-10 11:59:03.222+00	\N	22	147
8	Sở Nội vụ	SIPAS-DOAN_KHAO_SAT	Đoàn khảo sát	Test User	Cán bộ test tại Sở Nội vụ	Sở Nội vụ		test@example.com	\N	["SIPAS-BM-10", "SIPAS-BM-09", "SIPAS-BM-08", "SIPAS-BM-07", "SIPAS-BM-03", "SIPAS-BM-01"]	127.0.0.1	Mozilla/5.0 (Windows NT 10.0; Win64; x64) AppleWebKit/537.36 (KHTML, like Gecko) Chrome/150.0.0.0 Safari/537.36 Edg/150.0.0.0	2o5r68ywd8zsc4z086eindfek231z9rs	draft	\N	2026-07-10 13:49:03.164+00	2026-07-10 13:49:03.164+00	\N	22	147
9	Sở Nội vụ	SIPAS-DOAN_KHAO_SAT	Đoàn khảo sát	Test User	Cán bộ test tại Sở Nội vụ	Sở Nội vụ		test@example.com	\N	["SIPAS-BM-10", "SIPAS-BM-09", "SIPAS-BM-08", "SIPAS-BM-07", "SIPAS-BM-03", "SIPAS-BM-01"]	127.0.0.1	Mozilla/5.0 (Windows NT 10.0; Win64; x64) AppleWebKit/537.36 (KHTML, like Gecko) Chrome/150.0.0.0 Safari/537.36 Edg/150.0.0.0	yeftj6faf3v758aycs20pv81sf27g6to	draft	\N	2026-07-10 14:05:31.862+00	2026-07-10 14:05:31.862+00	\N	22	147
10	Sở Nội vụ	SIPAS-DOAN_KHAO_SAT	Đoàn khảo sát	Test User	Cán bộ test tại Sở Nội vụ	Sở Nội vụ		test@example.com	\N	["SIPAS-BM-10", "SIPAS-BM-09", "SIPAS-BM-08", "SIPAS-BM-07", "SIPAS-BM-03", "SIPAS-BM-01"]	127.0.0.1	Mozilla/5.0 (Windows NT 10.0; Win64; x64) AppleWebKit/537.36 (KHTML, like Gecko) Chrome/150.0.0.0 Safari/537.36 Edg/150.0.0.0	vve5flfcgheojeijtbfodxut43lixwxo	draft	\N	2026-07-10 14:08:18.15+00	2026-07-10 14:08:18.15+00	\N	22	147
11	Sở Nội vụ	SIPAS-DOAN_KHAO_SAT	Đoàn khảo sát	Test User	Cán bộ test tại Sở Nội vụ	Sở Nội vụ		test@example.com	\N	["SIPAS-BM-10", "SIPAS-BM-09", "SIPAS-BM-08", "SIPAS-BM-07", "SIPAS-BM-03", "SIPAS-BM-01"]	127.0.0.1	Mozilla/5.0 (Windows NT 10.0; Win64; x64) AppleWebKit/537.36 (KHTML, like Gecko) Chrome/150.0.0.0 Safari/537.36 Edg/150.0.0.0	gw4le1vivsdeshnevc33fu68izvnbytg	draft	\N	2026-07-10 14:29:38.735+00	2026-07-10 14:29:38.735+00	\N	22	147
12	Sở Nội vụ	SIPAS-DOAN_KHAO_SAT	Đoàn khảo sát	Test User	Cán bộ test tại Sở Nội vụ	Sở Nội vụ		test@example.com	\N	["SIPAS-BM-10", "SIPAS-BM-09", "SIPAS-BM-08", "SIPAS-BM-07", "SIPAS-BM-03", "SIPAS-BM-01"]	\N	Mozilla/5.0 (Windows NT 10.0; Win64; x64) AppleWebKit/537.36 (KHTML, like Gecko) Chrome/150.0.0.0 Safari/537.36 Edg/150.0.0.0	vb3a1l18l3kdxs54w8is28ioe2m9qzsg	draft	\N	2026-07-11 14:05:42.788788+00	2026-07-11 14:05:42.788807+00	\N	22	147
\.


--
-- Data for Name: survey_surveyprogress; Type: TABLE DATA; Schema: public; Owner: survey_user
--

COPY public.survey_surveyprogress (id, form_code, status, progress_percent, started_at, completed_at, last_accessed_at, created_at, participant_id, response_id, survey_id) FROM stdin;
1	SIPAS-BM-04	in_progress	75	2026-07-09 06:21:04.615+00	\N	2026-07-09 06:21:37.368+00	2026-07-09 06:21:02.299+00	1	1	16
2	SIPAS-BM-10	in_progress	0	2026-07-09 08:41:23.166+00	\N	2026-07-09 08:44:32.57+00	2026-07-09 08:38:42.918+00	2	3	22
3	SIPAS-BM-09	not_started	0	\N	\N	2026-07-09 08:38:42.925+00	2026-07-09 08:38:42.925+00	2	\N	21
4	SIPAS-BM-08	not_started	0	\N	\N	2026-07-09 08:38:42.933+00	2026-07-09 08:38:42.933+00	2	\N	20
5	SIPAS-BM-07	in_progress	58	2026-07-09 08:39:08.105+00	\N	2026-07-09 08:44:32.612+00	2026-07-09 08:38:42.942+00	2	2	19
6	SIPAS-BM-03	not_started	0	\N	\N	2026-07-09 08:38:42.951+00	2026-07-09 08:38:42.951+00	2	\N	15
7	SIPAS-BM-01	not_started	0	\N	\N	2026-07-09 08:38:42.96+00	2026-07-09 08:38:42.96+00	2	\N	13
8	SIPAS-BM-09	not_started	0	\N	\N	2026-07-09 09:02:00.302+00	2026-07-09 09:02:00.302+00	3	\N	21
9	SIPAS-BM-08	not_started	0	\N	\N	2026-07-09 09:02:00.31+00	2026-07-09 09:02:00.31+00	3	\N	20
10	SIPAS-BM-03	not_started	0	\N	\N	2026-07-09 09:02:00.318+00	2026-07-09 09:02:00.318+00	3	\N	15
11	SIPAS-BM-02	not_started	0	\N	\N	2026-07-09 09:02:00.325+00	2026-07-09 09:02:00.325+00	3	\N	14
12	SIPAS-BM-10	not_started	0	\N	\N	2026-07-09 09:08:14.644+00	2026-07-09 09:08:14.644+00	4	\N	22
13	SIPAS-BM-09	not_started	0	\N	\N	2026-07-09 09:08:14.651+00	2026-07-09 09:08:14.651+00	4	\N	21
14	SIPAS-BM-08	not_started	0	\N	\N	2026-07-09 09:08:14.657+00	2026-07-09 09:08:14.657+00	4	\N	20
15	SIPAS-BM-07	not_started	0	\N	\N	2026-07-09 09:08:14.663+00	2026-07-09 09:08:14.663+00	4	\N	19
16	SIPAS-BM-03	not_started	0	\N	\N	2026-07-09 09:08:14.668+00	2026-07-09 09:08:14.668+00	4	\N	15
17	SIPAS-BM-01	not_started	0	\N	\N	2026-07-09 09:08:14.674+00	2026-07-09 09:08:14.674+00	4	\N	13
25	SIPAS-BM-10	in_progress	69	2026-07-10 13:49:11.878+00	\N	2026-07-10 13:49:23.589+00	2026-07-10 13:49:03.173+00	8	9	22
26	SIPAS-BM-09	not_started	0	\N	\N	2026-07-10 13:49:03.179+00	2026-07-10 13:49:03.179+00	8	\N	21
27	SIPAS-BM-08	not_started	0	\N	\N	2026-07-10 13:49:03.185+00	2026-07-10 13:49:03.185+00	8	\N	20
28	SIPAS-BM-07	not_started	0	\N	\N	2026-07-10 13:49:03.192+00	2026-07-10 13:49:03.192+00	8	\N	19
29	SIPAS-BM-03	not_started	0	\N	\N	2026-07-10 13:49:03.198+00	2026-07-10 13:49:03.198+00	8	\N	15
30	SIPAS-BM-01	not_started	0	\N	\N	2026-07-10 13:49:03.203+00	2026-07-10 13:49:03.204+00	8	\N	13
31	SIPAS-BM-10	in_progress	69	2026-07-10 14:05:37.923+00	\N	2026-07-10 14:08:01.082+00	2026-07-10 14:05:31.87+00	9	10	22
32	SIPAS-BM-09	not_started	0	\N	\N	2026-07-10 14:05:31.877+00	2026-07-10 14:05:31.878+00	9	\N	21
33	SIPAS-BM-08	not_started	0	\N	\N	2026-07-10 14:05:31.884+00	2026-07-10 14:05:31.884+00	9	\N	20
34	SIPAS-BM-07	not_started	0	\N	\N	2026-07-10 14:05:31.891+00	2026-07-10 14:05:31.891+00	9	\N	19
35	SIPAS-BM-03	not_started	0	\N	\N	2026-07-10 14:05:31.899+00	2026-07-10 14:05:31.899+00	9	\N	15
36	SIPAS-BM-01	not_started	0	\N	\N	2026-07-10 14:05:31.906+00	2026-07-10 14:05:31.906+00	9	\N	13
37	SIPAS-BM-10	in_progress	69	2026-07-10 14:08:23.396+00	\N	2026-07-10 14:08:53.582+00	2026-07-10 14:08:18.16+00	10	11	22
38	SIPAS-BM-09	not_started	0	\N	\N	2026-07-10 14:08:18.166+00	2026-07-10 14:08:18.166+00	10	\N	21
39	SIPAS-BM-08	not_started	0	\N	\N	2026-07-10 14:08:18.171+00	2026-07-10 14:08:18.173+00	10	\N	20
40	SIPAS-BM-07	not_started	0	\N	\N	2026-07-10 14:08:18.178+00	2026-07-10 14:08:18.179+00	10	\N	19
41	SIPAS-BM-03	not_started	0	\N	\N	2026-07-10 14:08:18.184+00	2026-07-10 14:08:18.184+00	10	\N	15
42	SIPAS-BM-01	not_started	0	\N	\N	2026-07-10 14:08:18.191+00	2026-07-10 14:08:18.191+00	10	\N	13
43	SIPAS-BM-10	completed	100	2026-07-10 14:29:43.286+00	2026-07-10 14:31:53.711+00	2026-07-10 16:06:17.264+00	2026-07-10 14:29:38.745+00	11	12	22
44	SIPAS-BM-09	not_started	0	\N	\N	2026-07-10 14:29:38.752+00	2026-07-10 14:29:38.752+00	11	\N	21
45	SIPAS-BM-08	not_started	0	\N	\N	2026-07-10 14:29:38.759+00	2026-07-10 14:29:38.759+00	11	\N	20
46	SIPAS-BM-07	in_progress	58	2026-07-10 14:35:51.492+00	\N	2026-07-10 16:06:17.333+00	2026-07-10 14:29:38.768+00	11	13	19
47	SIPAS-BM-03	not_started	0	\N	\N	2026-07-10 14:29:38.777+00	2026-07-10 14:29:38.777+00	11	\N	15
48	SIPAS-BM-01	not_started	0	\N	\N	2026-07-10 14:29:38.788+00	2026-07-10 14:29:38.788+00	11	\N	13
49	SIPAS-BM-10	not_started	0	\N	\N	2026-07-11 14:05:42.796365+00	2026-07-11 14:05:42.796384+00	12	\N	22
50	SIPAS-BM-09	not_started	0	\N	\N	2026-07-11 14:05:42.803469+00	2026-07-11 14:05:42.803487+00	12	\N	21
51	SIPAS-BM-08	not_started	0	\N	\N	2026-07-11 14:05:42.809535+00	2026-07-11 14:05:42.809554+00	12	\N	20
53	SIPAS-BM-03	not_started	0	\N	\N	2026-07-11 14:05:42.820948+00	2026-07-11 14:05:42.820968+00	12	\N	15
54	SIPAS-BM-01	not_started	0	\N	\N	2026-07-11 14:05:42.826666+00	2026-07-11 14:05:42.826684+00	12	\N	13
52	SIPAS-BM-07	in_progress	0	2026-07-11 14:05:45.552679+00	\N	2026-07-11 14:06:07.076461+00	2026-07-11 14:05:42.815355+00	12	14	19
\.


--
-- Data for Name: survey_surveyunitstatus; Type: TABLE DATA; Schema: public; Owner: survey_user
--

COPY public.survey_surveyunitstatus (id, status, completed_count, total_assignees, completed_at, updated_at, organization_id, survey_id) FROM stdin;
1	in_progress	1	2	\N	2026-07-10 14:31:54.99+00	1	22
2	pending	0	1	\N	2026-07-10 14:31:55+00	2	22
3	pending	0	1	\N	2026-07-10 14:31:55.014+00	3	22
4	pending	0	1	\N	2026-07-10 14:31:55.023+00	4	22
5	pending	0	1	\N	2026-07-10 14:31:55.031+00	5	22
6	pending	0	1	\N	2026-07-10 14:31:55.046+00	6	22
7	pending	0	1	\N	2026-07-10 14:31:55.063+00	7	22
8	pending	0	1	\N	2026-07-10 14:31:55.073+00	8	22
9	pending	0	1	\N	2026-07-10 14:31:55.084+00	9	22
10	pending	0	1	\N	2026-07-10 14:31:55.093+00	10	22
11	pending	0	1	\N	2026-07-10 14:31:55.103+00	11	22
12	pending	0	1	\N	2026-07-10 14:31:55.117+00	12	22
13	pending	0	1	\N	2026-07-10 14:31:55.132+00	13	22
14	pending	0	1	\N	2026-07-10 14:31:55.142+00	14	22
15	pending	0	1	\N	2026-07-10 14:31:55.155+00	15	22
16	pending	0	1	\N	2026-07-10 14:31:55.17+00	16	22
17	pending	0	1	\N	2026-07-10 14:31:55.183+00	17	22
18	pending	0	1	\N	2026-07-10 14:31:55.197+00	18	22
19	pending	0	1	\N	2026-07-10 14:31:55.214+00	19	22
20	pending	0	1	\N	2026-07-10 14:31:55.225+00	20	22
21	pending	0	1	\N	2026-07-10 14:31:55.238+00	21	22
22	pending	0	1	\N	2026-07-10 14:31:55.25+00	22	22
23	pending	0	1	\N	2026-07-10 14:31:55.264+00	23	22
24	pending	0	1	\N	2026-07-10 14:31:55.273+00	24	22
25	pending	0	1	\N	2026-07-10 14:31:55.282+00	25	22
26	pending	0	1	\N	2026-07-10 14:31:55.296+00	26	22
27	pending	0	1	\N	2026-07-10 14:31:55.31+00	27	22
28	pending	0	1	\N	2026-07-10 14:31:55.319+00	28	22
29	pending	0	1	\N	2026-07-10 14:31:55.332+00	29	22
30	pending	0	1	\N	2026-07-10 14:31:55.34+00	30	22
31	pending	0	1	\N	2026-07-10 14:31:55.35+00	31	22
32	pending	0	1	\N	2026-07-10 14:31:55.363+00	32	22
33	pending	0	1	\N	2026-07-10 14:31:55.377+00	33	22
34	pending	0	1	\N	2026-07-10 14:31:55.387+00	34	22
35	pending	0	1	\N	2026-07-10 14:31:55.397+00	35	22
36	pending	0	1	\N	2026-07-10 14:31:55.406+00	36	22
37	pending	0	1	\N	2026-07-10 14:31:55.419+00	37	22
38	pending	0	1	\N	2026-07-10 14:31:55.429+00	38	22
39	pending	0	1	\N	2026-07-10 14:31:55.444+00	39	22
40	pending	0	1	\N	2026-07-10 14:31:55.454+00	40	22
41	pending	0	1	\N	2026-07-10 14:31:55.465+00	41	22
42	pending	0	1	\N	2026-07-10 14:31:55.476+00	42	22
43	pending	0	1	\N	2026-07-10 14:31:55.491+00	43	22
44	pending	0	1	\N	2026-07-10 14:31:55.503+00	44	22
45	pending	0	1	\N	2026-07-10 14:31:55.512+00	45	22
46	pending	0	1	\N	2026-07-10 14:31:55.526+00	46	22
47	pending	0	1	\N	2026-07-10 14:31:55.539+00	47	22
48	pending	0	1	\N	2026-07-10 14:31:55.55+00	48	22
49	pending	0	1	\N	2026-07-10 14:31:55.557+00	49	22
50	pending	0	1	\N	2026-07-10 14:31:55.574+00	50	22
51	pending	0	1	\N	2026-07-10 14:31:55.586+00	51	22
52	pending	0	1	\N	2026-07-10 14:31:55.598+00	52	22
53	pending	0	1	\N	2026-07-10 14:31:55.61+00	53	22
54	pending	0	1	\N	2026-07-10 14:31:55.62+00	54	22
55	pending	0	1	\N	2026-07-10 14:31:55.627+00	55	22
56	pending	0	1	\N	2026-07-10 14:31:55.635+00	56	22
57	pending	0	1	\N	2026-07-10 14:31:55.642+00	57	22
58	pending	0	1	\N	2026-07-10 14:31:55.654+00	58	22
59	pending	0	1	\N	2026-07-10 14:31:55.663+00	59	22
60	pending	0	1	\N	2026-07-10 14:31:55.672+00	60	22
61	pending	0	1	\N	2026-07-10 14:31:55.68+00	61	22
62	pending	0	1	\N	2026-07-10 14:31:55.689+00	62	22
63	pending	0	1	\N	2026-07-10 14:31:55.698+00	63	22
64	pending	0	1	\N	2026-07-10 14:31:55.713+00	64	22
65	pending	0	1	\N	2026-07-10 14:31:55.724+00	65	22
66	pending	0	1	\N	2026-07-10 14:31:55.733+00	66	22
67	pending	0	1	\N	2026-07-10 14:31:55.742+00	67	22
68	pending	0	1	\N	2026-07-10 14:31:55.755+00	68	22
69	pending	0	1	\N	2026-07-10 14:31:55.769+00	69	22
70	pending	0	1	\N	2026-07-10 14:31:55.777+00	70	22
71	pending	0	1	\N	2026-07-10 14:31:55.786+00	71	22
72	pending	0	1	\N	2026-07-10 14:31:55.793+00	72	22
73	pending	0	1	\N	2026-07-10 14:31:55.8+00	73	22
74	pending	0	1	\N	2026-07-10 14:31:55.808+00	74	22
75	pending	0	1	\N	2026-07-10 14:31:55.816+00	75	22
76	pending	0	1	\N	2026-07-10 14:31:55.827+00	76	22
77	pending	0	1	\N	2026-07-10 14:31:55.835+00	77	22
78	pending	0	1	\N	2026-07-10 14:31:55.851+00	78	22
79	pending	0	1	\N	2026-07-10 14:31:55.862+00	79	22
80	pending	0	1	\N	2026-07-10 14:31:55.871+00	80	22
81	pending	0	1	\N	2026-07-10 14:31:55.877+00	81	22
82	pending	0	1	\N	2026-07-10 14:31:55.885+00	82	22
83	pending	0	1	\N	2026-07-10 14:31:55.905+00	83	22
84	pending	0	1	\N	2026-07-10 14:31:55.922+00	84	22
85	pending	0	1	\N	2026-07-10 14:31:55.939+00	85	22
86	pending	0	1	\N	2026-07-10 14:31:55.95+00	86	22
87	pending	0	1	\N	2026-07-10 14:31:55.962+00	87	22
88	pending	0	1	\N	2026-07-10 14:31:55.982+00	88	22
89	pending	0	1	\N	2026-07-10 14:31:55.996+00	89	22
90	pending	0	1	\N	2026-07-10 14:31:56.013+00	90	22
91	pending	0	1	\N	2026-07-10 14:31:56.035+00	91	22
92	pending	0	1	\N	2026-07-10 14:31:56.049+00	92	22
93	pending	0	1	\N	2026-07-10 14:31:56.06+00	93	22
94	pending	0	1	\N	2026-07-10 14:31:56.072+00	94	22
95	pending	0	1	\N	2026-07-10 14:31:56.08+00	95	22
96	pending	0	1	\N	2026-07-10 14:31:56.094+00	96	22
97	pending	0	1	\N	2026-07-10 14:31:56.103+00	97	22
98	pending	0	1	\N	2026-07-10 14:31:56.129+00	98	22
99	pending	0	1	\N	2026-07-10 14:31:56.15+00	99	22
100	pending	0	1	\N	2026-07-10 14:31:56.16+00	100	22
101	pending	0	1	\N	2026-07-10 14:31:56.167+00	101	22
102	pending	0	1	\N	2026-07-10 14:31:56.172+00	102	22
103	pending	0	1	\N	2026-07-10 14:31:56.178+00	103	22
104	pending	0	1	\N	2026-07-10 14:31:56.185+00	104	22
105	pending	0	1	\N	2026-07-10 14:31:56.19+00	105	22
106	pending	0	1	\N	2026-07-10 14:31:56.196+00	106	22
107	pending	0	1	\N	2026-07-10 14:31:56.201+00	107	22
108	pending	0	1	\N	2026-07-10 14:31:56.204+00	108	22
109	pending	0	1	\N	2026-07-10 14:31:56.207+00	109	22
110	pending	0	1	\N	2026-07-10 14:31:56.211+00	110	22
111	pending	0	1	\N	2026-07-10 14:31:56.215+00	111	22
112	pending	0	1	\N	2026-07-10 14:31:56.222+00	112	22
113	pending	0	1	\N	2026-07-10 14:31:56.232+00	113	22
114	pending	0	1	\N	2026-07-10 14:31:56.24+00	114	22
115	pending	0	1	\N	2026-07-10 14:31:56.247+00	115	22
116	pending	0	1	\N	2026-07-10 14:31:56.254+00	116	22
117	pending	0	1	\N	2026-07-10 14:31:56.26+00	117	22
118	pending	0	1	\N	2026-07-10 14:31:56.265+00	118	22
119	pending	0	1	\N	2026-07-10 14:31:56.27+00	119	22
120	pending	0	1	\N	2026-07-10 14:31:56.274+00	120	22
121	pending	0	1	\N	2026-07-10 14:31:56.277+00	121	22
122	pending	0	1	\N	2026-07-10 14:31:56.285+00	122	22
123	pending	0	1	\N	2026-07-10 14:31:56.295+00	123	22
124	pending	0	1	\N	2026-07-10 14:31:56.319+00	124	22
125	pending	0	1	\N	2026-07-10 14:31:56.33+00	125	22
126	pending	0	1	\N	2026-07-10 14:31:56.337+00	126	22
127	pending	0	1	\N	2026-07-10 14:31:56.349+00	127	22
128	pending	0	1	\N	2026-07-10 14:31:56.356+00	128	22
129	pending	0	1	\N	2026-07-10 14:31:56.365+00	129	22
130	pending	0	1	\N	2026-07-10 14:31:56.371+00	130	22
131	pending	0	1	\N	2026-07-10 14:31:56.376+00	131	22
132	pending	0	1	\N	2026-07-10 14:31:56.384+00	132	22
133	pending	0	1	\N	2026-07-10 14:31:56.397+00	133	22
134	pending	0	1	\N	2026-07-10 14:31:56.405+00	134	22
135	pending	0	1	\N	2026-07-10 14:31:56.419+00	135	22
136	pending	0	1	\N	2026-07-10 14:31:56.449+00	136	22
137	pending	0	1	\N	2026-07-10 14:31:56.46+00	137	22
138	pending	0	1	\N	2026-07-10 14:31:56.471+00	138	22
139	pending	0	1	\N	2026-07-10 14:31:56.49+00	139	22
140	pending	0	1	\N	2026-07-10 14:31:56.499+00	140	22
141	pending	0	1	\N	2026-07-10 14:31:56.507+00	141	22
142	pending	0	1	\N	2026-07-10 14:31:56.515+00	142	22
143	pending	0	1	\N	2026-07-10 14:31:56.524+00	143	22
\.


--
-- Name: accounts_organization_id_seq; Type: SEQUENCE SET; Schema: public; Owner: survey_user
--

SELECT pg_catalog.setval('public.accounts_organization_id_seq', 143, true);


--
-- Name: accounts_user_groups_id_seq; Type: SEQUENCE SET; Schema: public; Owner: survey_user
--

SELECT pg_catalog.setval('public.accounts_user_groups_id_seq', 1, false);


--
-- Name: accounts_user_id_seq; Type: SEQUENCE SET; Schema: public; Owner: survey_user
--

SELECT pg_catalog.setval('public.accounts_user_id_seq', 147, true);


--
-- Name: accounts_user_target_groups_id_seq; Type: SEQUENCE SET; Schema: public; Owner: survey_user
--

SELECT pg_catalog.setval('public.accounts_user_target_groups_id_seq', 1, false);


--
-- Name: accounts_user_user_permissions_id_seq; Type: SEQUENCE SET; Schema: public; Owner: survey_user
--

SELECT pg_catalog.setval('public.accounts_user_user_permissions_id_seq', 1, false);


--
-- Name: analytics_aggregatedresult_id_seq; Type: SEQUENCE SET; Schema: public; Owner: survey_user
--

SELECT pg_catalog.setval('public.analytics_aggregatedresult_id_seq', 1, false);


--
-- Name: analytics_comparisonreport_id_seq; Type: SEQUENCE SET; Schema: public; Owner: survey_user
--

SELECT pg_catalog.setval('public.analytics_comparisonreport_id_seq', 1, false);


--
-- Name: analytics_scoringconfig_id_seq; Type: SEQUENCE SET; Schema: public; Owner: survey_user
--

SELECT pg_catalog.setval('public.analytics_scoringconfig_id_seq', 1, false);


--
-- Name: analytics_targetgroup_id_seq; Type: SEQUENCE SET; Schema: public; Owner: survey_user
--

SELECT pg_catalog.setval('public.analytics_targetgroup_id_seq', 9, true);


--
-- Name: analytics_targetgroup_surveys_id_seq; Type: SEQUENCE SET; Schema: public; Owner: survey_user
--

SELECT pg_catalog.setval('public.analytics_targetgroup_surveys_id_seq', 1, false);


--
-- Name: auth_group_id_seq; Type: SEQUENCE SET; Schema: public; Owner: survey_user
--

SELECT pg_catalog.setval('public.auth_group_id_seq', 1, false);


--
-- Name: auth_group_permissions_id_seq; Type: SEQUENCE SET; Schema: public; Owner: survey_user
--

SELECT pg_catalog.setval('public.auth_group_permissions_id_seq', 1, false);


--
-- Name: auth_permission_id_seq; Type: SEQUENCE SET; Schema: public; Owner: survey_user
--

SELECT pg_catalog.setval('public.auth_permission_id_seq', 92, true);


--
-- Name: django_admin_log_id_seq; Type: SEQUENCE SET; Schema: public; Owner: survey_user
--

SELECT pg_catalog.setval('public.django_admin_log_id_seq', 1, false);


--
-- Name: django_content_type_id_seq; Type: SEQUENCE SET; Schema: public; Owner: survey_user
--

SELECT pg_catalog.setval('public.django_content_type_id_seq', 23, true);


--
-- Name: django_migrations_id_seq; Type: SEQUENCE SET; Schema: public; Owner: survey_user
--

SELECT pg_catalog.setval('public.django_migrations_id_seq', 33, true);


--
-- Name: survey_blocklist_id_seq; Type: SEQUENCE SET; Schema: public; Owner: survey_user
--

SELECT pg_catalog.setval('public.survey_blocklist_id_seq', 1, false);


--
-- Name: survey_question_id_seq; Type: SEQUENCE SET; Schema: public; Owner: survey_user
--

SELECT pg_catalog.setval('public.survey_question_id_seq', 5054, true);


--
-- Name: survey_questiontype_id_seq; Type: SEQUENCE SET; Schema: public; Owner: survey_user
--

SELECT pg_catalog.setval('public.survey_questiontype_id_seq', 10, true);


--
-- Name: survey_response_id_seq; Type: SEQUENCE SET; Schema: public; Owner: survey_user
--

SELECT pg_catalog.setval('public.survey_response_id_seq', 15, true);


--
-- Name: survey_section_id_seq; Type: SEQUENCE SET; Schema: public; Owner: survey_user
--

SELECT pg_catalog.setval('public.survey_section_id_seq', 181, true);


--
-- Name: survey_survey_id_seq; Type: SEQUENCE SET; Schema: public; Owner: survey_user
--

SELECT pg_catalog.setval('public.survey_survey_id_seq', 23, true);


--
-- Name: survey_surveyassignment_id_seq; Type: SEQUENCE SET; Schema: public; Owner: survey_user
--

SELECT pg_catalog.setval('public.survey_surveyassignment_id_seq', 1, false);


--
-- Name: survey_surveycategory_id_seq; Type: SEQUENCE SET; Schema: public; Owner: survey_user
--

SELECT pg_catalog.setval('public.survey_surveycategory_id_seq', 2, true);


--
-- Name: survey_surveyparticipant_id_seq; Type: SEQUENCE SET; Schema: public; Owner: survey_user
--

SELECT pg_catalog.setval('public.survey_surveyparticipant_id_seq', 12, true);


--
-- Name: survey_surveyprogress_id_seq; Type: SEQUENCE SET; Schema: public; Owner: survey_user
--

SELECT pg_catalog.setval('public.survey_surveyprogress_id_seq', 54, true);


--
-- Name: survey_surveyunitstatus_id_seq; Type: SEQUENCE SET; Schema: public; Owner: survey_user
--

SELECT pg_catalog.setval('public.survey_surveyunitstatus_id_seq', 143, true);


--
-- Name: accounts_organization accounts_organization_code_key; Type: CONSTRAINT; Schema: public; Owner: survey_user
--

ALTER TABLE ONLY public.accounts_organization
    ADD CONSTRAINT accounts_organization_code_key UNIQUE (code);


--
-- Name: accounts_organization accounts_organization_pkey; Type: CONSTRAINT; Schema: public; Owner: survey_user
--

ALTER TABLE ONLY public.accounts_organization
    ADD CONSTRAINT accounts_organization_pkey PRIMARY KEY (id);


--
-- Name: accounts_user_groups accounts_user_groups_pkey; Type: CONSTRAINT; Schema: public; Owner: survey_user
--

ALTER TABLE ONLY public.accounts_user_groups
    ADD CONSTRAINT accounts_user_groups_pkey PRIMARY KEY (id);


--
-- Name: accounts_user_groups accounts_user_groups_user_id_group_id_59c0b32f_uniq; Type: CONSTRAINT; Schema: public; Owner: survey_user
--

ALTER TABLE ONLY public.accounts_user_groups
    ADD CONSTRAINT accounts_user_groups_user_id_group_id_59c0b32f_uniq UNIQUE (user_id, group_id);


--
-- Name: accounts_user accounts_user_pkey; Type: CONSTRAINT; Schema: public; Owner: survey_user
--

ALTER TABLE ONLY public.accounts_user
    ADD CONSTRAINT accounts_user_pkey PRIMARY KEY (id);


--
-- Name: accounts_user_target_groups accounts_user_target_gro_user_id_targetgroup_id_42657da2_uniq; Type: CONSTRAINT; Schema: public; Owner: survey_user
--

ALTER TABLE ONLY public.accounts_user_target_groups
    ADD CONSTRAINT accounts_user_target_gro_user_id_targetgroup_id_42657da2_uniq UNIQUE (user_id, targetgroup_id);


--
-- Name: accounts_user_target_groups accounts_user_target_groups_pkey; Type: CONSTRAINT; Schema: public; Owner: survey_user
--

ALTER TABLE ONLY public.accounts_user_target_groups
    ADD CONSTRAINT accounts_user_target_groups_pkey PRIMARY KEY (id);


--
-- Name: accounts_user_user_permissions accounts_user_user_permi_user_id_permission_id_2ab516c2_uniq; Type: CONSTRAINT; Schema: public; Owner: survey_user
--

ALTER TABLE ONLY public.accounts_user_user_permissions
    ADD CONSTRAINT accounts_user_user_permi_user_id_permission_id_2ab516c2_uniq UNIQUE (user_id, permission_id);


--
-- Name: accounts_user_user_permissions accounts_user_user_permissions_pkey; Type: CONSTRAINT; Schema: public; Owner: survey_user
--

ALTER TABLE ONLY public.accounts_user_user_permissions
    ADD CONSTRAINT accounts_user_user_permissions_pkey PRIMARY KEY (id);


--
-- Name: accounts_user accounts_user_username_key; Type: CONSTRAINT; Schema: public; Owner: survey_user
--

ALTER TABLE ONLY public.accounts_user
    ADD CONSTRAINT accounts_user_username_key UNIQUE (username);


--
-- Name: analytics_aggregatedresult analytics_aggregatedresu_survey_id_level_entity_n_094979a6_uniq; Type: CONSTRAINT; Schema: public; Owner: survey_user
--

ALTER TABLE ONLY public.analytics_aggregatedresult
    ADD CONSTRAINT analytics_aggregatedresu_survey_id_level_entity_n_094979a6_uniq UNIQUE (survey_id, level, entity_name, year, quarter);


--
-- Name: analytics_aggregatedresult analytics_aggregatedresult_pkey; Type: CONSTRAINT; Schema: public; Owner: survey_user
--

ALTER TABLE ONLY public.analytics_aggregatedresult
    ADD CONSTRAINT analytics_aggregatedresult_pkey PRIMARY KEY (id);


--
-- Name: analytics_comparisonreport analytics_comparisonreport_pkey; Type: CONSTRAINT; Schema: public; Owner: survey_user
--

ALTER TABLE ONLY public.analytics_comparisonreport
    ADD CONSTRAINT analytics_comparisonreport_pkey PRIMARY KEY (id);


--
-- Name: analytics_scoringconfig analytics_scoringconfig_pkey; Type: CONSTRAINT; Schema: public; Owner: survey_user
--

ALTER TABLE ONLY public.analytics_scoringconfig
    ADD CONSTRAINT analytics_scoringconfig_pkey PRIMARY KEY (id);


--
-- Name: analytics_targetgroup analytics_targetgroup_code_key; Type: CONSTRAINT; Schema: public; Owner: survey_user
--

ALTER TABLE ONLY public.analytics_targetgroup
    ADD CONSTRAINT analytics_targetgroup_code_key UNIQUE (code);


--
-- Name: analytics_targetgroup analytics_targetgroup_pkey; Type: CONSTRAINT; Schema: public; Owner: survey_user
--

ALTER TABLE ONLY public.analytics_targetgroup
    ADD CONSTRAINT analytics_targetgroup_pkey PRIMARY KEY (id);


--
-- Name: analytics_targetgroup_surveys analytics_targetgroup_su_targetgroup_id_survey_id_03c02e7e_uniq; Type: CONSTRAINT; Schema: public; Owner: survey_user
--

ALTER TABLE ONLY public.analytics_targetgroup_surveys
    ADD CONSTRAINT analytics_targetgroup_su_targetgroup_id_survey_id_03c02e7e_uniq UNIQUE (targetgroup_id, survey_id);


--
-- Name: analytics_targetgroup_surveys analytics_targetgroup_surveys_pkey; Type: CONSTRAINT; Schema: public; Owner: survey_user
--

ALTER TABLE ONLY public.analytics_targetgroup_surveys
    ADD CONSTRAINT analytics_targetgroup_surveys_pkey PRIMARY KEY (id);


--
-- Name: auth_group auth_group_name_key; Type: CONSTRAINT; Schema: public; Owner: survey_user
--

ALTER TABLE ONLY public.auth_group
    ADD CONSTRAINT auth_group_name_key UNIQUE (name);


--
-- Name: auth_group_permissions auth_group_permissions_group_id_permission_id_0cd325b0_uniq; Type: CONSTRAINT; Schema: public; Owner: survey_user
--

ALTER TABLE ONLY public.auth_group_permissions
    ADD CONSTRAINT auth_group_permissions_group_id_permission_id_0cd325b0_uniq UNIQUE (group_id, permission_id);


--
-- Name: auth_group_permissions auth_group_permissions_pkey; Type: CONSTRAINT; Schema: public; Owner: survey_user
--

ALTER TABLE ONLY public.auth_group_permissions
    ADD CONSTRAINT auth_group_permissions_pkey PRIMARY KEY (id);


--
-- Name: auth_group auth_group_pkey; Type: CONSTRAINT; Schema: public; Owner: survey_user
--

ALTER TABLE ONLY public.auth_group
    ADD CONSTRAINT auth_group_pkey PRIMARY KEY (id);


--
-- Name: auth_permission auth_permission_content_type_id_codename_01ab375a_uniq; Type: CONSTRAINT; Schema: public; Owner: survey_user
--

ALTER TABLE ONLY public.auth_permission
    ADD CONSTRAINT auth_permission_content_type_id_codename_01ab375a_uniq UNIQUE (content_type_id, codename);


--
-- Name: auth_permission auth_permission_pkey; Type: CONSTRAINT; Schema: public; Owner: survey_user
--

ALTER TABLE ONLY public.auth_permission
    ADD CONSTRAINT auth_permission_pkey PRIMARY KEY (id);


--
-- Name: django_admin_log django_admin_log_pkey; Type: CONSTRAINT; Schema: public; Owner: survey_user
--

ALTER TABLE ONLY public.django_admin_log
    ADD CONSTRAINT django_admin_log_pkey PRIMARY KEY (id);


--
-- Name: django_content_type django_content_type_app_label_model_76bd3d3b_uniq; Type: CONSTRAINT; Schema: public; Owner: survey_user
--

ALTER TABLE ONLY public.django_content_type
    ADD CONSTRAINT django_content_type_app_label_model_76bd3d3b_uniq UNIQUE (app_label, model);


--
-- Name: django_content_type django_content_type_pkey; Type: CONSTRAINT; Schema: public; Owner: survey_user
--

ALTER TABLE ONLY public.django_content_type
    ADD CONSTRAINT django_content_type_pkey PRIMARY KEY (id);


--
-- Name: django_migrations django_migrations_pkey; Type: CONSTRAINT; Schema: public; Owner: survey_user
--

ALTER TABLE ONLY public.django_migrations
    ADD CONSTRAINT django_migrations_pkey PRIMARY KEY (id);


--
-- Name: django_session django_session_pkey; Type: CONSTRAINT; Schema: public; Owner: survey_user
--

ALTER TABLE ONLY public.django_session
    ADD CONSTRAINT django_session_pkey PRIMARY KEY (session_key);


--
-- Name: survey_blocklist survey_blocklist_block_type_value_ee945a1b_uniq; Type: CONSTRAINT; Schema: public; Owner: survey_user
--

ALTER TABLE ONLY public.survey_blocklist
    ADD CONSTRAINT survey_blocklist_block_type_value_ee945a1b_uniq UNIQUE (block_type, value);


--
-- Name: survey_blocklist survey_blocklist_pkey; Type: CONSTRAINT; Schema: public; Owner: survey_user
--

ALTER TABLE ONLY public.survey_blocklist
    ADD CONSTRAINT survey_blocklist_pkey PRIMARY KEY (id);


--
-- Name: survey_question survey_question_pkey; Type: CONSTRAINT; Schema: public; Owner: survey_user
--

ALTER TABLE ONLY public.survey_question
    ADD CONSTRAINT survey_question_pkey PRIMARY KEY (id);


--
-- Name: survey_questiontype survey_questiontype_code_key; Type: CONSTRAINT; Schema: public; Owner: survey_user
--

ALTER TABLE ONLY public.survey_questiontype
    ADD CONSTRAINT survey_questiontype_code_key UNIQUE (code);


--
-- Name: survey_questiontype survey_questiontype_name_key; Type: CONSTRAINT; Schema: public; Owner: survey_user
--

ALTER TABLE ONLY public.survey_questiontype
    ADD CONSTRAINT survey_questiontype_name_key UNIQUE (name);


--
-- Name: survey_questiontype survey_questiontype_pkey; Type: CONSTRAINT; Schema: public; Owner: survey_user
--

ALTER TABLE ONLY public.survey_questiontype
    ADD CONSTRAINT survey_questiontype_pkey PRIMARY KEY (id);


--
-- Name: survey_response survey_response_pkey; Type: CONSTRAINT; Schema: public; Owner: survey_user
--

ALTER TABLE ONLY public.survey_response
    ADD CONSTRAINT survey_response_pkey PRIMARY KEY (id);


--
-- Name: survey_section survey_section_pkey; Type: CONSTRAINT; Schema: public; Owner: survey_user
--

ALTER TABLE ONLY public.survey_section
    ADD CONSTRAINT survey_section_pkey PRIMARY KEY (id);


--
-- Name: survey_section survey_section_survey_id_code_568d3dbf_uniq; Type: CONSTRAINT; Schema: public; Owner: survey_user
--

ALTER TABLE ONLY public.survey_section
    ADD CONSTRAINT survey_section_survey_id_code_568d3dbf_uniq UNIQUE (survey_id, code);


--
-- Name: survey_survey survey_survey_code_key; Type: CONSTRAINT; Schema: public; Owner: survey_user
--

ALTER TABLE ONLY public.survey_survey
    ADD CONSTRAINT survey_survey_code_key UNIQUE (code);


--
-- Name: survey_survey survey_survey_pkey; Type: CONSTRAINT; Schema: public; Owner: survey_user
--

ALTER TABLE ONLY public.survey_survey
    ADD CONSTRAINT survey_survey_pkey PRIMARY KEY (id);


--
-- Name: survey_survey survey_survey_slug_key; Type: CONSTRAINT; Schema: public; Owner: survey_user
--

ALTER TABLE ONLY public.survey_survey
    ADD CONSTRAINT survey_survey_slug_key UNIQUE (slug);


--
-- Name: survey_surveyassignment survey_surveyassignment_pkey; Type: CONSTRAINT; Schema: public; Owner: survey_user
--

ALTER TABLE ONLY public.survey_surveyassignment
    ADD CONSTRAINT survey_surveyassignment_pkey PRIMARY KEY (id);


--
-- Name: survey_surveyassignment survey_surveyassignment_survey_id_form_code_targ_e35871c4_uniq; Type: CONSTRAINT; Schema: public; Owner: survey_user
--

ALTER TABLE ONLY public.survey_surveyassignment
    ADD CONSTRAINT survey_surveyassignment_survey_id_form_code_targ_e35871c4_uniq UNIQUE (survey_id, form_code, target_group_code);


--
-- Name: survey_surveycategory survey_surveycategory_name_key; Type: CONSTRAINT; Schema: public; Owner: survey_user
--

ALTER TABLE ONLY public.survey_surveycategory
    ADD CONSTRAINT survey_surveycategory_name_key UNIQUE (name);


--
-- Name: survey_surveycategory survey_surveycategory_pkey; Type: CONSTRAINT; Schema: public; Owner: survey_user
--

ALTER TABLE ONLY public.survey_surveycategory
    ADD CONSTRAINT survey_surveycategory_pkey PRIMARY KEY (id);


--
-- Name: survey_surveyparticipant survey_surveyparticipant_pkey; Type: CONSTRAINT; Schema: public; Owner: survey_user
--

ALTER TABLE ONLY public.survey_surveyparticipant
    ADD CONSTRAINT survey_surveyparticipant_pkey PRIMARY KEY (id);


--
-- Name: survey_surveyparticipant survey_surveyparticipant_response_id_key; Type: CONSTRAINT; Schema: public; Owner: survey_user
--

ALTER TABLE ONLY public.survey_surveyparticipant
    ADD CONSTRAINT survey_surveyparticipant_response_id_key UNIQUE (response_id);


--
-- Name: survey_surveyprogress survey_surveyprogress_participant_id_form_code_bc8f7eb1_uniq; Type: CONSTRAINT; Schema: public; Owner: survey_user
--

ALTER TABLE ONLY public.survey_surveyprogress
    ADD CONSTRAINT survey_surveyprogress_participant_id_form_code_bc8f7eb1_uniq UNIQUE (participant_id, form_code);


--
-- Name: survey_surveyprogress survey_surveyprogress_pkey; Type: CONSTRAINT; Schema: public; Owner: survey_user
--

ALTER TABLE ONLY public.survey_surveyprogress
    ADD CONSTRAINT survey_surveyprogress_pkey PRIMARY KEY (id);


--
-- Name: survey_surveyprogress survey_surveyprogress_response_id_key; Type: CONSTRAINT; Schema: public; Owner: survey_user
--

ALTER TABLE ONLY public.survey_surveyprogress
    ADD CONSTRAINT survey_surveyprogress_response_id_key UNIQUE (response_id);


--
-- Name: survey_surveyunitstatus survey_surveyunitstatus_pkey; Type: CONSTRAINT; Schema: public; Owner: survey_user
--

ALTER TABLE ONLY public.survey_surveyunitstatus
    ADD CONSTRAINT survey_surveyunitstatus_pkey PRIMARY KEY (id);


--
-- Name: survey_surveyunitstatus survey_surveyunitstatus_survey_id_organization_id_71ad0385_uniq; Type: CONSTRAINT; Schema: public; Owner: survey_user
--

ALTER TABLE ONLY public.survey_surveyunitstatus
    ADD CONSTRAINT survey_surveyunitstatus_survey_id_organization_id_71ad0385_uniq UNIQUE (survey_id, organization_id);


--
-- Name: accounts_organization_code_cad13a1a_like; Type: INDEX; Schema: public; Owner: survey_user
--

CREATE INDEX accounts_organization_code_cad13a1a_like ON public.accounts_organization USING btree (code varchar_pattern_ops);


--
-- Name: accounts_organization_parent_id_fe6d2ff2; Type: INDEX; Schema: public; Owner: survey_user
--

CREATE INDEX accounts_organization_parent_id_fe6d2ff2 ON public.accounts_organization USING btree (parent_id);


--
-- Name: accounts_user_groups_group_id_bd11a704; Type: INDEX; Schema: public; Owner: survey_user
--

CREATE INDEX accounts_user_groups_group_id_bd11a704 ON public.accounts_user_groups USING btree (group_id);


--
-- Name: accounts_user_groups_user_id_52b62117; Type: INDEX; Schema: public; Owner: survey_user
--

CREATE INDEX accounts_user_groups_user_id_52b62117 ON public.accounts_user_groups USING btree (user_id);


--
-- Name: accounts_user_organization_id_d808f5ca; Type: INDEX; Schema: public; Owner: survey_user
--

CREATE INDEX accounts_user_organization_id_d808f5ca ON public.accounts_user USING btree (organization_id);


--
-- Name: accounts_user_target_groups_targetgroup_id_0ad6a048; Type: INDEX; Schema: public; Owner: survey_user
--

CREATE INDEX accounts_user_target_groups_targetgroup_id_0ad6a048 ON public.accounts_user_target_groups USING btree (targetgroup_id);


--
-- Name: accounts_user_target_groups_user_id_defcb7db; Type: INDEX; Schema: public; Owner: survey_user
--

CREATE INDEX accounts_user_target_groups_user_id_defcb7db ON public.accounts_user_target_groups USING btree (user_id);


--
-- Name: accounts_user_user_permissions_permission_id_113bb443; Type: INDEX; Schema: public; Owner: survey_user
--

CREATE INDEX accounts_user_user_permissions_permission_id_113bb443 ON public.accounts_user_user_permissions USING btree (permission_id);


--
-- Name: accounts_user_user_permissions_user_id_e4f0a161; Type: INDEX; Schema: public; Owner: survey_user
--

CREATE INDEX accounts_user_user_permissions_user_id_e4f0a161 ON public.accounts_user_user_permissions USING btree (user_id);


--
-- Name: accounts_user_username_6088629e_like; Type: INDEX; Schema: public; Owner: survey_user
--

CREATE INDEX accounts_user_username_6088629e_like ON public.accounts_user USING btree (username varchar_pattern_ops);


--
-- Name: analytics_a_survey__9befcb_idx; Type: INDEX; Schema: public; Owner: survey_user
--

CREATE INDEX analytics_a_survey__9befcb_idx ON public.analytics_aggregatedresult USING btree (survey_id, level, entity_name);


--
-- Name: analytics_aggregatedresult_survey_id_7c8ee715; Type: INDEX; Schema: public; Owner: survey_user
--

CREATE INDEX analytics_aggregatedresult_survey_id_7c8ee715 ON public.analytics_aggregatedresult USING btree (survey_id);


--
-- Name: analytics_comparisonreport_survey_id_072a2dde; Type: INDEX; Schema: public; Owner: survey_user
--

CREATE INDEX analytics_comparisonreport_survey_id_072a2dde ON public.analytics_comparisonreport USING btree (survey_id);


--
-- Name: analytics_scoringconfig_survey_id_8388cbe6; Type: INDEX; Schema: public; Owner: survey_user
--

CREATE INDEX analytics_scoringconfig_survey_id_8388cbe6 ON public.analytics_scoringconfig USING btree (survey_id);


--
-- Name: analytics_targetgroup_category_id_543dc5fe; Type: INDEX; Schema: public; Owner: survey_user
--

CREATE INDEX analytics_targetgroup_category_id_543dc5fe ON public.analytics_targetgroup USING btree (category_id);


--
-- Name: analytics_targetgroup_code_71b55395_like; Type: INDEX; Schema: public; Owner: survey_user
--

CREATE INDEX analytics_targetgroup_code_71b55395_like ON public.analytics_targetgroup USING btree (code varchar_pattern_ops);


--
-- Name: analytics_targetgroup_surveys_survey_id_615de1a9; Type: INDEX; Schema: public; Owner: survey_user
--

CREATE INDEX analytics_targetgroup_surveys_survey_id_615de1a9 ON public.analytics_targetgroup_surveys USING btree (survey_id);


--
-- Name: analytics_targetgroup_surveys_targetgroup_id_0a75863e; Type: INDEX; Schema: public; Owner: survey_user
--

CREATE INDEX analytics_targetgroup_surveys_targetgroup_id_0a75863e ON public.analytics_targetgroup_surveys USING btree (targetgroup_id);


--
-- Name: auth_group_name_a6ea08ec_like; Type: INDEX; Schema: public; Owner: survey_user
--

CREATE INDEX auth_group_name_a6ea08ec_like ON public.auth_group USING btree (name varchar_pattern_ops);


--
-- Name: auth_group_permissions_group_id_b120cbf9; Type: INDEX; Schema: public; Owner: survey_user
--

CREATE INDEX auth_group_permissions_group_id_b120cbf9 ON public.auth_group_permissions USING btree (group_id);


--
-- Name: auth_group_permissions_permission_id_84c5c92e; Type: INDEX; Schema: public; Owner: survey_user
--

CREATE INDEX auth_group_permissions_permission_id_84c5c92e ON public.auth_group_permissions USING btree (permission_id);


--
-- Name: auth_permission_content_type_id_2f476e4b; Type: INDEX; Schema: public; Owner: survey_user
--

CREATE INDEX auth_permission_content_type_id_2f476e4b ON public.auth_permission USING btree (content_type_id);


--
-- Name: django_admin_log_content_type_id_c4bce8eb; Type: INDEX; Schema: public; Owner: survey_user
--

CREATE INDEX django_admin_log_content_type_id_c4bce8eb ON public.django_admin_log USING btree (content_type_id);


--
-- Name: django_admin_log_user_id_c564eba6; Type: INDEX; Schema: public; Owner: survey_user
--

CREATE INDEX django_admin_log_user_id_c564eba6 ON public.django_admin_log USING btree (user_id);


--
-- Name: django_session_expire_date_a5c62663; Type: INDEX; Schema: public; Owner: survey_user
--

CREATE INDEX django_session_expire_date_a5c62663 ON public.django_session USING btree (expire_date);


--
-- Name: django_session_session_key_c0390e0f_like; Type: INDEX; Schema: public; Owner: survey_user
--

CREATE INDEX django_session_session_key_c0390e0f_like ON public.django_session USING btree (session_key varchar_pattern_ops);


--
-- Name: survey_ques_compone_07dab6_idx; Type: INDEX; Schema: public; Owner: survey_user
--

CREATE INDEX survey_ques_compone_07dab6_idx ON public.survey_question USING btree (component_type);


--
-- Name: survey_question_question_type_id_aa3f05b2; Type: INDEX; Schema: public; Owner: survey_user
--

CREATE INDEX survey_question_question_type_id_aa3f05b2 ON public.survey_question USING btree (question_type_id);


--
-- Name: survey_question_section_id_85e91c07; Type: INDEX; Schema: public; Owner: survey_user
--

CREATE INDEX survey_question_section_id_85e91c07 ON public.survey_question USING btree (section_id);


--
-- Name: survey_questiontype_code_371c570a_like; Type: INDEX; Schema: public; Owner: survey_user
--

CREATE INDEX survey_questiontype_code_371c570a_like ON public.survey_questiontype USING btree (code varchar_pattern_ops);


--
-- Name: survey_questiontype_name_345d9ff4_like; Type: INDEX; Schema: public; Owner: survey_user
--

CREATE INDEX survey_questiontype_name_345d9ff4_like ON public.survey_questiontype USING btree (name varchar_pattern_ops);


--
-- Name: survey_resp_is_clea_29ef78_idx; Type: INDEX; Schema: public; Owner: survey_user
--

CREATE INDEX survey_resp_is_clea_29ef78_idx ON public.survey_response USING btree (is_cleaned, is_duplicate);


--
-- Name: survey_resp_respond_addc01_idx; Type: INDEX; Schema: public; Owner: survey_user
--

CREATE INDEX survey_resp_respond_addc01_idx ON public.survey_response USING btree (respondent_ip, respondent_device_id);


--
-- Name: survey_resp_survey__5eac70_idx; Type: INDEX; Schema: public; Owner: survey_user
--

CREATE INDEX survey_resp_survey__5eac70_idx ON public.survey_response USING btree (survey_id, submitted_at);


--
-- Name: survey_resp_survey__bc9fe9_idx; Type: INDEX; Schema: public; Owner: survey_user
--

CREATE INDEX survey_resp_survey__bc9fe9_idx ON public.survey_response USING btree (survey_id, status);


--
-- Name: survey_response_survey_id_be749458; Type: INDEX; Schema: public; Owner: survey_user
--

CREATE INDEX survey_response_survey_id_be749458 ON public.survey_response USING btree (survey_id);


--
-- Name: survey_response_user_id_3e2a2e81; Type: INDEX; Schema: public; Owner: survey_user
--

CREATE INDEX survey_response_user_id_3e2a2e81 ON public.survey_response USING btree (user_id);


--
-- Name: survey_section_survey_id_73b84f3b; Type: INDEX; Schema: public; Owner: survey_user
--

CREATE INDEX survey_section_survey_id_73b84f3b ON public.survey_section USING btree (survey_id);


--
-- Name: survey_surv_organiz_a8ae25_idx; Type: INDEX; Schema: public; Owner: survey_user
--

CREATE INDEX survey_surv_organiz_a8ae25_idx ON public.survey_surveyunitstatus USING btree (organization_id, status);


--
-- Name: survey_surv_slug_b1e903_idx; Type: INDEX; Schema: public; Owner: survey_user
--

CREATE INDEX survey_surv_slug_b1e903_idx ON public.survey_survey USING btree (slug, status);


--
-- Name: survey_surv_survey__11b93f_idx; Type: INDEX; Schema: public; Owner: survey_user
--

CREATE INDEX survey_surv_survey__11b93f_idx ON public.survey_surveyparticipant USING btree (survey_id, session_key);


--
-- Name: survey_surv_survey__5013f5_idx; Type: INDEX; Schema: public; Owner: survey_user
--

CREATE INDEX survey_surv_survey__5013f5_idx ON public.survey_surveyunitstatus USING btree (survey_id, status);


--
-- Name: survey_surv_survey__ef19be_idx; Type: INDEX; Schema: public; Owner: survey_user
--

CREATE INDEX survey_surv_survey__ef19be_idx ON public.survey_surveyparticipant USING btree (survey_id, email);


--
-- Name: survey_surv_survey__f9460a_idx; Type: INDEX; Schema: public; Owner: survey_user
--

CREATE INDEX survey_surv_survey__f9460a_idx ON public.survey_surveyparticipant USING btree (survey_id, target_group_code);


--
-- Name: survey_survey_category_id_2d32ba53; Type: INDEX; Schema: public; Owner: survey_user
--

CREATE INDEX survey_survey_category_id_2d32ba53 ON public.survey_survey USING btree (category_id);


--
-- Name: survey_survey_code_9d40cd9c_like; Type: INDEX; Schema: public; Owner: survey_user
--

CREATE INDEX survey_survey_code_9d40cd9c_like ON public.survey_survey USING btree (code varchar_pattern_ops);


--
-- Name: survey_survey_slug_f3a4b25a_like; Type: INDEX; Schema: public; Owner: survey_user
--

CREATE INDEX survey_survey_slug_f3a4b25a_like ON public.survey_survey USING btree (slug varchar_pattern_ops);


--
-- Name: survey_surveyassignment_section_id_b7244ac9; Type: INDEX; Schema: public; Owner: survey_user
--

CREATE INDEX survey_surveyassignment_section_id_b7244ac9 ON public.survey_surveyassignment USING btree (section_id);


--
-- Name: survey_surveyassignment_survey_id_6173e9fa; Type: INDEX; Schema: public; Owner: survey_user
--

CREATE INDEX survey_surveyassignment_survey_id_6173e9fa ON public.survey_surveyassignment USING btree (survey_id);


--
-- Name: survey_surveycategory_name_5014b361_like; Type: INDEX; Schema: public; Owner: survey_user
--

CREATE INDEX survey_surveycategory_name_5014b361_like ON public.survey_surveycategory USING btree (name varchar_pattern_ops);


--
-- Name: survey_surveyparticipant_survey_id_87a3c21d; Type: INDEX; Schema: public; Owner: survey_user
--

CREATE INDEX survey_surveyparticipant_survey_id_87a3c21d ON public.survey_surveyparticipant USING btree (survey_id);


--
-- Name: survey_surveyparticipant_user_id_cb26c504; Type: INDEX; Schema: public; Owner: survey_user
--

CREATE INDEX survey_surveyparticipant_user_id_cb26c504 ON public.survey_surveyparticipant USING btree (user_id);


--
-- Name: survey_surveyprogress_participant_id_34a833df; Type: INDEX; Schema: public; Owner: survey_user
--

CREATE INDEX survey_surveyprogress_participant_id_34a833df ON public.survey_surveyprogress USING btree (participant_id);


--
-- Name: survey_surveyprogress_survey_id_b01d90e3; Type: INDEX; Schema: public; Owner: survey_user
--

CREATE INDEX survey_surveyprogress_survey_id_b01d90e3 ON public.survey_surveyprogress USING btree (survey_id);


--
-- Name: survey_surveyunitstatus_organization_id_6d68266b; Type: INDEX; Schema: public; Owner: survey_user
--

CREATE INDEX survey_surveyunitstatus_organization_id_6d68266b ON public.survey_surveyunitstatus USING btree (organization_id);


--
-- Name: survey_surveyunitstatus_survey_id_8afa0fb4; Type: INDEX; Schema: public; Owner: survey_user
--

CREATE INDEX survey_surveyunitstatus_survey_id_8afa0fb4 ON public.survey_surveyunitstatus USING btree (survey_id);


--
-- Name: accounts_organization accounts_organizatio_parent_id_fe6d2ff2_fk_accounts_; Type: FK CONSTRAINT; Schema: public; Owner: survey_user
--

ALTER TABLE ONLY public.accounts_organization
    ADD CONSTRAINT accounts_organizatio_parent_id_fe6d2ff2_fk_accounts_ FOREIGN KEY (parent_id) REFERENCES public.accounts_organization(id) DEFERRABLE INITIALLY DEFERRED;


--
-- Name: accounts_user_groups accounts_user_groups_group_id_bd11a704_fk_auth_group_id; Type: FK CONSTRAINT; Schema: public; Owner: survey_user
--

ALTER TABLE ONLY public.accounts_user_groups
    ADD CONSTRAINT accounts_user_groups_group_id_bd11a704_fk_auth_group_id FOREIGN KEY (group_id) REFERENCES public.auth_group(id) DEFERRABLE INITIALLY DEFERRED;


--
-- Name: accounts_user_groups accounts_user_groups_user_id_52b62117_fk_accounts_user_id; Type: FK CONSTRAINT; Schema: public; Owner: survey_user
--

ALTER TABLE ONLY public.accounts_user_groups
    ADD CONSTRAINT accounts_user_groups_user_id_52b62117_fk_accounts_user_id FOREIGN KEY (user_id) REFERENCES public.accounts_user(id) DEFERRABLE INITIALLY DEFERRED;


--
-- Name: accounts_user accounts_user_organization_id_d808f5ca_fk_accounts_; Type: FK CONSTRAINT; Schema: public; Owner: survey_user
--

ALTER TABLE ONLY public.accounts_user
    ADD CONSTRAINT accounts_user_organization_id_d808f5ca_fk_accounts_ FOREIGN KEY (organization_id) REFERENCES public.accounts_organization(id) DEFERRABLE INITIALLY DEFERRED;


--
-- Name: accounts_user_target_groups accounts_user_target_targetgroup_id_0ad6a048_fk_analytics; Type: FK CONSTRAINT; Schema: public; Owner: survey_user
--

ALTER TABLE ONLY public.accounts_user_target_groups
    ADD CONSTRAINT accounts_user_target_targetgroup_id_0ad6a048_fk_analytics FOREIGN KEY (targetgroup_id) REFERENCES public.analytics_targetgroup(id) DEFERRABLE INITIALLY DEFERRED;


--
-- Name: accounts_user_target_groups accounts_user_target_user_id_defcb7db_fk_accounts_; Type: FK CONSTRAINT; Schema: public; Owner: survey_user
--

ALTER TABLE ONLY public.accounts_user_target_groups
    ADD CONSTRAINT accounts_user_target_user_id_defcb7db_fk_accounts_ FOREIGN KEY (user_id) REFERENCES public.accounts_user(id) DEFERRABLE INITIALLY DEFERRED;


--
-- Name: accounts_user_user_permissions accounts_user_user_p_permission_id_113bb443_fk_auth_perm; Type: FK CONSTRAINT; Schema: public; Owner: survey_user
--

ALTER TABLE ONLY public.accounts_user_user_permissions
    ADD CONSTRAINT accounts_user_user_p_permission_id_113bb443_fk_auth_perm FOREIGN KEY (permission_id) REFERENCES public.auth_permission(id) DEFERRABLE INITIALLY DEFERRED;


--
-- Name: accounts_user_user_permissions accounts_user_user_p_user_id_e4f0a161_fk_accounts_; Type: FK CONSTRAINT; Schema: public; Owner: survey_user
--

ALTER TABLE ONLY public.accounts_user_user_permissions
    ADD CONSTRAINT accounts_user_user_p_user_id_e4f0a161_fk_accounts_ FOREIGN KEY (user_id) REFERENCES public.accounts_user(id) DEFERRABLE INITIALLY DEFERRED;


--
-- Name: analytics_aggregatedresult analytics_aggregated_survey_id_7c8ee715_fk_survey_su; Type: FK CONSTRAINT; Schema: public; Owner: survey_user
--

ALTER TABLE ONLY public.analytics_aggregatedresult
    ADD CONSTRAINT analytics_aggregated_survey_id_7c8ee715_fk_survey_su FOREIGN KEY (survey_id) REFERENCES public.survey_survey(id) DEFERRABLE INITIALLY DEFERRED;


--
-- Name: analytics_comparisonreport analytics_comparison_survey_id_072a2dde_fk_survey_su; Type: FK CONSTRAINT; Schema: public; Owner: survey_user
--

ALTER TABLE ONLY public.analytics_comparisonreport
    ADD CONSTRAINT analytics_comparison_survey_id_072a2dde_fk_survey_su FOREIGN KEY (survey_id) REFERENCES public.survey_survey(id) DEFERRABLE INITIALLY DEFERRED;


--
-- Name: analytics_scoringconfig analytics_scoringconfig_survey_id_8388cbe6_fk_survey_survey_id; Type: FK CONSTRAINT; Schema: public; Owner: survey_user
--

ALTER TABLE ONLY public.analytics_scoringconfig
    ADD CONSTRAINT analytics_scoringconfig_survey_id_8388cbe6_fk_survey_survey_id FOREIGN KEY (survey_id) REFERENCES public.survey_survey(id) DEFERRABLE INITIALLY DEFERRED;


--
-- Name: analytics_targetgroup analytics_targetgrou_category_id_543dc5fe_fk_survey_su; Type: FK CONSTRAINT; Schema: public; Owner: survey_user
--

ALTER TABLE ONLY public.analytics_targetgroup
    ADD CONSTRAINT analytics_targetgrou_category_id_543dc5fe_fk_survey_su FOREIGN KEY (category_id) REFERENCES public.survey_surveycategory(id) DEFERRABLE INITIALLY DEFERRED;


--
-- Name: analytics_targetgroup_surveys analytics_targetgrou_survey_id_615de1a9_fk_survey_su; Type: FK CONSTRAINT; Schema: public; Owner: survey_user
--

ALTER TABLE ONLY public.analytics_targetgroup_surveys
    ADD CONSTRAINT analytics_targetgrou_survey_id_615de1a9_fk_survey_su FOREIGN KEY (survey_id) REFERENCES public.survey_survey(id) DEFERRABLE INITIALLY DEFERRED;


--
-- Name: analytics_targetgroup_surveys analytics_targetgrou_targetgroup_id_0a75863e_fk_analytics; Type: FK CONSTRAINT; Schema: public; Owner: survey_user
--

ALTER TABLE ONLY public.analytics_targetgroup_surveys
    ADD CONSTRAINT analytics_targetgrou_targetgroup_id_0a75863e_fk_analytics FOREIGN KEY (targetgroup_id) REFERENCES public.analytics_targetgroup(id) DEFERRABLE INITIALLY DEFERRED;


--
-- Name: auth_group_permissions auth_group_permissio_permission_id_84c5c92e_fk_auth_perm; Type: FK CONSTRAINT; Schema: public; Owner: survey_user
--

ALTER TABLE ONLY public.auth_group_permissions
    ADD CONSTRAINT auth_group_permissio_permission_id_84c5c92e_fk_auth_perm FOREIGN KEY (permission_id) REFERENCES public.auth_permission(id) DEFERRABLE INITIALLY DEFERRED;


--
-- Name: auth_group_permissions auth_group_permissions_group_id_b120cbf9_fk_auth_group_id; Type: FK CONSTRAINT; Schema: public; Owner: survey_user
--

ALTER TABLE ONLY public.auth_group_permissions
    ADD CONSTRAINT auth_group_permissions_group_id_b120cbf9_fk_auth_group_id FOREIGN KEY (group_id) REFERENCES public.auth_group(id) DEFERRABLE INITIALLY DEFERRED;


--
-- Name: auth_permission auth_permission_content_type_id_2f476e4b_fk_django_co; Type: FK CONSTRAINT; Schema: public; Owner: survey_user
--

ALTER TABLE ONLY public.auth_permission
    ADD CONSTRAINT auth_permission_content_type_id_2f476e4b_fk_django_co FOREIGN KEY (content_type_id) REFERENCES public.django_content_type(id) DEFERRABLE INITIALLY DEFERRED;


--
-- Name: django_admin_log django_admin_log_content_type_id_c4bce8eb_fk_django_co; Type: FK CONSTRAINT; Schema: public; Owner: survey_user
--

ALTER TABLE ONLY public.django_admin_log
    ADD CONSTRAINT django_admin_log_content_type_id_c4bce8eb_fk_django_co FOREIGN KEY (content_type_id) REFERENCES public.django_content_type(id) DEFERRABLE INITIALLY DEFERRED;


--
-- Name: django_admin_log django_admin_log_user_id_c564eba6_fk_accounts_user_id; Type: FK CONSTRAINT; Schema: public; Owner: survey_user
--

ALTER TABLE ONLY public.django_admin_log
    ADD CONSTRAINT django_admin_log_user_id_c564eba6_fk_accounts_user_id FOREIGN KEY (user_id) REFERENCES public.accounts_user(id) DEFERRABLE INITIALLY DEFERRED;


--
-- Name: survey_question survey_question_question_type_id_aa3f05b2_fk_survey_qu; Type: FK CONSTRAINT; Schema: public; Owner: survey_user
--

ALTER TABLE ONLY public.survey_question
    ADD CONSTRAINT survey_question_question_type_id_aa3f05b2_fk_survey_qu FOREIGN KEY (question_type_id) REFERENCES public.survey_questiontype(id) DEFERRABLE INITIALLY DEFERRED;


--
-- Name: survey_question survey_question_section_id_85e91c07_fk_survey_section_id; Type: FK CONSTRAINT; Schema: public; Owner: survey_user
--

ALTER TABLE ONLY public.survey_question
    ADD CONSTRAINT survey_question_section_id_85e91c07_fk_survey_section_id FOREIGN KEY (section_id) REFERENCES public.survey_section(id) DEFERRABLE INITIALLY DEFERRED;


--
-- Name: survey_response survey_response_survey_id_be749458_fk_survey_survey_id; Type: FK CONSTRAINT; Schema: public; Owner: survey_user
--

ALTER TABLE ONLY public.survey_response
    ADD CONSTRAINT survey_response_survey_id_be749458_fk_survey_survey_id FOREIGN KEY (survey_id) REFERENCES public.survey_survey(id) DEFERRABLE INITIALLY DEFERRED;


--
-- Name: survey_response survey_response_user_id_3e2a2e81_fk_accounts_user_id; Type: FK CONSTRAINT; Schema: public; Owner: survey_user
--

ALTER TABLE ONLY public.survey_response
    ADD CONSTRAINT survey_response_user_id_3e2a2e81_fk_accounts_user_id FOREIGN KEY (user_id) REFERENCES public.accounts_user(id) DEFERRABLE INITIALLY DEFERRED;


--
-- Name: survey_section survey_section_survey_id_73b84f3b_fk_survey_survey_id; Type: FK CONSTRAINT; Schema: public; Owner: survey_user
--

ALTER TABLE ONLY public.survey_section
    ADD CONSTRAINT survey_section_survey_id_73b84f3b_fk_survey_survey_id FOREIGN KEY (survey_id) REFERENCES public.survey_survey(id) DEFERRABLE INITIALLY DEFERRED;


--
-- Name: survey_survey survey_survey_category_id_2d32ba53_fk_survey_surveycategory_id; Type: FK CONSTRAINT; Schema: public; Owner: survey_user
--

ALTER TABLE ONLY public.survey_survey
    ADD CONSTRAINT survey_survey_category_id_2d32ba53_fk_survey_surveycategory_id FOREIGN KEY (category_id) REFERENCES public.survey_surveycategory(id) DEFERRABLE INITIALLY DEFERRED;


--
-- Name: survey_surveyassignment survey_surveyassignm_section_id_b7244ac9_fk_survey_se; Type: FK CONSTRAINT; Schema: public; Owner: survey_user
--

ALTER TABLE ONLY public.survey_surveyassignment
    ADD CONSTRAINT survey_surveyassignm_section_id_b7244ac9_fk_survey_se FOREIGN KEY (section_id) REFERENCES public.survey_section(id) DEFERRABLE INITIALLY DEFERRED;


--
-- Name: survey_surveyassignment survey_surveyassignment_survey_id_6173e9fa_fk_survey_survey_id; Type: FK CONSTRAINT; Schema: public; Owner: survey_user
--

ALTER TABLE ONLY public.survey_surveyassignment
    ADD CONSTRAINT survey_surveyassignment_survey_id_6173e9fa_fk_survey_survey_id FOREIGN KEY (survey_id) REFERENCES public.survey_survey(id) DEFERRABLE INITIALLY DEFERRED;


--
-- Name: survey_surveyparticipant survey_surveypartici_response_id_cabb7086_fk_survey_re; Type: FK CONSTRAINT; Schema: public; Owner: survey_user
--

ALTER TABLE ONLY public.survey_surveyparticipant
    ADD CONSTRAINT survey_surveypartici_response_id_cabb7086_fk_survey_re FOREIGN KEY (response_id) REFERENCES public.survey_response(id) DEFERRABLE INITIALLY DEFERRED;


--
-- Name: survey_surveyparticipant survey_surveyparticipant_survey_id_87a3c21d_fk_survey_survey_id; Type: FK CONSTRAINT; Schema: public; Owner: survey_user
--

ALTER TABLE ONLY public.survey_surveyparticipant
    ADD CONSTRAINT survey_surveyparticipant_survey_id_87a3c21d_fk_survey_survey_id FOREIGN KEY (survey_id) REFERENCES public.survey_survey(id) DEFERRABLE INITIALLY DEFERRED;


--
-- Name: survey_surveyparticipant survey_surveyparticipant_user_id_cb26c504_fk_accounts_user_id; Type: FK CONSTRAINT; Schema: public; Owner: survey_user
--

ALTER TABLE ONLY public.survey_surveyparticipant
    ADD CONSTRAINT survey_surveyparticipant_user_id_cb26c504_fk_accounts_user_id FOREIGN KEY (user_id) REFERENCES public.accounts_user(id) DEFERRABLE INITIALLY DEFERRED;


--
-- Name: survey_surveyprogress survey_surveyprogres_participant_id_34a833df_fk_survey_su; Type: FK CONSTRAINT; Schema: public; Owner: survey_user
--

ALTER TABLE ONLY public.survey_surveyprogress
    ADD CONSTRAINT survey_surveyprogres_participant_id_34a833df_fk_survey_su FOREIGN KEY (participant_id) REFERENCES public.survey_surveyparticipant(id) DEFERRABLE INITIALLY DEFERRED;


--
-- Name: survey_surveyprogress survey_surveyprogres_response_id_ab143ffc_fk_survey_re; Type: FK CONSTRAINT; Schema: public; Owner: survey_user
--

ALTER TABLE ONLY public.survey_surveyprogress
    ADD CONSTRAINT survey_surveyprogres_response_id_ab143ffc_fk_survey_re FOREIGN KEY (response_id) REFERENCES public.survey_response(id) DEFERRABLE INITIALLY DEFERRED;


--
-- Name: survey_surveyprogress survey_surveyprogress_survey_id_b01d90e3_fk_survey_survey_id; Type: FK CONSTRAINT; Schema: public; Owner: survey_user
--

ALTER TABLE ONLY public.survey_surveyprogress
    ADD CONSTRAINT survey_surveyprogress_survey_id_b01d90e3_fk_survey_survey_id FOREIGN KEY (survey_id) REFERENCES public.survey_survey(id) DEFERRABLE INITIALLY DEFERRED;


--
-- Name: survey_surveyunitstatus survey_surveyunitsta_organization_id_6d68266b_fk_accounts_; Type: FK CONSTRAINT; Schema: public; Owner: survey_user
--

ALTER TABLE ONLY public.survey_surveyunitstatus
    ADD CONSTRAINT survey_surveyunitsta_organization_id_6d68266b_fk_accounts_ FOREIGN KEY (organization_id) REFERENCES public.accounts_organization(id) DEFERRABLE INITIALLY DEFERRED;


--
-- Name: survey_surveyunitstatus survey_surveyunitstatus_survey_id_8afa0fb4_fk_survey_survey_id; Type: FK CONSTRAINT; Schema: public; Owner: survey_user
--

ALTER TABLE ONLY public.survey_surveyunitstatus
    ADD CONSTRAINT survey_surveyunitstatus_survey_id_8afa0fb4_fk_survey_survey_id FOREIGN KEY (survey_id) REFERENCES public.survey_survey(id) DEFERRABLE INITIALLY DEFERRED;


--
-- PostgreSQL database dump complete
--

\unrestrict MJhflUCPuqfLf0uyC9mgMtNBxZxVXYycGL6ei0vkRmJuf09bTmznKcatiq9OFhC

