--
-- PostgreSQL database dump
--

\restrict cyVZaDB6t4YZ6577OIWfcSpSGzvWJfDak2jG72aViVQj0XzNpCAzhiNjM69Q1p4

-- Dumped from database version 14.23 (Ubuntu 14.23-0ubuntu0.22.04.1)
-- Dumped by pg_dump version 14.23 (Ubuntu 14.23-0ubuntu0.22.04.1)

SET statement_timeout = 0;
SET lock_timeout = 0;
SET idle_in_transaction_session_timeout = 0;
SET client_encoding = 'UTF8';
SET standard_conforming_strings = on;
SELECT pg_catalog.set_config('search_path', '', false);
SET check_function_bodies = false;
SET xmloption = content;
SET client_min_messages = warning;
SET row_security = off;

SET default_tablespace = '';

SET default_table_access_method = heap;

--
-- Name: accounts_organization; Type: TABLE; Schema: public; Owner: survey_user
--

CREATE TABLE public.accounts_organization (
    id bigint NOT NULL,
    name character varying(255) NOT NULL,
    code character varying(50) NOT NULL,
    level character varying(20) NOT NULL,
    is_active boolean NOT NULL,
    parent_id bigint
);


ALTER TABLE public.accounts_organization OWNER TO survey_user;

--
-- Name: accounts_organization_id_seq; Type: SEQUENCE; Schema: public; Owner: survey_user
--

ALTER TABLE public.accounts_organization ALTER COLUMN id ADD GENERATED BY DEFAULT AS IDENTITY (
    SEQUENCE NAME public.accounts_organization_id_seq
    START WITH 1
    INCREMENT BY 1
    NO MINVALUE
    NO MAXVALUE
    CACHE 1
);


--
-- Name: accounts_user; Type: TABLE; Schema: public; Owner: survey_user
--

CREATE TABLE public.accounts_user (
    id bigint NOT NULL,
    password character varying(128) NOT NULL,
    last_login timestamp with time zone,
    is_superuser boolean NOT NULL,
    username character varying(150) NOT NULL,
    first_name character varying(150) NOT NULL,
    last_name character varying(150) NOT NULL,
    email character varying(254) NOT NULL,
    is_staff boolean NOT NULL,
    is_active boolean NOT NULL,
    date_joined timestamp with time zone NOT NULL,
    phone_number character varying(15),
    "position" character varying(100),
    is_surveyor boolean NOT NULL,
    last_active_at timestamp with time zone NOT NULL,
    organization_id bigint
);


ALTER TABLE public.accounts_user OWNER TO survey_user;

--
-- Name: accounts_user_groups; Type: TABLE; Schema: public; Owner: survey_user
--

CREATE TABLE public.accounts_user_groups (
    id bigint NOT NULL,
    user_id bigint NOT NULL,
    group_id integer NOT NULL
);


ALTER TABLE public.accounts_user_groups OWNER TO survey_user;

--
-- Name: accounts_user_groups_id_seq; Type: SEQUENCE; Schema: public; Owner: survey_user
--

ALTER TABLE public.accounts_user_groups ALTER COLUMN id ADD GENERATED BY DEFAULT AS IDENTITY (
    SEQUENCE NAME public.accounts_user_groups_id_seq
    START WITH 1
    INCREMENT BY 1
    NO MINVALUE
    NO MAXVALUE
    CACHE 1
);


--
-- Name: accounts_user_id_seq; Type: SEQUENCE; Schema: public; Owner: survey_user
--

ALTER TABLE public.accounts_user ALTER COLUMN id ADD GENERATED BY DEFAULT AS IDENTITY (
    SEQUENCE NAME public.accounts_user_id_seq
    START WITH 1
    INCREMENT BY 1
    NO MINVALUE
    NO MAXVALUE
    CACHE 1
);


--
-- Name: accounts_user_target_groups; Type: TABLE; Schema: public; Owner: survey_user
--

CREATE TABLE public.accounts_user_target_groups (
    id bigint NOT NULL,
    user_id bigint NOT NULL,
    targetgroup_id bigint NOT NULL
);


ALTER TABLE public.accounts_user_target_groups OWNER TO survey_user;

--
-- Name: accounts_user_target_groups_id_seq; Type: SEQUENCE; Schema: public; Owner: survey_user
--

ALTER TABLE public.accounts_user_target_groups ALTER COLUMN id ADD GENERATED BY DEFAULT AS IDENTITY (
    SEQUENCE NAME public.accounts_user_target_groups_id_seq
    START WITH 1
    INCREMENT BY 1
    NO MINVALUE
    NO MAXVALUE
    CACHE 1
);


--
-- Name: accounts_user_user_permissions; Type: TABLE; Schema: public; Owner: survey_user
--

CREATE TABLE public.accounts_user_user_permissions (
    id bigint NOT NULL,
    user_id bigint NOT NULL,
    permission_id integer NOT NULL
);


ALTER TABLE public.accounts_user_user_permissions OWNER TO survey_user;

--
-- Name: accounts_user_user_permissions_id_seq; Type: SEQUENCE; Schema: public; Owner: survey_user
--

ALTER TABLE public.accounts_user_user_permissions ALTER COLUMN id ADD GENERATED BY DEFAULT AS IDENTITY (
    SEQUENCE NAME public.accounts_user_user_permissions_id_seq
    START WITH 1
    INCREMENT BY 1
    NO MINVALUE
    NO MAXVALUE
    CACHE 1
);


--
-- Name: analytics_aggregatedresult; Type: TABLE; Schema: public; Owner: survey_user
--

CREATE TABLE public.analytics_aggregatedresult (
    id bigint NOT NULL,
    level character varying(20) NOT NULL,
    entity_name character varying(255) NOT NULL,
    entity_code character varying(50),
    total_responses integer NOT NULL,
    average_score double precision NOT NULL,
    raw_data jsonb NOT NULL,
    calculated_at timestamp with time zone NOT NULL,
    year integer NOT NULL,
    quarter integer,
    survey_id bigint NOT NULL,
    CONSTRAINT analytics_aggregatedresult_quarter_check CHECK ((quarter >= 0)),
    CONSTRAINT analytics_aggregatedresult_total_responses_check CHECK ((total_responses >= 0)),
    CONSTRAINT analytics_aggregatedresult_year_check CHECK ((year >= 0))
);


ALTER TABLE public.analytics_aggregatedresult OWNER TO survey_user;

--
-- Name: analytics_aggregatedresult_id_seq; Type: SEQUENCE; Schema: public; Owner: survey_user
--

ALTER TABLE public.analytics_aggregatedresult ALTER COLUMN id ADD GENERATED BY DEFAULT AS IDENTITY (
    SEQUENCE NAME public.analytics_aggregatedresult_id_seq
    START WITH 1
    INCREMENT BY 1
    NO MINVALUE
    NO MAXVALUE
    CACHE 1
);


--
-- Name: analytics_comparisonreport; Type: TABLE; Schema: public; Owner: survey_user
--

CREATE TABLE public.analytics_comparisonreport (
    id bigint NOT NULL,
    name character varying(255) NOT NULL,
    comparison_type character varying(50) NOT NULL,
    report_data jsonb NOT NULL,
    generated_at timestamp with time zone NOT NULL,
    export_file character varying(100),
    survey_id bigint NOT NULL
);


ALTER TABLE public.analytics_comparisonreport OWNER TO survey_user;

--
-- Name: analytics_comparisonreport_id_seq; Type: SEQUENCE; Schema: public; Owner: survey_user
--

ALTER TABLE public.analytics_comparisonreport ALTER COLUMN id ADD GENERATED BY DEFAULT AS IDENTITY (
    SEQUENCE NAME public.analytics_comparisonreport_id_seq
    START WITH 1
    INCREMENT BY 1
    NO MINVALUE
    NO MAXVALUE
    CACHE 1
);


--
-- Name: analytics_scoringconfig; Type: TABLE; Schema: public; Owner: survey_user
--

CREATE TABLE public.analytics_scoringconfig (
    id bigint NOT NULL,
    name character varying(255) NOT NULL,
    criteria_mapping jsonb NOT NULL,
    created_at timestamp with time zone NOT NULL,
    is_active boolean NOT NULL,
    survey_id bigint NOT NULL
);


ALTER TABLE public.analytics_scoringconfig OWNER TO survey_user;

--
-- Name: analytics_scoringconfig_id_seq; Type: SEQUENCE; Schema: public; Owner: survey_user
--

ALTER TABLE public.analytics_scoringconfig ALTER COLUMN id ADD GENERATED BY DEFAULT AS IDENTITY (
    SEQUENCE NAME public.analytics_scoringconfig_id_seq
    START WITH 1
    INCREMENT BY 1
    NO MINVALUE
    NO MAXVALUE
    CACHE 1
);


--
-- Name: analytics_targetgroup; Type: TABLE; Schema: public; Owner: survey_user
--

CREATE TABLE public.analytics_targetgroup (
    id bigint NOT NULL,
    code character varying(50) NOT NULL,
    name character varying(255) NOT NULL,
    description text,
    icon character varying(50) NOT NULL,
    is_active boolean NOT NULL,
    forms jsonb NOT NULL,
    created_at timestamp with time zone NOT NULL,
    updated_at timestamp with time zone NOT NULL,
    category_id bigint
);


ALTER TABLE public.analytics_targetgroup OWNER TO survey_user;

--
-- Name: analytics_targetgroup_id_seq; Type: SEQUENCE; Schema: public; Owner: survey_user
--

ALTER TABLE public.analytics_targetgroup ALTER COLUMN id ADD GENERATED BY DEFAULT AS IDENTITY (
    SEQUENCE NAME public.analytics_targetgroup_id_seq
    START WITH 1
    INCREMENT BY 1
    NO MINVALUE
    NO MAXVALUE
    CACHE 1
);


--
-- Name: analytics_targetgroup_surveys; Type: TABLE; Schema: public; Owner: survey_user
--

CREATE TABLE public.analytics_targetgroup_surveys (
    id bigint NOT NULL,
    targetgroup_id bigint NOT NULL,
    survey_id bigint NOT NULL
);


ALTER TABLE public.analytics_targetgroup_surveys OWNER TO survey_user;

--
-- Name: analytics_targetgroup_surveys_id_seq; Type: SEQUENCE; Schema: public; Owner: survey_user
--

ALTER TABLE public.analytics_targetgroup_surveys ALTER COLUMN id ADD GENERATED BY DEFAULT AS IDENTITY (
    SEQUENCE NAME public.analytics_targetgroup_surveys_id_seq
    START WITH 1
    INCREMENT BY 1
    NO MINVALUE
    NO MAXVALUE
    CACHE 1
);


--
-- Name: auth_group; Type: TABLE; Schema: public; Owner: survey_user
--

CREATE TABLE public.auth_group (
    id integer NOT NULL,
    name character varying(150) NOT NULL
);


ALTER TABLE public.auth_group OWNER TO survey_user;

--
-- Name: auth_group_id_seq; Type: SEQUENCE; Schema: public; Owner: survey_user
--

ALTER TABLE public.auth_group ALTER COLUMN id ADD GENERATED BY DEFAULT AS IDENTITY (
    SEQUENCE NAME public.auth_group_id_seq
    START WITH 1
    INCREMENT BY 1
    NO MINVALUE
    NO MAXVALUE
    CACHE 1
);


--
-- Name: auth_group_permissions; Type: TABLE; Schema: public; Owner: survey_user
--

CREATE TABLE public.auth_group_permissions (
    id bigint NOT NULL,
    group_id integer NOT NULL,
    permission_id integer NOT NULL
);


ALTER TABLE public.auth_group_permissions OWNER TO survey_user;

--
-- Name: auth_group_permissions_id_seq; Type: SEQUENCE; Schema: public; Owner: survey_user
--

ALTER TABLE public.auth_group_permissions ALTER COLUMN id ADD GENERATED BY DEFAULT AS IDENTITY (
    SEQUENCE NAME public.auth_group_permissions_id_seq
    START WITH 1
    INCREMENT BY 1
    NO MINVALUE
    NO MAXVALUE
    CACHE 1
);


--
-- Name: auth_permission; Type: TABLE; Schema: public; Owner: survey_user
--

CREATE TABLE public.auth_permission (
    id integer NOT NULL,
    name character varying(255) NOT NULL,
    content_type_id integer NOT NULL,
    codename character varying(100) NOT NULL
);


ALTER TABLE public.auth_permission OWNER TO survey_user;

--
-- Name: auth_permission_id_seq; Type: SEQUENCE; Schema: public; Owner: survey_user
--

ALTER TABLE public.auth_permission ALTER COLUMN id ADD GENERATED BY DEFAULT AS IDENTITY (
    SEQUENCE NAME public.auth_permission_id_seq
    START WITH 1
    INCREMENT BY 1
    NO MINVALUE
    NO MAXVALUE
    CACHE 1
);


--
-- Name: django_admin_log; Type: TABLE; Schema: public; Owner: survey_user
--

CREATE TABLE public.django_admin_log (
    id integer NOT NULL,
    action_time timestamp with time zone NOT NULL,
    object_id text,
    object_repr character varying(200) NOT NULL,
    action_flag smallint NOT NULL,
    change_message text NOT NULL,
    content_type_id integer,
    user_id bigint NOT NULL,
    CONSTRAINT django_admin_log_action_flag_check CHECK ((action_flag >= 0))
);


ALTER TABLE public.django_admin_log OWNER TO survey_user;

--
-- Name: django_admin_log_id_seq; Type: SEQUENCE; Schema: public; Owner: survey_user
--

ALTER TABLE public.django_admin_log ALTER COLUMN id ADD GENERATED BY DEFAULT AS IDENTITY (
    SEQUENCE NAME public.django_admin_log_id_seq
    START WITH 1
    INCREMENT BY 1
    NO MINVALUE
    NO MAXVALUE
    CACHE 1
);


--
-- Name: django_content_type; Type: TABLE; Schema: public; Owner: survey_user
--

CREATE TABLE public.django_content_type (
    id integer NOT NULL,
    app_label character varying(100) NOT NULL,
    model character varying(100) NOT NULL
);


ALTER TABLE public.django_content_type OWNER TO survey_user;

--
-- Name: django_content_type_id_seq; Type: SEQUENCE; Schema: public; Owner: survey_user
--

ALTER TABLE public.django_content_type ALTER COLUMN id ADD GENERATED BY DEFAULT AS IDENTITY (
    SEQUENCE NAME public.django_content_type_id_seq
    START WITH 1
    INCREMENT BY 1
    NO MINVALUE
    NO MAXVALUE
    CACHE 1
);


--
-- Name: django_migrations; Type: TABLE; Schema: public; Owner: survey_user
--

CREATE TABLE public.django_migrations (
    id bigint NOT NULL,
    app character varying(255) NOT NULL,
    name character varying(255) NOT NULL,
    applied timestamp with time zone NOT NULL
);


ALTER TABLE public.django_migrations OWNER TO survey_user;

--
-- Name: django_migrations_id_seq; Type: SEQUENCE; Schema: public; Owner: survey_user
--

ALTER TABLE public.django_migrations ALTER COLUMN id ADD GENERATED BY DEFAULT AS IDENTITY (
    SEQUENCE NAME public.django_migrations_id_seq
    START WITH 1
    INCREMENT BY 1
    NO MINVALUE
    NO MAXVALUE
    CACHE 1
);


--
-- Name: django_session; Type: TABLE; Schema: public; Owner: survey_user
--

CREATE TABLE public.django_session (
    session_key character varying(40) NOT NULL,
    session_data text NOT NULL,
    expire_date timestamp with time zone NOT NULL
);


ALTER TABLE public.django_session OWNER TO survey_user;

--
-- Name: survey_blocklist; Type: TABLE; Schema: public; Owner: survey_user
--

CREATE TABLE public.survey_blocklist (
    id bigint NOT NULL,
    block_type character varying(20) NOT NULL,
    value character varying(255) NOT NULL,
    reason text,
    created_at timestamp with time zone NOT NULL,
    expires_at timestamp with time zone
);


ALTER TABLE public.survey_blocklist OWNER TO survey_user;

--
-- Name: survey_blocklist_id_seq; Type: SEQUENCE; Schema: public; Owner: survey_user
--

ALTER TABLE public.survey_blocklist ALTER COLUMN id ADD GENERATED BY DEFAULT AS IDENTITY (
    SEQUENCE NAME public.survey_blocklist_id_seq
    START WITH 1
    INCREMENT BY 1
    NO MINVALUE
    NO MAXVALUE
    CACHE 1
);


--
-- Name: survey_question; Type: TABLE; Schema: public; Owner: survey_user
--

CREATE TABLE public.survey_question (
    id bigint NOT NULL,
    title character varying(500) NOT NULL,
    description text,
    is_required boolean NOT NULL,
    "order" integer NOT NULL,
    options jsonb NOT NULL,
    condition_logic jsonb NOT NULL,
    config jsonb NOT NULL,
    created_at timestamp with time zone NOT NULL,
    updated_at timestamp with time zone NOT NULL,
    question_type_id bigint NOT NULL,
    section_id bigint NOT NULL,
    component_type character varying(50) NOT NULL,
    CONSTRAINT survey_question_order_check CHECK (("order" >= 0))
);


ALTER TABLE public.survey_question OWNER TO survey_user;

--
-- Name: survey_question_id_seq; Type: SEQUENCE; Schema: public; Owner: survey_user
--

ALTER TABLE public.survey_question ALTER COLUMN id ADD GENERATED BY DEFAULT AS IDENTITY (
    SEQUENCE NAME public.survey_question_id_seq
    START WITH 1
    INCREMENT BY 1
    NO MINVALUE
    NO MAXVALUE
    CACHE 1
);


--
-- Name: survey_questiontype; Type: TABLE; Schema: public; Owner: survey_user
--

CREATE TABLE public.survey_questiontype (
    id bigint NOT NULL,
    name character varying(100) NOT NULL,
    code character varying(50) NOT NULL,
    icon character varying(50),
    has_options boolean NOT NULL,
    has_validation boolean NOT NULL,
    created_at timestamp with time zone NOT NULL
);


ALTER TABLE public.survey_questiontype OWNER TO survey_user;

--
-- Name: survey_questiontype_id_seq; Type: SEQUENCE; Schema: public; Owner: survey_user
--

ALTER TABLE public.survey_questiontype ALTER COLUMN id ADD GENERATED BY DEFAULT AS IDENTITY (
    SEQUENCE NAME public.survey_questiontype_id_seq
    START WITH 1
    INCREMENT BY 1
    NO MINVALUE
    NO MAXVALUE
    CACHE 1
);


--
-- Name: survey_response; Type: TABLE; Schema: public; Owner: survey_user
--

CREATE TABLE public.survey_response (
    id bigint NOT NULL,
    respondent_ip inet,
    respondent_device_id character varying(255),
    respondent_email character varying(254),
    user_agent text,
    started_at timestamp with time zone NOT NULL,
    submitted_at timestamp with time zone,
    time_taken integer NOT NULL,
    answers jsonb NOT NULL,
    is_verified boolean NOT NULL,
    verification_token character varying(64),
    is_cleaned boolean NOT NULL,
    is_duplicate boolean NOT NULL,
    created_at timestamp with time zone NOT NULL,
    user_id bigint,
    survey_id bigint NOT NULL,
    section_progress jsonb NOT NULL,
    status character varying(20) NOT NULL,
    CONSTRAINT survey_response_time_taken_check CHECK ((time_taken >= 0))
);


ALTER TABLE public.survey_response OWNER TO survey_user;

--
-- Name: survey_response_id_seq; Type: SEQUENCE; Schema: public; Owner: survey_user
--

ALTER TABLE public.survey_response ALTER COLUMN id ADD GENERATED BY DEFAULT AS IDENTITY (
    SEQUENCE NAME public.survey_response_id_seq
    START WITH 1
    INCREMENT BY 1
    NO MINVALUE
    NO MAXVALUE
    CACHE 1
);


--
-- Name: survey_section; Type: TABLE; Schema: public; Owner: survey_user
--

CREATE TABLE public.survey_section (
    id bigint NOT NULL,
    code character varying(50) NOT NULL,
    title character varying(255) NOT NULL,
    description text,
    icon character varying(50),
    "order" integer NOT NULL,
    created_at timestamp with time zone NOT NULL,
    updated_at timestamp with time zone NOT NULL,
    survey_id bigint NOT NULL,
    CONSTRAINT survey_section_order_check CHECK (("order" >= 0))
);


ALTER TABLE public.survey_section OWNER TO survey_user;

--
-- Name: survey_section_id_seq; Type: SEQUENCE; Schema: public; Owner: survey_user
--

ALTER TABLE public.survey_section ALTER COLUMN id ADD GENERATED BY DEFAULT AS IDENTITY (
    SEQUENCE NAME public.survey_section_id_seq
    START WITH 1
    INCREMENT BY 1
    NO MINVALUE
    NO MAXVALUE
    CACHE 1
);


--
-- Name: survey_survey; Type: TABLE; Schema: public; Owner: survey_user
--

CREATE TABLE public.survey_survey (
    id bigint NOT NULL,
    title character varying(255) NOT NULL,
    slug character varying(255) NOT NULL,
    description text,
    start_date timestamp with time zone NOT NULL,
    end_date timestamp with time zone NOT NULL,
    allow_after_deadline boolean NOT NULL,
    status character varying(20) NOT NULL,
    target_groups jsonb NOT NULL,
    settings jsonb NOT NULL,
    created_at timestamp with time zone NOT NULL,
    updated_at timestamp with time zone NOT NULL,
    category_id bigint,
    code character varying(20)
);


ALTER TABLE public.survey_survey OWNER TO survey_user;

--
-- Name: survey_survey_id_seq; Type: SEQUENCE; Schema: public; Owner: survey_user
--

ALTER TABLE public.survey_survey ALTER COLUMN id ADD GENERATED BY DEFAULT AS IDENTITY (
    SEQUENCE NAME public.survey_survey_id_seq
    START WITH 1
    INCREMENT BY 1
    NO MINVALUE
    NO MAXVALUE
    CACHE 1
);


--
-- Name: survey_surveyassignment; Type: TABLE; Schema: public; Owner: survey_user
--

CREATE TABLE public.survey_surveyassignment (
    id bigint NOT NULL,
    form_code character varying(20) NOT NULL,
    form_name character varying(255) NOT NULL,
    form_description text,
    target_group_code character varying(50) NOT NULL,
    target_group_name character varying(255) NOT NULL,
    target_group_description text,
    is_active boolean NOT NULL,
    "order" integer NOT NULL,
    created_at timestamp with time zone NOT NULL,
    updated_at timestamp with time zone NOT NULL,
    section_id bigint,
    survey_id bigint NOT NULL,
    CONSTRAINT survey_surveyassignment_order_check CHECK (("order" >= 0))
);


ALTER TABLE public.survey_surveyassignment OWNER TO survey_user;

--
-- Name: survey_surveyassignment_id_seq; Type: SEQUENCE; Schema: public; Owner: survey_user
--

ALTER TABLE public.survey_surveyassignment ALTER COLUMN id ADD GENERATED BY DEFAULT AS IDENTITY (
    SEQUENCE NAME public.survey_surveyassignment_id_seq
    START WITH 1
    INCREMENT BY 1
    NO MINVALUE
    NO MAXVALUE
    CACHE 1
);


--
-- Name: survey_surveycategory; Type: TABLE; Schema: public; Owner: survey_user
--

CREATE TABLE public.survey_surveycategory (
    id bigint NOT NULL,
    name character varying(255) NOT NULL,
    description text,
    icon character varying(50),
    created_at timestamp with time zone NOT NULL
);


ALTER TABLE public.survey_surveycategory OWNER TO survey_user;

--
-- Name: survey_surveycategory_id_seq; Type: SEQUENCE; Schema: public; Owner: survey_user
--

ALTER TABLE public.survey_surveycategory ALTER COLUMN id ADD GENERATED BY DEFAULT AS IDENTITY (
    SEQUENCE NAME public.survey_surveycategory_id_seq
    START WITH 1
    INCREMENT BY 1
    NO MINVALUE
    NO MAXVALUE
    CACHE 1
);


--
-- Name: survey_surveyparticipant; Type: TABLE; Schema: public; Owner: survey_user
--

CREATE TABLE public.survey_surveyparticipant (
    id bigint NOT NULL,
    agency character varying(255) NOT NULL,
    target_group_code character varying(50) NOT NULL,
    target_group_name character varying(255) NOT NULL,
    full_name character varying(255) NOT NULL,
    "position" character varying(255) NOT NULL,
    department character varying(255) NOT NULL,
    phone character varying(20) NOT NULL,
    email character varying(254) NOT NULL,
    notes text,
    assigned_forms jsonb NOT NULL,
    ip_address inet,
    user_agent text,
    session_key character varying(64),
    status character varying(20) NOT NULL,
    submitted_at timestamp with time zone,
    created_at timestamp with time zone NOT NULL,
    updated_at timestamp with time zone NOT NULL,
    response_id bigint,
    survey_id bigint NOT NULL,
    user_id bigint
);


ALTER TABLE public.survey_surveyparticipant OWNER TO survey_user;

--
-- Name: survey_surveyparticipant_id_seq; Type: SEQUENCE; Schema: public; Owner: survey_user
--

ALTER TABLE public.survey_surveyparticipant ALTER COLUMN id ADD GENERATED BY DEFAULT AS IDENTITY (
    SEQUENCE NAME public.survey_surveyparticipant_id_seq
    START WITH 1
    INCREMENT BY 1
    NO MINVALUE
    NO MAXVALUE
    CACHE 1
);


--
-- Name: survey_surveyprogress; Type: TABLE; Schema: public; Owner: survey_user
--

CREATE TABLE public.survey_surveyprogress (
    id bigint NOT NULL,
    form_code character varying(20) NOT NULL,
    status character varying(20) NOT NULL,
    progress_percent integer NOT NULL,
    started_at timestamp with time zone,
    completed_at timestamp with time zone,
    last_accessed_at timestamp with time zone NOT NULL,
    created_at timestamp with time zone NOT NULL,
    participant_id bigint NOT NULL,
    response_id bigint,
    survey_id bigint,
    CONSTRAINT survey_surveyprogress_progress_percent_check CHECK ((progress_percent >= 0))
);


ALTER TABLE public.survey_surveyprogress OWNER TO survey_user;

--
-- Name: survey_surveyprogress_id_seq; Type: SEQUENCE; Schema: public; Owner: survey_user
--

ALTER TABLE public.survey_surveyprogress ALTER COLUMN id ADD GENERATED BY DEFAULT AS IDENTITY (
    SEQUENCE NAME public.survey_surveyprogress_id_seq
    START WITH 1
    INCREMENT BY 1
    NO MINVALUE
    NO MAXVALUE
    CACHE 1
);


--
-- Name: survey_surveyunitstatus; Type: TABLE; Schema: public; Owner: survey_user
--

CREATE TABLE public.survey_surveyunitstatus (
    id bigint NOT NULL,
    status character varying(20) NOT NULL,
    completed_count integer NOT NULL,
    total_assignees integer NOT NULL,
    completed_at timestamp with time zone,
    updated_at timestamp with time zone NOT NULL,
    organization_id bigint NOT NULL,
    survey_id bigint NOT NULL,
    CONSTRAINT survey_surveyunitstatus_completed_count_check CHECK ((completed_count >= 0)),
    CONSTRAINT survey_surveyunitstatus_total_assignees_check CHECK ((total_assignees >= 0))
);


ALTER TABLE public.survey_surveyunitstatus OWNER TO survey_user;

--
-- Name: survey_surveyunitstatus_id_seq; Type: SEQUENCE; Schema: public; Owner: survey_user
--

ALTER TABLE public.survey_surveyunitstatus ALTER COLUMN id ADD GENERATED BY DEFAULT AS IDENTITY (
    SEQUENCE NAME public.survey_surveyunitstatus_id_seq
    START WITH 1
    INCREMENT BY 1
    NO MINVALUE
    NO MAXVALUE
    CACHE 1
);


--
-- Data for Name: accounts_organization; Type: TABLE DATA; Schema: public; Owner: survey_user
--

COPY public.accounts_organization (id, name, code, level, is_active, parent_id) FROM stdin;
432	Sở Nội vụ	ks_sonoivu	department	t	\N
433	Sở Tư pháp	ks_sotuphap	department	t	\N
434	Sở Tài chính	ks_sotaichinh	department	t	\N
435	Sở Công Thương	ks_soth	department	t	\N
436	Sở Nông nghiệp và Môi trường	ks_sonnmt	department	t	\N
437	Sở Xây dựng	ks_soxaydung	department	t	\N
438	Sở Khoa học và Công nghệ	ks_sokhcn	department	t	\N
439	Sở Văn hóa và Thể thao	ks_sovhtt	department	t	\N
440	Sở Giáo dục và Đào tạo	ks_sogddt	department	t	\N
441	Sở Y tế	ks_soyte	department	t	\N
442	Sở Dân tộc và Tôn giáo	ks_sodttg	department	t	\N
443	Sở Du lịch	ks_sodulich	department	t	\N
444	Sở Quy hoạch - Kiến trúc	ks_soqhkt	department	t	\N
445	Thanh tra Thành phố	ks_tttp	department	t	\N
446	Văn phòng UBND Thành phố	ks_vpubnd	department	t	\N
447	BQL Khu công nghệ cao và Khu công nghiệp Thành phố	ks_bql	department	t	\N
448	Trung tâm Phục vụ hành chính công	ks_ttpvhcc	department	t	\N
449	Viện Nghiên cứu phát triển kinh tế - xã hội Hà Nội	ks_vnc	department	t	\N
450	Hoàn Kiếm	ks_hoankiem	ward	t	\N
451	Cửa Nam	ks_cuanam	ward	t	\N
452	Ba Đình	ks_badinh	ward	t	\N
453	Ngọc Hà	ks_ngocha	ward	t	\N
454	Giảng Võ	ks_giangvo	ward	t	\N
455	Hai Bà Trưng	ks_haibatrung	ward	t	\N
456	Vĩnh Tuy	ks_vinhtuy	ward	t	\N
457	Bạch Mai	ks_bachmai	ward	t	\N
458	Đống Đa	ks_dongda	ward	t	\N
459	Kim Liên	ks_kimlien	ward	t	\N
460	Văn Miếu - Quốc Tử Giám	ks_vmqtg	ward	t	\N
461	Láng	ks_lang	ward	t	\N
462	Ô Chợ Dừa	ks_ochodua	ward	t	\N
463	Hồng Hà	ks_hongha	ward	t	\N
464	Tây Hồ	ks_tayho	ward	t	\N
465	Phú Thượng	ks_phuthuong	ward	t	\N
466	Nghĩa Đô	ks_nghiado	ward	t	\N
467	Cầu Giấy	ks_caugiay	ward	t	\N
468	Yên Hòa	ks_yenhoa	ward	t	\N
469	Thanh Xuân	ks_thanhxuan	ward	t	\N
470	Khương Đình	ks_khuongdinh	ward	t	\N
471	Phương Liệt	ks_phuongliet	ward	t	\N
472	Từ Liêm	ks_tuliem	ward	t	\N
473	Xuân Phương	ks_xuanphuong	ward	t	\N
474	Tây Mỗ	ks_taymo	ward	t	\N
475	Đại Mỗ	ks_daimo	ward	t	\N
476	Long Biên	ks_longbien	ward	t	\N
477	Bồ Đề	ks_bode	ward	t	\N
478	Việt Hưng	ks_viethung	ward	t	\N
479	Phúc Lợi	ks_phucloi	ward	t	\N
480	Hà Đông	ks_hadong	ward	t	\N
481	Dương Nội	ks_duongnoi	ward	t	\N
482	Yên Nghĩa	ks_yennghia	ward	t	\N
483	Phú Lương	ks_phuluong	ward	t	\N
484	Kiến Hưng	ks_kienhung	ward	t	\N
485	Hoàng Mai	ks_hoangmai	ward	t	\N
486	Định Công	ks_dinhcong	ward	t	\N
487	Lĩnh Nam	ks_linhnam	ward	t	\N
488	Hoàng Liệt	ks_hoangliet	ward	t	\N
489	Thanh Liệt	ks_thanhliet	ward	t	\N
490	Đông Ngạc	ks_dongngac	ward	t	\N
491	Thượng Cát	ks_thuongcat	ward	t	\N
492	Xuân Đỉnh	ks_xuandinh	ward	t	\N
493	Vĩnh Hưng	ks_vinhhung	ward	t	\N
494	Tương Mai	ks_tuongmai	ward	t	\N
495	Yên Sở	ks_yenso	ward	t	\N
496	Dân Hòa	ks_danhoa	ward	t	\N
497	Ứng Thiên	ks_ungthien	ward	t	\N
498	Quảng Bị	ks_quangbi	ward	t	\N
499	Minh Châu	ks_minhchau	ward	t	\N
500	Yên Bài	ks_yenbai	ward	t	\N
501	Tây Tựu	ks_taytuu	ward	t	\N
502	Phú Diễn	ks_phudien	ward	t	\N
503	Đông Anh	ks_donganh	ward	t	\N
504	Phúc Thịnh	ks_phucthinh	ward	t	\N
505	Thiên Lộc	ks_thienloc	ward	t	\N
506	Vĩnh Thanh	ks_vinhthanh	ward	t	\N
507	Yên Lãng	ks_yenlang	ward	t	\N
508	Mê Linh	ks_melinh	ward	t	\N
509	Quang Minh	ks_quangminh	ward	t	\N
510	Tiến Thắng	ks_tienthang	ward	t	\N
511	Sóc Sơn	ks_socson	ward	t	\N
512	Nội Bài	ks_noibai	ward	t	\N
513	Trung Giã	ks_trunggia	ward	t	\N
514	Kim Anh	ks_kimanh	ward	t	\N
515	Đa Phúc	ks_daphuc	ward	t	\N
516	Sơn Tây	ks_sontay	ward	t	\N
517	Phù Đổng	ks_phudong	ward	t	\N
518	Gia Lâm	ks_gialam	ward	t	\N
519	Thuận An	ks_thuanan	ward	t	\N
520	Bát Tràng	ks_battrang	ward	t	\N
521	Thư Lâm	ks_thulam	ward	t	\N
522	Tùng Thiện	ks_tungthien	ward	t	\N
523	Hoài Đức	ks_hoaiduc	ward	t	\N
524	Dương Hòa	ks_duonghoa	ward	t	\N
525	Sơn Đồng	ks_sondong	ward	t	\N
526	An Khánh	ks_ankhanh	ward	t	\N
527	Đan Phượng	ks_danphuong	ward	t	\N
528	Ô Diên	ks_odien	ward	t	\N
529	Liên Minh	ks_lienminh	ward	t	\N
530	Quốc Oai	ks_quocoai	ward	t	\N
531	Hưng Đạo	ks_hungdao	ward	t	\N
532	Kiều Phú	ks_kieuphu	ward	t	\N
533	Phú Cát	ks_phucat	ward	t	\N
534	Hòa Lạc	ks_hoalac	ward	t	\N
535	Yên Xuân	ks_yenxuan	ward	t	\N
536	Chương Mỹ	ks_chuongmy	ward	t	\N
537	Phú Nghĩa	ks_phunghia	ward	t	\N
538	Xuân Mai	ks_xuanmai	ward	t	\N
539	Trần Phú	ks_tranphu	ward	t	\N
540	Hòa Phú	ks_hoaphu	ward	t	\N
541	Mỹ Đức	ks_myduc	ward	t	\N
542	Hồng Sơn	ks_hongson	ward	t	\N
543	Phúc Sơn	ks_phucson	ward	t	\N
544	Hương Sơn	ks_huongson	ward	t	\N
545	Ứng Hòa	ks_unghoa	ward	t	\N
546	Vân Đình	ks_vandinh	ward	t	\N
547	Hòa Xá	ks_hoaxa	ward	t	\N
548	Đại Xuyên	ks_daixuyen	ward	t	\N
549	Phú Xuyên	ks_phuxuyen	ward	t	\N
550	Phượng Dực	ks_phuongduc	ward	t	\N
551	Chuyên Mỹ	ks_chuyenmy	ward	t	\N
552	Thanh Oai	ks_thanhoai	ward	t	\N
553	Bình Minh	ks_binhminh	ward	t	\N
554	Tam Hưng	ks_tamhung	ward	t	\N
555	Đoài Phương	ks_doaiphuong	ward	t	\N
556	Thường Tín	ks_thuongtin	ward	t	\N
557	Thượng Phúc	ks_thuongphuc	ward	t	\N
558	Chương Dương	ks_chuongduong	ward	t	\N
559	Hồng Vân	ks_hongvan	ward	t	\N
560	Phúc Lộc	ks_phucloc	ward	t	\N
561	Thanh Trì	ks_thanhtri	ward	t	\N
562	Ngọc Hồi	ks_ngochoi	ward	t	\N
563	Nam Phù	ks_namphu	ward	t	\N
564	Đại Thanh	ks_daithanh	ward	t	\N
565	Thạch Thất	ks_thachthat	ward	t	\N
566	Ba Vì	ks_bavi	ward	t	\N
567	Suối Hai	ks_suoihai	ward	t	\N
568	Cổ Đô	ks_codo	ward	t	\N
569	Bất Bạt	ks_batbat	ward	t	\N
570	Quảng Oai	ks_quangoai	ward	t	\N
571	Vật Lại	ks_vatlai	ward	t	\N
572	Phúc Thọ	ks_phuctho	ward	t	\N
573	Hát Môn	ks_hatmon	ward	t	\N
574	Hạ Bằng	ks_habang	ward	t	\N
575	Tây Phương	ks_tayphuong	ward	t	\N
\.


--
-- Data for Name: accounts_user; Type: TABLE DATA; Schema: public; Owner: survey_user
--

COPY public.accounts_user (id, password, last_login, is_superuser, username, first_name, last_name, email, is_staff, is_active, date_joined, phone_number, "position", is_surveyor, last_active_at, organization_id) FROM stdin;
436	pbkdf2_sha256$1200000$sHMmH4aGzsmBFnqC2jWZMZ$HahGcnd7Ry9Hvs7BdbZCoONIBL37uydKX3zfyKlIpHM=	\N	f	ks2_sonoivu				f	t	2026-07-13 06:02:32.285393+00	\N	\N	f	2026-07-13 06:02:33.331631+00	432
437	pbkdf2_sha256$1200000$yrhcwduiB4OTYSKunk3hLp$qulyHgaDP1XBhTn7el8PZZ1BgoSFroNsB0pV6yw69/s=	\N	f	ks2_sotuphap				f	t	2026-07-13 06:02:33.335844+00	\N	\N	f	2026-07-13 06:02:34.243269+00	433
438	pbkdf2_sha256$1200000$jg5pUYlhvHYty7OmWCgAGK$Pw5CK//Kts/ymUn6fgvH5KplJsri8XyHz0hpKumGdoI=	\N	f	ks2_sotaichinh				f	t	2026-07-13 06:02:34.245596+00	\N	\N	f	2026-07-13 06:02:35.229286+00	434
439	pbkdf2_sha256$1200000$ac5RuvFuhvavmAVYx9aVw0$V1GWx1d/3oHpTTIcbW/FuG8FMBM+/rbUEmaxloVM1eQ=	\N	f	ks2_soth				f	t	2026-07-13 06:02:35.231628+00	\N	\N	f	2026-07-13 06:02:36.211883+00	435
440	pbkdf2_sha256$1200000$Tq8z5mC9MVv5mASYWzrqgb$mC2oDkMz3Cnu2fkD5QZqjGCtJBqYne6tzEK7XH+Of34=	\N	f	ks2_sonnmt				f	t	2026-07-13 06:02:36.214552+00	\N	\N	f	2026-07-13 06:02:37.114065+00	436
441	pbkdf2_sha256$1200000$f9biSNm4zf7SRkXjlVrJKc$o9cygL1TkZBmfk+uJlQl/1YG4kjDEOXnbPIcSPYm308=	\N	f	ks2_soxaydung				f	t	2026-07-13 06:02:37.117504+00	\N	\N	f	2026-07-13 06:02:38.091305+00	437
442	pbkdf2_sha256$1200000$GkVqO1uKkHr4Yt5V50kYOr$9kmS2hvt0ls1nr2k9tvUGMv5DjzFR29zUTN3s3nn2Mk=	\N	f	ks2_sokhcn				f	t	2026-07-13 06:02:38.093394+00	\N	\N	f	2026-07-13 06:02:39.068449+00	438
443	pbkdf2_sha256$1200000$c0qo0q4iClWxc7LJhUGI8B$sHYMOkNGKsaD7YgDDYtbxkoI5l7d0U7kvm0n0FpExOU=	\N	f	ks2_sovhtt				f	t	2026-07-13 06:02:39.071356+00	\N	\N	f	2026-07-13 06:02:40.022826+00	439
444	pbkdf2_sha256$1200000$YQl3UcoKhO4XvpRVGlYFbd$DYwunjoy9cUJQGBDmIQuPHrVkagjcp3SRbUlDa6onJM=	\N	f	ks2_sogddt				f	t	2026-07-13 06:02:40.025394+00	\N	\N	f	2026-07-13 06:02:40.966572+00	440
445	pbkdf2_sha256$1200000$kOySO9hvJAeM5hwKs3OoX9$3qmMQh2UWu80R5HD9D5Y3MxpEDmi28MgC99nfbqDiOI=	\N	f	ks2_soyte				f	t	2026-07-13 06:02:40.968493+00	\N	\N	f	2026-07-13 06:02:41.92868+00	441
446	pbkdf2_sha256$1200000$yRZLc4UWOvamZinfavGq8u$/EDilnqFgtcgaSeK2COIetZxNh6FuEudUWAtI0gv2pM=	\N	f	ks2_sodttg				f	t	2026-07-13 06:02:41.931704+00	\N	\N	f	2026-07-13 06:02:42.865713+00	442
447	pbkdf2_sha256$1200000$JhKYhb4pbFA6kPcgLhwfiK$GWmAZGyzvF7uCv5sGt1ANcljislS8T2R5NWOrh2JbFA=	\N	f	ks2_sodulich				f	t	2026-07-13 06:02:42.868059+00	\N	\N	f	2026-07-13 06:02:43.806979+00	443
448	pbkdf2_sha256$1200000$ML8aedadv98wXayfFkh33x$h8ffw2KcN6OVCAKWvAaC3E3JfBPeZXCXa7O2YuqgItg=	\N	f	ks2_soqhkt				f	t	2026-07-13 06:02:43.8094+00	\N	\N	f	2026-07-13 06:02:44.762168+00	444
449	pbkdf2_sha256$1200000$zW0CqPaIgnNCyzBGta7YBF$TO3zumIl2OMJSsqI/dNxH85qfrhaPjtLri1cq0A1U3k=	\N	f	ks2_tttp				f	t	2026-07-13 06:02:44.764603+00	\N	\N	f	2026-07-13 06:02:45.701629+00	445
450	pbkdf2_sha256$1200000$d34OIzOoI6ai3rtVfNibKc$2rEJoJ0gPBwD89Bdw4Idbe6l+XTxWNo1fjxfi48cTVI=	\N	f	ks2_vpubnd				f	t	2026-07-13 06:02:45.704017+00	\N	\N	f	2026-07-13 06:02:46.632924+00	446
451	pbkdf2_sha256$1200000$FUNcYS13UYWdN8GDE490is$nKUo7l4vd3oE4/26pF1KTRn9MT8eZJELZdlcuubiolQ=	\N	f	ks2_bql				f	t	2026-07-13 06:02:46.635341+00	\N	\N	f	2026-07-13 06:02:47.561965+00	447
452	pbkdf2_sha256$1200000$lbLvbwLxU1Pag8dEy69qV9$G2aZCVrVMQUQI3uI2QVSnaMjZGIHPNS/G4soY1q57vM=	\N	f	ks2_ttpvhcc				f	t	2026-07-13 06:02:47.564423+00	\N	\N	f	2026-07-13 06:02:48.487807+00	448
453	pbkdf2_sha256$1200000$AiRk2Z8ZOplvutcjRl5MyG$s1wUh8MbS7zOilUz7M6C2U67DfAAMW4zS3JjJ8HMdTM=	\N	f	ks2_vnc				f	t	2026-07-13 06:02:48.490187+00	\N	\N	f	2026-07-13 06:02:49.419559+00	449
454	pbkdf2_sha256$1200000$UGuhCDhdRH3ZsnTUAM6QQD$ymB3TRCXvkoI2uHzAD28+R4ylNtcgLIeEyngWyKDBUU=	\N	f	ks2_hoankiem				f	t	2026-07-13 06:02:49.421954+00	\N	\N	f	2026-07-13 06:02:50.351421+00	450
455	pbkdf2_sha256$1200000$FBtsbcitlcBKwK1uBitI7b$PPeWLPrzDI2r72yrXHTcHF4voXzoDt1BU2fehbo4Eeo=	\N	f	ks2_cuanam				f	t	2026-07-13 06:02:50.35389+00	\N	\N	f	2026-07-13 06:02:51.27176+00	451
456	pbkdf2_sha256$1200000$PEHAzzDPFm9kTLeRx0olK5$Ua9V1C41w4YzbolnB4+u5G5Qh1lVs8Bd5S673WQAJno=	\N	f	ks2_badinh				f	t	2026-07-13 06:02:51.273772+00	\N	\N	f	2026-07-13 06:02:52.220807+00	452
457	pbkdf2_sha256$1200000$s6OsHKSaFVIH8qiJc6K4mV$IbCuM24FCxKCy/WrlDu9fxxhFopG6YuMSwMiRNItfiQ=	\N	f	ks2_ngocha				f	t	2026-07-13 06:02:52.223368+00	\N	\N	f	2026-07-13 06:02:53.114827+00	453
458	pbkdf2_sha256$1200000$O0VgBNwlEp3p02faCYHztC$tOlzlmOtzdaENppQmNOheI0INTmpuEMsYjMRnq06AL8=	\N	f	ks2_giangvo				f	t	2026-07-13 06:02:53.117086+00	\N	\N	f	2026-07-13 06:02:53.999602+00	454
459	pbkdf2_sha256$1200000$dsiWzQ1P7vKMgdByrO8wNQ$HCPHZDWGZYLqKwdC9Vvx2w7rp8woJasT2ZLFfYZoum0=	\N	f	ks2_haibatrung				f	t	2026-07-13 06:02:54.001845+00	\N	\N	f	2026-07-13 06:02:54.876721+00	455
460	pbkdf2_sha256$1200000$vtlea8LWU9nG0D7rO5HEJc$X0TkWu/sBAyOpHfQGll4dB7q49frfQvntqLDW0L0PRA=	\N	f	ks2_vinhtuy				f	t	2026-07-13 06:02:54.879026+00	\N	\N	f	2026-07-13 06:02:55.763075+00	456
461	pbkdf2_sha256$1200000$4LGM46ApMOS4xZpU1MZD02$NbUOFK6V81xNuV6mWs5Ho56j3fyGxChBmCyGeptXFjw=	\N	f	ks2_bachmai				f	t	2026-07-13 06:02:55.766744+00	\N	\N	f	2026-07-13 06:02:56.677041+00	457
462	pbkdf2_sha256$1200000$nND25fZb5lxV8TW8mB0JIf$9tAh9QjIbod7nfJcQu8AFF/6P74HZ+wvz6dUYR7cTMs=	\N	f	ks2_dongda				f	t	2026-07-13 06:02:56.679066+00	\N	\N	f	2026-07-13 06:02:57.565971+00	458
463	pbkdf2_sha256$1200000$Ld9DWFzbXeE7geE3WKHC5E$TrIRI8iT2QxTJEdDIg7AAalVTI6PSQq3uSBp6GPFSKQ=	\N	f	ks2_kimlien				f	t	2026-07-13 06:02:57.568073+00	\N	\N	f	2026-07-13 06:02:58.451351+00	459
464	pbkdf2_sha256$1200000$QtOsCKzDXQ8DBLe5C0yJLj$+f887zwY98TD173SjkdqZxZ5U2RdmGQlX8NeaxTOLMA=	\N	f	ks2_vmqtg				f	t	2026-07-13 06:02:58.453982+00	\N	\N	f	2026-07-13 06:02:59.341317+00	460
465	pbkdf2_sha256$1200000$Ff9IPw9sB4iBwhLWRnEcwY$cBnAKuV+0Va91uHG1sowtA6RtVIU2bLy1Aeg0cH7n84=	\N	f	ks2_lang				f	t	2026-07-13 06:02:59.343918+00	\N	\N	f	2026-07-13 06:03:00.220954+00	461
466	pbkdf2_sha256$1200000$GrMeBl1SU66bNqXHUoUACC$NfiPBbIKfKU43iqaeh9PbdPIhUm7QuxeqOaEmRb36Ic=	\N	f	ks2_ochodua				f	t	2026-07-13 06:03:00.223234+00	\N	\N	f	2026-07-13 06:03:01.12117+00	462
467	pbkdf2_sha256$1200000$7OgZvLzgWi00L76kAzuSsN$McMSxLgSoHNpQrIhkpope0jDoNI8tr3xF4MZO5EQGek=	\N	f	ks2_hongha				f	t	2026-07-13 06:03:01.123574+00	\N	\N	f	2026-07-13 06:03:02.042523+00	463
468	pbkdf2_sha256$1200000$hjEIMdRF9bQtDBhvTCspxq$HRYvNDmEJuFt5IqHTcWa7pjgZsN5wF1nhFimLo35keA=	\N	f	ks2_tayho				f	t	2026-07-13 06:03:02.045241+00	\N	\N	f	2026-07-13 06:03:02.975518+00	464
469	pbkdf2_sha256$1200000$4edqXiHMfPUfHmtC9wCtKm$Lc8GopFmajjeIlU3A6okXq99Drv4L95jkYBmHNBbLpw=	\N	f	ks2_phuthuong				f	t	2026-07-13 06:03:02.984801+00	\N	\N	f	2026-07-13 06:03:03.89675+00	465
470	pbkdf2_sha256$1200000$TXg8YQExcWAnU1Ljvsw63c$qdONMuwLWN5R39CQyIn/SvkbWTmWyrnmbTEh6+GwYUU=	\N	f	ks2_nghiado				f	t	2026-07-13 06:03:03.899472+00	\N	\N	f	2026-07-13 06:03:04.817593+00	466
471	pbkdf2_sha256$1200000$Bih9DJx1c0q7nzd6DaZGD5$Inn77+lMHpDtzSGfpGnsch+GGH+IC1wnO9QPZB0wQzk=	\N	f	ks2_caugiay				f	t	2026-07-13 06:03:04.820656+00	\N	\N	f	2026-07-13 06:03:05.745526+00	467
472	pbkdf2_sha256$1200000$3WokSnGHTeVt6j2bdASn7N$pH/ecQ/A6fm5gQNqwvhygNLmo+VM9W+jghK/3+LAygo=	\N	f	ks2_yenhoa				f	t	2026-07-13 06:03:05.748693+00	\N	\N	f	2026-07-13 06:03:06.628049+00	468
473	pbkdf2_sha256$1200000$2HNm580tMgO9SklvlXwKhf$rA1EfwBfpHU4xMfu+eGrJgViuIFvFH3GzrC1BRCGEe4=	\N	f	ks2_thanhxuan				f	t	2026-07-13 06:03:06.631604+00	\N	\N	f	2026-07-13 06:03:07.562634+00	469
474	pbkdf2_sha256$1200000$vQW9vFH1ptlRggqKNMvyyF$XAyT24PYNQntD+qQax7dilDi74AqanOUJM9r7v6rckQ=	\N	f	ks2_khuongdinh				f	t	2026-07-13 06:03:07.565964+00	\N	\N	f	2026-07-13 06:03:08.513398+00	470
475	pbkdf2_sha256$1200000$oFPJR9yT3lHabCKfudlA6D$MwgkDuw8A+NJwjgzsB7bHvcB/e/h6/oHvEgdjWaPbuU=	\N	f	ks2_phuongliet				f	t	2026-07-13 06:03:08.516574+00	\N	\N	f	2026-07-13 06:03:09.421427+00	471
476	pbkdf2_sha256$1200000$ZkKkanGNx5gHqrDPlAQiPj$YRfluNNTs0yug0OuJqwMBVn4nA/OK6XqAOZLLwsaeNo=	\N	f	ks2_tuliem				f	t	2026-07-13 06:03:09.42418+00	\N	\N	f	2026-07-13 06:03:10.33432+00	472
496	pbkdf2_sha256$1200000$JFzR9QmcOXrzwa3DRLb9Fv$B1SU2g+GhlxsTQK+dgtmk0HCzMO+YXvlw4RBs/nrsvY=	\N	f	ks2_xuandinh				f	t	2026-07-13 06:03:27.469459+00	\N	\N	f	2026-07-13 06:03:28.358653+00	492
477	pbkdf2_sha256$1200000$8C6yX98oBCiyFxC9TZD1H9$lUxMEdVH4ki9lzRr/EmNd/1BubEiMWP0Wx4hWUU2KvU=	\N	f	ks2_xuanphuong				f	t	2026-07-13 06:03:10.336562+00	\N	\N	f	2026-07-13 06:03:11.242018+00	473
478	pbkdf2_sha256$1200000$IBuHFI7ok9Cvr3IehJ81Mm$ZwjlawgxEt7tMC1ijcGNbX3S98YKGp6K4xt5fjTsqWc=	\N	f	ks2_taymo				f	t	2026-07-13 06:03:11.24483+00	\N	\N	f	2026-07-13 06:03:12.152806+00	474
497	pbkdf2_sha256$1200000$jv2bD3wxaSfZgKDF9pP7ik$dp9zmSfnW3m0f9mWkubxSK5C9lm+FVpltWO/Xtam3Ds=	\N	f	ks2_vinhhung				f	t	2026-07-13 06:03:28.36106+00	\N	\N	f	2026-07-13 06:03:29.323045+00	493
479	pbkdf2_sha256$1200000$myhCNdN2OTfiU61ghekFkb$9e7TDCA9WwJA17R0VBl9DY9AyPsH041nfxJbehibVzI=	\N	f	ks2_daimo				f	t	2026-07-13 06:03:12.155473+00	\N	\N	f	2026-07-13 06:03:13.055316+00	475
480	pbkdf2_sha256$1200000$ta5cNb872tLVqJRSp9YOiN$InhTVTeQ4ak1JDwSpgKL501vDulUue9X9/iDAAPPDxc=	\N	f	ks2_longbien				f	t	2026-07-13 06:03:13.057657+00	\N	\N	f	2026-07-13 06:03:13.960703+00	476
498	pbkdf2_sha256$1200000$QA53eJBARIRqub6pI6hsOp$t0IHVtRJLYeAxV86cyen48n2RAGpVahCR2lCfUr6M1Y=	\N	f	ks2_tuongmai				f	t	2026-07-13 06:03:29.325391+00	\N	\N	f	2026-07-13 06:03:30.21964+00	494
481	pbkdf2_sha256$1200000$rmZalHkWnZ7GQixK0HeCur$f3uIcEwQicXj2ld62MkiVEAqS9Mju8L7Xe0OgEx51mg=	\N	f	ks2_bode				f	t	2026-07-13 06:03:13.962471+00	\N	\N	f	2026-07-13 06:03:14.870962+00	477
482	pbkdf2_sha256$1200000$Rr6cUvsLm1EIaKvUV6hs3s$BqjrJV0CvQmAocF2hDiRRsj8AeQaMDp9hry6z9ZrgAo=	\N	f	ks2_viethung				f	t	2026-07-13 06:03:14.873359+00	\N	\N	f	2026-07-13 06:03:15.78176+00	478
499	pbkdf2_sha256$1200000$qvxMNGSo3FA6vHDuioTqRy$S1bARsnzgcHRhzz5XTyuyxlAf39JP2c9Gt/DHnGs/MQ=	\N	f	ks2_yenso				f	t	2026-07-13 06:03:30.222343+00	\N	\N	f	2026-07-13 06:03:31.131851+00	495
483	pbkdf2_sha256$1200000$ugqUOoxeg2WTuxkVq8LuHb$hIfCwukwYxlUs7mCOXenQzgGnY796ocQBVhyVEGHKp4=	\N	f	ks2_phucloi				f	t	2026-07-13 06:03:15.784088+00	\N	\N	f	2026-07-13 06:03:16.684057+00	479
484	pbkdf2_sha256$1200000$V5QIbLHdVmyhanb4Higul5$bB2Pbgq28sudn2xUdswS1K3Q8FFLqdNGDhsKx33ncT8=	\N	f	ks2_hadong				f	t	2026-07-13 06:03:16.686671+00	\N	\N	f	2026-07-13 06:03:17.596305+00	480
500	pbkdf2_sha256$1200000$iLbUse4zOqPpBGfzO3eDm4$rM3Csd2s6dmhqXSr4YTZuok/buZPGcB62KTd3RmgaP0=	\N	f	ks2_danhoa				f	t	2026-07-13 06:03:31.13413+00	\N	\N	f	2026-07-13 06:03:32.026783+00	496
485	pbkdf2_sha256$1200000$jYYx1g37l3xg2DFP6h2h4T$VFfqLXDQLTK7cKfuWbKDemLY0SJ3YDtkPT7Xeb5XEa0=	\N	f	ks2_duongnoi				f	t	2026-07-13 06:03:17.598584+00	\N	\N	f	2026-07-13 06:03:18.513594+00	481
486	pbkdf2_sha256$1200000$9KNYovT26OTt1eY2wacdG5$78t38eGIdh0QBUbsyCH+SwybJDiejUtGN7JEshFEZ+A=	\N	f	ks2_yennghia				f	t	2026-07-13 06:03:18.515909+00	\N	\N	f	2026-07-13 06:03:19.446154+00	482
501	pbkdf2_sha256$1200000$UJcEgej0xQASUBnCEXrbgM$sR/ytoP1QOUsFsxz97qU3VWwXoU627JQJFHzEKMnaGQ=	\N	f	ks2_ungthien				f	t	2026-07-13 06:03:32.029131+00	\N	\N	f	2026-07-13 06:03:32.917441+00	497
487	pbkdf2_sha256$1200000$9vNl2gzWgTvo92YGNgLbsc$IUx1xjnbuccNNWTC2YJ/SJRbUf0vth2DVqVPGO5nYVA=	\N	f	ks2_phuluong				f	t	2026-07-13 06:03:19.448494+00	\N	\N	f	2026-07-13 06:03:20.331841+00	483
488	pbkdf2_sha256$1200000$Sw73JaqxiBbUgZCDa1nWA5$Z0ln8gkcebldzCAPjXV+gVWhqUXdAUpRSadSRF6XIP8=	\N	f	ks2_kienhung				f	t	2026-07-13 06:03:20.334491+00	\N	\N	f	2026-07-13 06:03:21.210988+00	484
502	pbkdf2_sha256$1200000$hjQUB6Tv97mHqLePmd4iXp$437njcAviNSLZXy6JXQgoOPSuEk76ITa/UzApWFgWpM=	\N	f	ks2_quangbi				f	t	2026-07-13 06:03:32.919869+00	\N	\N	f	2026-07-13 06:03:33.826355+00	498
489	pbkdf2_sha256$1200000$u1CJUCbjnC4zY8q1dn54Km$UFe8jGKiHf+6f4c/gBKnrNnQtkAJKpWr5snAE6yCUgM=	\N	f	ks2_hoangmai				f	t	2026-07-13 06:03:21.213461+00	\N	\N	f	2026-07-13 06:03:22.108088+00	485
490	pbkdf2_sha256$1200000$9a3paNAXFkwSYT7KbTdxgh$eEPha4XdP0OvXvP9g9oR3Rbb38RV3fap4Gkp6fmH3NQ=	\N	f	ks2_dinhcong				f	t	2026-07-13 06:03:22.11071+00	\N	\N	f	2026-07-13 06:03:22.997177+00	486
503	pbkdf2_sha256$1200000$uxlEOmzC2dJnwqvFQDsSm9$WPoyeoJZaU6lje3pPe3ZJBin5dxv0EjqjK51qE9zCQ4=	\N	f	ks2_minhchau				f	t	2026-07-13 06:03:33.828544+00	\N	\N	f	2026-07-13 06:03:34.721984+00	499
491	pbkdf2_sha256$1200000$QYpWYKaxrbvqjDU8j0FMz5$VNJJtCB2Mz4BLy+Mw62EW74KOC6qZM5oJtaVyMaAR0A=	\N	f	ks2_linhnam				f	t	2026-07-13 06:03:22.999887+00	\N	\N	f	2026-07-13 06:03:23.895305+00	487
492	pbkdf2_sha256$1200000$j5bpHFDlML9Buc0hZdqk43$lwUFgARpmwUyy0Pq7jiPcrGRDcFviP+KvqDZyslvUpA=	\N	f	ks2_hoangliet				f	t	2026-07-13 06:03:23.897568+00	\N	\N	f	2026-07-13 06:03:24.793481+00	488
504	pbkdf2_sha256$1200000$1jF1Jvw1YGq15X4PCaDCGR$cCIVnaIUfhi6nhH6SL1WhltrWzhPV3fYf6lZXi2N98s=	\N	f	ks2_yenbai				f	t	2026-07-13 06:03:34.724394+00	\N	\N	f	2026-07-13 06:03:35.606762+00	500
493	pbkdf2_sha256$1200000$wIdm28T7KDAJeIbn3MbLq7$ajolId1Bnap8LGbP3qb/PI/gM3N/PPf3nW5vV6dAnXI=	\N	f	ks2_thanhliet				f	t	2026-07-13 06:03:24.795881+00	\N	\N	f	2026-07-13 06:03:25.688812+00	489
494	pbkdf2_sha256$1200000$J7pscIiDXbnaT5ZUK73lVy$u/gy4H1M7IrRpd+zKnX5snmsB75TZo1GdUDKkpvVZS8=	\N	f	ks2_dongngac				f	t	2026-07-13 06:03:25.691162+00	\N	\N	f	2026-07-13 06:03:26.57749+00	490
505	pbkdf2_sha256$1200000$Gn5OfCdMKSSsMw8PcyFjfh$WZTUZryjWZZ1iJYoeGzK3nyacvW2MopCJ1At2OYVA0A=	\N	f	ks2_taytuu				f	t	2026-07-13 06:03:35.609051+00	\N	\N	f	2026-07-13 06:03:36.486979+00	501
495	pbkdf2_sha256$1200000$MTTornyaaMsh3bQqFbKb7Z$E91Brk9/dJs6K2yWmfJbLAoP/OEOt1UR/goBAuDly6s=	\N	f	ks2_thuongcat				f	t	2026-07-13 06:03:26.579778+00	\N	\N	f	2026-07-13 06:03:27.467083+00	491
506	pbkdf2_sha256$1200000$bCDBDtCXJnY5pi378OPH2L$pv64Diblb3N2RcsPLlNXllNgy8TS0BhzT2xEcsNoFkM=	\N	f	ks2_phudien				f	t	2026-07-13 06:03:36.489366+00	\N	\N	f	2026-07-13 06:03:37.380322+00	502
507	pbkdf2_sha256$1200000$akQzekruuNx0XIMhuXSUXv$izFTk3jP2gwhZD3vm2Gg2gHj7P/akhjKFh+/1zfoHMQ=	\N	f	ks2_donganh				f	t	2026-07-13 06:03:37.38247+00	\N	\N	f	2026-07-13 06:03:38.271813+00	503
508	pbkdf2_sha256$1200000$ronaEEtfLEZMQxcctprR5W$9UrNK+dTErVEgoRieaQZK6ygOl8Na7Rp40RgKtMA7q4=	\N	f	ks2_phucthinh				f	t	2026-07-13 06:03:38.274065+00	\N	\N	f	2026-07-13 06:03:39.147857+00	504
509	pbkdf2_sha256$1200000$X7a2Qzcxwq5clV0QHSLBsA$PHJRZ2+QUWxMw4xhjyGCjcX8yCHq7bPUMP4/0gzF+O4=	\N	f	ks2_thienloc				f	t	2026-07-13 06:03:39.150452+00	\N	\N	f	2026-07-13 06:03:40.057443+00	505
510	pbkdf2_sha256$1200000$cLdPNvCTomlcV4jQIxzZZO$k/k8y7sObDH99ZNZ/S0hYHpGlGk6UC3O66yXc6BCApI=	\N	f	ks2_vinhthanh				f	t	2026-07-13 06:03:40.0598+00	\N	\N	f	2026-07-13 06:03:40.944549+00	506
511	pbkdf2_sha256$1200000$m1wreiKB4LrNGIhXsRsC6s$mF2QKt7BLQOC8lbdSPGbFT5NUakY5viUB1+Yak0Crss=	\N	f	ks2_yenlang				f	t	2026-07-13 06:03:40.94699+00	\N	\N	f	2026-07-13 06:03:41.851447+00	507
513	pbkdf2_sha256$1200000$AW0jfroQQEinGNzUa5sY8u$CrTIQzyzMsHsbscvqJS0VeJ7mvxzmFHqw3ryDFDeMnk=	\N	f	ks2_quangminh				f	t	2026-07-13 06:03:42.810713+00	\N	\N	f	2026-07-13 06:03:43.697615+00	509
514	pbkdf2_sha256$1200000$OcLCRRULJsfaAaMaLN3i8D$DTaP13WjsU/wtaqZijZvsnzAOMoeyQJBMAJeHdy0syA=	\N	f	ks2_tienthang				f	t	2026-07-13 06:03:43.699991+00	\N	\N	f	2026-07-13 06:03:44.586892+00	510
515	pbkdf2_sha256$1200000$Yg6g3Yh20fGPrxHhJHAbET$x5Usr+I3vUMu7hfTsoY6X3cmdLOW6KBVS296i+Nfmuw=	\N	f	ks2_socson				f	t	2026-07-13 06:03:44.590774+00	\N	\N	f	2026-07-13 06:03:45.473214+00	511
516	pbkdf2_sha256$1200000$tjKoryDdNlateuDeBxCMYb$gV4+t3w0LR8cTtFIYIuXvVNoK+S6dqTpKh75BeVdabU=	\N	f	ks2_noibai				f	t	2026-07-13 06:03:45.475826+00	\N	\N	f	2026-07-13 06:03:46.356619+00	512
517	pbkdf2_sha256$1200000$yyK7vq8AH9SBFrtYyqR7c9$Q5637XRcMCkP05vCmnLGpdWhHv4bYzcp1pIKWAsxsrY=	\N	f	ks2_trunggia				f	t	2026-07-13 06:03:46.359514+00	\N	\N	f	2026-07-13 06:03:47.250567+00	513
518	pbkdf2_sha256$1200000$4fsdKkd2XG3Ng6euwy83ZD$fi75smxvd49liFkWIJbpxBjQovmBCFXX9PG4TMiBMTY=	\N	f	ks2_kimanh				f	t	2026-07-13 06:03:47.253104+00	\N	\N	f	2026-07-13 06:03:48.156664+00	514
564	pbkdf2_sha256$1200000$B10c7tucMoXBYkQFRafwkl$uAR9CBUA+Y1d5SPLdPOXF9jYaKyJ/Gg9FTam0/hvaW8=	\N	f	ks2_phucloc				f	t	2026-07-13 06:04:28.033448+00	\N	\N	f	2026-07-13 06:04:28.998173+00	560
519	pbkdf2_sha256$1200000$fcC6L3vW9Bb8Gd3Ur8S733$b6Ehhr8MaMO8zY70xjFrOkUb4ARoEJBfihOvO7gNP90=	\N	f	ks2_daphuc				f	t	2026-07-13 06:03:48.159012+00	\N	\N	f	2026-07-13 06:03:49.048676+00	515
529	pbkdf2_sha256$1200000$Jw1DBgaXr7f9JfLg4iON70$nJVNk5EuCbkVVn1yJQnXcha8dAUjGgD9VLFdU4QrS6g=	2026-07-13 10:58:19.222738+00	f	ks2_sondong				f	t	2026-07-13 06:03:57.084408+00	\N	\N	f	2026-07-13 06:03:57.966644+00	525
520	pbkdf2_sha256$1200000$wH1YkyMhiSOiGiQFjyazBD$ms836fGYv8JuFo9mfbL05ovUCSpgXxpaQkC+Xc3slBA=	\N	f	ks2_sontay				f	t	2026-07-13 06:03:49.05118+00	\N	\N	f	2026-07-13 06:03:49.937202+00	516
522	pbkdf2_sha256$1200000$2Dtc3PFyyUD4UwplrVTM9V$E6CGif30eQwoIV1WwVPNrD/tEaUKrTVahZts8atvB5o=	2026-07-13 12:23:56.166228+00	f	ks2_gialam				f	t	2026-07-13 06:03:50.828399+00	\N	\N	f	2026-07-13 06:03:51.717892+00	518
521	pbkdf2_sha256$1200000$iTl4JB0mFFk2Mp3pEsBDLJ$ph0jwL41sagFG5WHzal4Pw63opmyD45b0VxmEf1sCLw=	\N	f	ks2_phudong				f	t	2026-07-13 06:03:49.939835+00	\N	\N	f	2026-07-13 06:03:50.826024+00	517
523	pbkdf2_sha256$1200000$I2FLqs7rEeFc6qbkbDeQLu$7aPg0kfYvM09PZXcwKGWbE74UfP47514+yBd5qbS7Jw=	\N	f	ks2_thuanan				f	t	2026-07-13 06:03:51.720325+00	\N	\N	f	2026-07-13 06:03:52.599132+00	519
524	pbkdf2_sha256$1200000$nAyJNiar0BrJ4nMRWWdMy1$66YJUs5e2RyLUdKDFi+juJ3NN+5jaB95ss0+vakOPik=	\N	f	ks2_battrang				f	t	2026-07-13 06:03:52.601516+00	\N	\N	f	2026-07-13 06:03:53.48515+00	520
525	pbkdf2_sha256$1200000$HugktTHTyFVnnR9mhsm8Ey$XwzVNPel5YY59ZlyLucQfMsQmSlDyS6dQHTPE5j/qfs=	\N	f	ks2_thulam				f	t	2026-07-13 06:03:53.487807+00	\N	\N	f	2026-07-13 06:03:54.368679+00	521
526	pbkdf2_sha256$1200000$5quGWz97zMmt6ZiU9mPxLf$s5fkb0zJItNKAl258rsZyc68mARkcCLNwgAz5CWBj1s=	\N	f	ks2_tungthien				f	t	2026-07-13 06:03:54.37124+00	\N	\N	f	2026-07-13 06:03:55.306271+00	522
527	pbkdf2_sha256$1200000$bAL5eviONCDFUfHPAn6h56$zYzMZwiFIESQumvGvJke70b7cw9UTwdcIftWMCcfVfc=	\N	f	ks2_hoaiduc				f	t	2026-07-13 06:03:55.309193+00	\N	\N	f	2026-07-13 06:03:56.197774+00	523
528	pbkdf2_sha256$1200000$mTzliKjjgF8uZPdjf5bKet$09kYmMOBZisEA7kNfLmFbf71Zbc0251uctvMlTdXK7Q=	\N	f	ks2_duonghoa				f	t	2026-07-13 06:03:56.200638+00	\N	\N	f	2026-07-13 06:03:57.081103+00	524
530	pbkdf2_sha256$1200000$jL1y7NjInfcNCqby0bFYZ3$2Ce9aIKgCce2V3ypO2AGJ7J/PD0+BmtHC7/r5adHR2Y=	\N	f	ks2_ankhanh				f	t	2026-07-13 06:03:57.969389+00	\N	\N	f	2026-07-13 06:03:58.846588+00	526
531	pbkdf2_sha256$1200000$eMalJDx8G2r3Spl5YXHKGj$2CD0lE9svBWOIA3zfqQR5g3KgNgm3yacD8zlOhN5K1o=	\N	f	ks2_danphuong				f	t	2026-07-13 06:03:58.849818+00	\N	\N	f	2026-07-13 06:03:59.729025+00	527
532	pbkdf2_sha256$1200000$tsrW9aj29ELxsuPrraQvS6$prL4VTEVmFxuTjKszgcqqrlFx6pGu2g1Pm+z+hdMxrU=	\N	f	ks2_odien				f	t	2026-07-13 06:03:59.731538+00	\N	\N	f	2026-07-13 06:04:00.606668+00	528
533	pbkdf2_sha256$1200000$AtOd6YaZHvNuDho6WtS97W$4qFbIfTr8OqHuqFxRyZQBoTgUdG+CZY/2I2NPLBK640=	\N	f	ks2_lienminh				f	t	2026-07-13 06:04:00.609164+00	\N	\N	f	2026-07-13 06:04:01.488651+00	529
534	pbkdf2_sha256$1200000$Nhd7NnL55x1uMp0T8YD9i9$twUBfz2hM4auQmP/YLjfdurkO/y6lckV96uULv9v0SY=	\N	f	ks2_quocoai				f	t	2026-07-13 06:04:01.491215+00	\N	\N	f	2026-07-13 06:04:02.365554+00	530
535	pbkdf2_sha256$1200000$m5NN6HdMih0j35JTyQX1pW$UdYrhoz8AaO1qxcYQSKhj3hNTLV7milUe9FYGLmaF/Q=	\N	f	ks2_hungdao				f	t	2026-07-13 06:04:02.367957+00	\N	\N	f	2026-07-13 06:04:03.242808+00	531
536	pbkdf2_sha256$1200000$aCPtff8x8nK2d81FROc912$1Csh8KjVzrhY1SyUNdT9iyGStpIhaPJyxNrU70KO/tw=	\N	f	ks2_kieuphu				f	t	2026-07-13 06:04:03.244673+00	\N	\N	f	2026-07-13 06:04:04.139244+00	532
537	pbkdf2_sha256$1200000$GCM37J7GHdWIzZLZOtEBay$8Zidqhg3UV0bAOzb4/63U7LPZpAHn2ScrBmsBX5bBt8=	\N	f	ks2_phucat				f	t	2026-07-13 06:04:04.141478+00	\N	\N	f	2026-07-13 06:04:05.020004+00	533
538	pbkdf2_sha256$1200000$sOFiaXXp1E9yxGwzVm6uZO$Nxj95D1OMGvJs1L/ACAgAKLtMj3CvSZlDWIJlZ08ZyM=	\N	f	ks2_hoalac				f	t	2026-07-13 06:04:05.022838+00	\N	\N	f	2026-07-13 06:04:05.898672+00	534
539	pbkdf2_sha256$1200000$mEr6eQwYXAH9DSqNApv3bW$cKOxuL3hRv9iiV4RYskYxRxll3ZkegswHIDfskW+YGk=	\N	f	ks2_yenxuan				f	t	2026-07-13 06:04:05.901012+00	\N	\N	f	2026-07-13 06:04:06.776332+00	535
541	pbkdf2_sha256$1200000$DpmJAr96GLreCvDT9gimAv$xy2q0T/gtnfviNlTEQklApcNv/1Z/6+7WdH6bx1ZrZY=	\N	f	ks2_phunghia				f	t	2026-07-13 06:04:07.655897+00	\N	\N	f	2026-07-13 06:04:08.531527+00	537
542	pbkdf2_sha256$1200000$2NoE0FYytA4Egzlge5XrHp$EGVWecMSUQ6SwiDHIs5IGNidVxjrDXOuKXbcNWi3PHg=	\N	f	ks2_xuanmai				f	t	2026-07-13 06:04:08.533881+00	\N	\N	f	2026-07-13 06:04:09.407141+00	538
543	pbkdf2_sha256$1200000$XQk8IoTqHs5eVLj9Mid35p$smpY6FPEmk3dVTUD8rAS5GeSUW2XEeWtGogjAQS44zY=	\N	f	ks2_tranphu				f	t	2026-07-13 06:04:09.409535+00	\N	\N	f	2026-07-13 06:04:10.284331+00	539
544	pbkdf2_sha256$1200000$gCiM3vMKTZ0Vy3ZxcMG4vb$d71o4pvo3RE44VNolLwixECn9+WKhyDkVT0DmHUTgCs=	\N	f	ks2_hoaphu				f	t	2026-07-13 06:04:10.286654+00	\N	\N	f	2026-07-13 06:04:11.160872+00	540
545	pbkdf2_sha256$1200000$lpaTyRFuIO1AiwPKeWiMn3$bbXMDZpoysahQfLBqcqrT0hP0tEtVVRTInrQqVribmo=	\N	f	ks2_myduc				f	t	2026-07-13 06:04:11.163173+00	\N	\N	f	2026-07-13 06:04:12.03766+00	541
546	pbkdf2_sha256$1200000$dBEHWxoJ2Jj6MztkehSvmc$qJsJ6ZkSfVHbvjskCeGYfagmulhB7WX/3bYoYLCJa6E=	\N	f	ks2_hongson				f	t	2026-07-13 06:04:12.040168+00	\N	\N	f	2026-07-13 06:04:12.915027+00	542
547	pbkdf2_sha256$1200000$bMfupahVefgONRWIN5VvWS$ciww9fwXbzmjRsafZSwsHb4U0OGmE1+iSMrom2Y4Xc0=	\N	f	ks2_phucson				f	t	2026-07-13 06:04:12.917704+00	\N	\N	f	2026-07-13 06:04:13.791887+00	543
548	pbkdf2_sha256$1200000$Azrdzd5BXScJZHEhTwxeQq$YtbkQqTmAwC2P/fs4av58rKbl+GlwOpSIEMp7ejO6Vs=	\N	f	ks2_huongson				f	t	2026-07-13 06:04:13.794445+00	\N	\N	f	2026-07-13 06:04:14.676523+00	544
549	pbkdf2_sha256$1200000$03Q0q6Nf9voEIWTm79jMj7$u9b3iRRhVECzUh0dlKm5XgsrgKoZTjH0NBDsluCblzc=	\N	f	ks2_unghoa				f	t	2026-07-13 06:04:14.678965+00	\N	\N	f	2026-07-13 06:04:15.554367+00	545
550	pbkdf2_sha256$1200000$BLjupmkix5ncJgznSj46B4$9r+v5F+cauoBVRr1Hz9OQ5dPI56W7W+mQo3m7BpCzzE=	\N	f	ks2_vandinh				f	t	2026-07-13 06:04:15.55685+00	\N	\N	f	2026-07-13 06:04:16.430916+00	546
551	pbkdf2_sha256$1200000$0LYuKb0pJI4MOIwpYXqBwF$o8N8rukVmORa0JnuxefAKCx/x86F2wu1qK8eSbhcfxc=	\N	f	ks2_hoaxa				f	t	2026-07-13 06:04:16.433348+00	\N	\N	f	2026-07-13 06:04:17.30756+00	547
552	pbkdf2_sha256$1200000$kjbsxsqa6lgvFm9dAi0KzH$Y0r4laYmVx++jTx748x7HiI1KiiTvygBKLxNUk7oJTQ=	\N	f	ks2_daixuyen				f	t	2026-07-13 06:04:17.309672+00	\N	\N	f	2026-07-13 06:04:18.183441+00	548
553	pbkdf2_sha256$1200000$pZmQAGUyCh2GPqwjQNJWSx$CWUrUdXz/5GC41sQld81kmqkQGYKEofDbOGWWMVr4Eo=	\N	f	ks2_phuxuyen				f	t	2026-07-13 06:04:18.185739+00	\N	\N	f	2026-07-13 06:04:19.06143+00	549
554	pbkdf2_sha256$1200000$vo1Rz3IClRZAbJFbQ5j4Dm$SVrfQURJOjrhXbx7TtmoHvrfcNtcx4jI7J4gf9BMkUE=	\N	f	ks2_phuongduc				f	t	2026-07-13 06:04:19.063961+00	\N	\N	f	2026-07-13 06:04:19.943151+00	550
555	pbkdf2_sha256$1200000$NL5p00k0nObflJbcEBMg3P$FkM6tBmMOnbVzk/oLa04KFYHeQpkcp616gHGixd6YuA=	\N	f	ks2_chuyenmy				f	t	2026-07-13 06:04:19.945258+00	\N	\N	f	2026-07-13 06:04:20.824429+00	551
556	pbkdf2_sha256$1200000$yVXeway535s9PfVCdjJZjh$VtIlvJc0UmCOoLv5iYOf24wXxnF7152ANVSRU9HcyIU=	\N	f	ks2_thanhoai				f	t	2026-07-13 06:04:20.826995+00	\N	\N	f	2026-07-13 06:04:21.709175+00	552
557	pbkdf2_sha256$1200000$FLVTRd3eXmVVVZFcXtEJXb$tVQUl2vrwtv0FPILbFTFLyKeNvGnOSEXqvbqwngkmwE=	\N	f	ks2_binhminh				f	t	2026-07-13 06:04:21.711926+00	\N	\N	f	2026-07-13 06:04:22.589109+00	553
558	pbkdf2_sha256$1200000$zWy6L8n37X4aj1XOrHI2eN$XWCrvPLWg1zZ0GagzTEfYjeS+o1EhQni4DYVQRKsmv8=	\N	f	ks2_tamhung				f	t	2026-07-13 06:04:22.594432+00	\N	\N	f	2026-07-13 06:04:23.472198+00	554
559	pbkdf2_sha256$1200000$ISgWERRmOP12FX93bvWFdL$7gkWGtO8HsZT0FCe8ef4f/zwXJdyDI0etpZfJW7Kba0=	\N	f	ks2_doaiphuong				f	t	2026-07-13 06:04:23.474774+00	\N	\N	f	2026-07-13 06:04:24.355481+00	555
565	pbkdf2_sha256$1200000$MnRtjNMfOi6rV1JADryM19$AxlgrJsQ8vTyeg6sZFnUDbXrzL50nSi0zSZHYZCHvYk=	\N	f	ks2_thanhtri				f	t	2026-07-13 06:04:29.000727+00	\N	\N	f	2026-07-13 06:04:29.93785+00	561
562	pbkdf2_sha256$1200000$dqni8tWWtyFx5IcOBxe4lh$xj597uodOG1C8JYG6CEIika1IvbanJuvR5mDcwTbfp4=	\N	f	ks2_chuongduong				f	t	2026-07-13 06:04:26.122478+00	\N	\N	f	2026-07-13 06:04:27.066829+00	558
563	pbkdf2_sha256$1200000$9T4ANsWfHK4W09zoEWAa0G$kvwrnI1R0oePbdvC8HO88bS8BweG4hpRPHHeQD0uXuk=	\N	f	ks2_hongvan				f	t	2026-07-13 06:04:27.069879+00	\N	\N	f	2026-07-13 06:04:28.031101+00	559
567	pbkdf2_sha256$1200000$96iiRaRQI3WMfHyvXHChHp$yev9V1YRd6b6LLyGkhGZnzT9WbD1YFsEUDtCHkYEAaM=	\N	f	ks2_namphu				f	t	2026-07-13 06:04:30.91997+00	\N	\N	f	2026-07-13 06:04:31.895947+00	563
568	pbkdf2_sha256$1200000$ViOG4q0LjvMuUEevi6NAZC$JbkEvY/5t2k+HpQoqCL2LtmVkYvlW11B6TzgYAF4oeg=	\N	f	ks2_daithanh				f	t	2026-07-13 06:04:31.898307+00	\N	\N	f	2026-07-13 06:04:32.872478+00	564
569	pbkdf2_sha256$1200000$cxIbQ9vAGqceIWCIoXdi4B$kU47PYVDvdKVWl2jO0rT2Ee3gNdRESyzx/mYWcu2qsw=	\N	f	ks2_thachthat				f	t	2026-07-13 06:04:32.875224+00	\N	\N	f	2026-07-13 06:04:33.815197+00	565
570	pbkdf2_sha256$1200000$Hek5vZ19eX0hO86aAVOBB2$05+2acX36/v45odvY+DUvvdZT8W/D60pFGesuV4LpB4=	\N	f	ks2_bavi				f	t	2026-07-13 06:04:33.817888+00	\N	\N	f	2026-07-13 06:04:34.73827+00	566
571	pbkdf2_sha256$1200000$77uUt7FoJYgxkus9HnwRQJ$8NuW9F2C8VgNTSQm+qmb+dirOcoAQYS+/0dkgFBULK0=	\N	f	ks2_suoihai				f	t	2026-07-13 06:04:34.742819+00	\N	\N	f	2026-07-13 06:04:35.624319+00	567
572	pbkdf2_sha256$1200000$KXPpcDmcH6A3moJUOCmThO$ROZQ2R5HnNbgKRvQ6E/F5V/Cwq+qCM5BzNLttWt4Fe0=	\N	f	ks2_codo				f	t	2026-07-13 06:04:35.626699+00	\N	\N	f	2026-07-13 06:04:36.515526+00	568
573	pbkdf2_sha256$1200000$JaQzysZz3Y2WvhzSNFQLYO$eULtZkobil/k0IQusCRGWgDphXWhsQ7F/IUksnZ0gFk=	\N	f	ks2_batbat				f	t	2026-07-13 06:04:36.517839+00	\N	\N	f	2026-07-13 06:04:37.411968+00	569
574	pbkdf2_sha256$1200000$D6JvQymkjN4OtTejc6ZTX4$fwll5DhKyQEurWBm3Ux6p0xZqjXK2r+dvDN9bim3Z14=	\N	f	ks2_quangoai				f	t	2026-07-13 06:04:37.414304+00	\N	\N	f	2026-07-13 06:04:38.295869+00	570
575	pbkdf2_sha256$1200000$NQn2UCZ773GUWrjZLqmPzT$ZQQePTdJZNd/mAQuKoZZI0ZXRvGCDJ6j1NypoMCmzL8=	\N	f	ks2_vatlai				f	t	2026-07-13 06:04:38.298518+00	\N	\N	f	2026-07-13 06:04:39.179365+00	571
576	pbkdf2_sha256$1200000$nzoukmjMlQ4mDBgsMxDCOW$Ujl2lDpYXEpkGxzGA+9RsB9FcptcQ4JqlynpvHEmaa8=	\N	f	ks2_phuctho				f	t	2026-07-13 06:04:39.18147+00	\N	\N	f	2026-07-13 06:04:40.060975+00	572
577	pbkdf2_sha256$1200000$QKpoffIzregbEJEkoKb966$jCJho2bq5DNt1FKUjIq2zFSibtjYeBCZtkXZ4vpWebY=	\N	f	ks2_hatmon				f	t	2026-07-13 06:04:40.06322+00	\N	\N	f	2026-07-13 06:04:40.941296+00	573
578	pbkdf2_sha256$1200000$TTSte9qFYMEfeD8dA0hDSG$Otf8/MPRuxUUfkBlAYDXVMygUlw3W0yrGyiiCU67oOo=	\N	f	ks2_habang				f	t	2026-07-13 06:04:40.943543+00	\N	\N	f	2026-07-13 06:04:41.821316+00	574
579	pbkdf2_sha256$1200000$Zh5Ymho4idrNEeHoKzRDhb$bu3sQLckJO29dYq3mxDFHtETmMSDIHzZrCs6uDlBfxY=	\N	f	ks2_tayphuong				f	t	2026-07-13 06:04:41.823684+00	\N	\N	f	2026-07-13 06:04:42.70185+00	575
146	pbkdf2_sha256$1200000$5AgzONpdxiGy1QqMMKGhtS$YjJCg7+yFYuHOyNiFUxYC25OldLVcrUqmFg6mcHDOJ8=	2026-07-13 05:20:32.367965+00	t	admin3	Admin	Three	admin3@example.com	t	t	2026-07-09 05:16:41.056+00	\N	\N	f	2026-07-09 05:16:41.056+00	\N
512	pbkdf2_sha256$1200000$iFrlqkJNcDgtI2EM2Pnj3U$auRCBY9szFdIfVVT8fEvNWAHf5BvgcCs4HnkAG1tSXo=	2026-07-13 14:30:21.508558+00	f	ks2_melinh				f	t	2026-07-13 06:03:41.853687+00	\N	\N	f	2026-07-13 06:03:42.808545+00	508
540	pbkdf2_sha256$1200000$Glre9eafTh7O2URrXXuaNu$7bsmR25gO3V4JNEdVD+DTvWOh6XFMJtkIUYy7ki3BTk=	2026-07-13 10:12:59.375585+00	f	ks2_chuongmy				f	t	2026-07-13 06:04:06.778862+00	\N	\N	f	2026-07-13 06:04:07.65354+00	536
145	pbkdf2_sha256$1200000$2TGSco9Hmgbh3Nlaltekyl$a89rRlfesbsqK7PlHx/s5qAFUXfEm0oFzMt9VpSFCWg=	2026-07-13 18:22:34.615453+00	t	admin2	Admin	Two	admin2@example.com	t	t	2026-07-09 05:16:40.307+00	\N	\N	f	2026-07-09 05:17:22.522+00	\N
561	pbkdf2_sha256$1200000$mZEllZFhUQvAlWseEBFpWa$uaPDbvkTUTU4v5oPbOszwTC31nQ8Dx4nOvFrG/gogc4=	2026-07-13 10:43:41.28519+00	f	ks2_thuongphuc				f	t	2026-07-13 06:04:25.239488+00	\N	\N	f	2026-07-13 06:04:26.118791+00	557
566	pbkdf2_sha256$1200000$fqPBECXABzN3iETrY3ArsY$AftM9EXqaZYFHFQZMB8B2bwhNiZd0syW6fx9XZ3E2R8=	2026-07-13 10:52:33.658298+00	f	ks2_ngochoi				f	t	2026-07-13 06:04:29.940949+00	\N	\N	f	2026-07-13 06:04:30.917685+00	562
560	pbkdf2_sha256$1200000$Rx39GNsju56Fbcm2H2uhmH$JMCBMt0IBKdXMejBFiNsSbE9YR+5P7pDpK+Ua5ZIFZ0=	2026-07-13 11:10:55.692218+00	f	ks2_thuongtin				f	t	2026-07-13 06:04:24.358025+00	\N	\N	f	2026-07-13 06:04:25.237211+00	556
144	pbkdf2_sha256$1200000$zmmZtKdMOs4tmGudE8UMND$Ey8xcnmz1IdVcXXZ6Fklzb5sCqO/0N6RR0dfVWqY+hs=	2026-07-13 15:53:58.475109+00	t	admin1	Admin	One	admin1@example.com	t	t	2026-07-09 05:16:39.546+00	\N	\N	f	2026-07-09 05:16:39.546+00	\N
582	pbkdf2_sha256$1200000$yMUXlw5SAPN9oS6yqKVYKZ$VMXayEAIR3diHPNMnlRxWl3PpWEjc2V6de84vqAZSwg=	2026-07-13 19:07:03.692013+00	f	test	test		test@hmail.com	f	t	2026-07-13 11:51:45.220778+00			f	2026-07-13 11:51:45.221147+00	\N
\.


--
-- Data for Name: accounts_user_groups; Type: TABLE DATA; Schema: public; Owner: survey_user
--

COPY public.accounts_user_groups (id, user_id, group_id) FROM stdin;
\.


--
-- Data for Name: accounts_user_target_groups; Type: TABLE DATA; Schema: public; Owner: survey_user
--

COPY public.accounts_user_target_groups (id, user_id, targetgroup_id) FROM stdin;
\.


--
-- Data for Name: accounts_user_user_permissions; Type: TABLE DATA; Schema: public; Owner: survey_user
--

COPY public.accounts_user_user_permissions (id, user_id, permission_id) FROM stdin;
\.


--
-- Data for Name: analytics_aggregatedresult; Type: TABLE DATA; Schema: public; Owner: survey_user
--

COPY public.analytics_aggregatedresult (id, level, entity_name, entity_code, total_responses, average_score, raw_data, calculated_at, year, quarter, survey_id) FROM stdin;
\.


--
-- Data for Name: analytics_comparisonreport; Type: TABLE DATA; Schema: public; Owner: survey_user
--

COPY public.analytics_comparisonreport (id, name, comparison_type, report_data, generated_at, export_file, survey_id) FROM stdin;
\.


--
-- Data for Name: analytics_scoringconfig; Type: TABLE DATA; Schema: public; Owner: survey_user
--

COPY public.analytics_scoringconfig (id, name, criteria_mapping, created_at, is_active, survey_id) FROM stdin;
\.


--
-- Data for Name: analytics_targetgroup; Type: TABLE DATA; Schema: public; Owner: survey_user
--

COPY public.analytics_targetgroup (id, code, name, description, icon, is_active, forms, created_at, updated_at, category_id) FROM stdin;
7	SIPAS-NHOM_DOI_TUONG_3	Nhóm đối tượng 3	Cán bộ phụ trách công nghệ thông tin	bi-people	t	["SIPAS-BM-09", "SIPAS-BM-06"]	2026-07-09 05:48:07.813+00	2026-07-13 03:57:55.107229+00	1
6	SIPAS-NHOM_DOI_TUONG_2	Nhóm đối tượng 2	Cán bộ chuyên môn, đầu mối trực tiếp thực hiện công tác điều tra xã hội học, khảo sát SIPAS	bi-people	t	["SIPAS-BM-09", "SIPAS-BM-05"]	2026-07-09 05:48:02.469+00	2026-07-13 04:41:28.37719+00	1
5	SIPAS-NHOM_DOI_TUONG_1	Nhóm đối tượng 1	Lãnh đạo quản lý công tác điều tra xã hội học, khảo sát SIPAS	bi-people	t	["SIPAS-BM-09", "SIPAS-BM-04"]	2026-07-09 05:47:55.542+00	2026-07-13 04:41:35.997363+00	1
\.


--
-- Data for Name: analytics_targetgroup_surveys; Type: TABLE DATA; Schema: public; Owner: survey_user
--

COPY public.analytics_targetgroup_surveys (id, targetgroup_id, survey_id) FROM stdin;
\.


--
-- Data for Name: auth_group; Type: TABLE DATA; Schema: public; Owner: survey_user
--

COPY public.auth_group (id, name) FROM stdin;
\.


--
-- Data for Name: auth_group_permissions; Type: TABLE DATA; Schema: public; Owner: survey_user
--

COPY public.auth_group_permissions (id, group_id, permission_id) FROM stdin;
\.


--
-- Data for Name: auth_permission; Type: TABLE DATA; Schema: public; Owner: survey_user
--

COPY public.auth_permission (id, name, content_type_id, codename) FROM stdin;
1	Can add permission	2	add_permission
2	Can change permission	2	change_permission
3	Can delete permission	2	delete_permission
4	Can view permission	2	view_permission
5	Can add group	1	add_group
6	Can change group	1	change_group
7	Can delete group	1	delete_group
8	Can view group	1	view_group
9	Can add user	3	add_user
10	Can change user	3	change_user
11	Can delete user	3	delete_user
12	Can view user	3	view_user
13	Can add content type	4	add_contenttype
14	Can change content type	4	change_contenttype
15	Can delete content type	4	delete_contenttype
16	Can view content type	4	view_contenttype
17	Can add Loại câu hỏi	7	add_questiontype
18	Can change Loại câu hỏi	7	change_questiontype
19	Can delete Loại câu hỏi	7	delete_questiontype
20	Can view Loại câu hỏi	7	view_questiontype
21	Can add Đợt khảo sát	9	add_survey
22	Can change Đợt khảo sát	9	change_survey
23	Can delete Đợt khảo sát	9	delete_survey
24	Can view Đợt khảo sát	9	view_survey
25	Can add Danh mục khảo sát	10	add_surveycategory
26	Can change Danh mục khảo sát	10	change_surveycategory
27	Can delete Danh mục khảo sát	10	delete_surveycategory
28	Can view Danh mục khảo sát	10	view_surveycategory
29	Can add Danh sách đen	5	add_blocklist
30	Can change Danh sách đen	5	change_blocklist
31	Can delete Danh sách đen	5	delete_blocklist
32	Can view Danh sách đen	5	view_blocklist
33	Can add Câu hỏi	6	add_question
34	Can change Câu hỏi	6	change_question
35	Can delete Câu hỏi	6	delete_question
36	Can view Câu hỏi	6	view_question
37	Can add Phiếu trả lời	8	add_response
38	Can change Phiếu trả lời	8	change_response
39	Can delete Phiếu trả lời	8	delete_response
40	Can view Phiếu trả lời	8	view_response
41	Can add Tổ chức/Đơn vị	11	add_organization
42	Can change Tổ chức/Đơn vị	11	change_organization
43	Can delete Tổ chức/Đơn vị	11	delete_organization
44	Can view Tổ chức/Đơn vị	11	view_organization
45	Can add Người dùng	12	add_user
46	Can change Người dùng	12	change_user
47	Can delete Người dùng	12	delete_user
48	Can view Người dùng	12	view_user
49	Can add Báo cáo so sánh	14	add_comparisonreport
50	Can change Báo cáo so sánh	14	change_comparisonreport
51	Can delete Báo cáo so sánh	14	delete_comparisonreport
52	Can view Báo cáo so sánh	14	view_comparisonreport
53	Can add Kết quả tổng hợp	13	add_aggregatedresult
54	Can change Kết quả tổng hợp	13	change_aggregatedresult
55	Can delete Kết quả tổng hợp	13	delete_aggregatedresult
56	Can view Kết quả tổng hợp	13	view_aggregatedresult
57	Can add Cấu hình chấm điểm	15	add_scoringconfig
58	Can change Cấu hình chấm điểm	15	change_scoringconfig
59	Can delete Cấu hình chấm điểm	15	delete_scoringconfig
60	Can view Cấu hình chấm điểm	15	view_scoringconfig
61	Can add log entry	16	add_logentry
62	Can change log entry	16	change_logentry
63	Can delete log entry	16	delete_logentry
64	Can view log entry	16	view_logentry
65	Can add session	17	add_session
66	Can change session	17	change_session
67	Can delete session	17	delete_session
68	Can view session	17	view_session
69	Can add Phần khảo sát	18	add_section
70	Can change Phần khảo sát	18	change_section
71	Can delete Phần khảo sát	18	delete_section
72	Can view Phần khảo sát	18	view_section
73	Can add Phân công khảo sát	19	add_surveyassignment
74	Can change Phân công khảo sát	19	change_surveyassignment
75	Can delete Phân công khảo sát	19	delete_surveyassignment
76	Can view Phân công khảo sát	19	view_surveyassignment
77	Can add Người tham gia khảo sát	20	add_surveyparticipant
78	Can change Người tham gia khảo sát	20	change_surveyparticipant
79	Can delete Người tham gia khảo sát	20	delete_surveyparticipant
80	Can view Người tham gia khảo sát	20	view_surveyparticipant
81	Can add Nhóm đối tượng	21	add_targetgroup
82	Can change Nhóm đối tượng	21	change_targetgroup
83	Can delete Nhóm đối tượng	21	delete_targetgroup
84	Can view Nhóm đối tượng	21	view_targetgroup
85	Can add Tiến độ khảo sát	22	add_surveyprogress
86	Can change Tiến độ khảo sát	22	change_surveyprogress
87	Can delete Tiến độ khảo sát	22	delete_surveyprogress
88	Can view Tiến độ khảo sát	22	view_surveyprogress
89	Can add Trạng thái đơn vị khảo sát	23	add_surveyunitstatus
90	Can change Trạng thái đơn vị khảo sát	23	change_surveyunitstatus
91	Can delete Trạng thái đơn vị khảo sát	23	delete_surveyunitstatus
92	Can view Trạng thái đơn vị khảo sát	23	view_surveyunitstatus
\.


--
-- Data for Name: django_admin_log; Type: TABLE DATA; Schema: public; Owner: survey_user
--

COPY public.django_admin_log (id, action_time, object_id, object_repr, action_flag, change_message, content_type_id, user_id) FROM stdin;
\.


--
-- Data for Name: django_content_type; Type: TABLE DATA; Schema: public; Owner: survey_user
--

COPY public.django_content_type (id, app_label, model) FROM stdin;
1	auth	group
2	auth	permission
3	auth	user
4	contenttypes	contenttype
5	survey	blocklist
6	survey	question
7	survey	questiontype
8	survey	response
9	survey	survey
10	survey	surveycategory
11	accounts	organization
12	accounts	user
13	analytics	aggregatedresult
14	analytics	comparisonreport
15	analytics	scoringconfig
16	admin	logentry
17	sessions	session
18	survey	section
19	survey	surveyassignment
20	survey	surveyparticipant
21	analytics	targetgroup
22	survey	surveyprogress
23	survey	surveyunitstatus
\.


--
-- Data for Name: django_migrations; Type: TABLE DATA; Schema: public; Owner: survey_user
--

COPY public.django_migrations (id, app, name, applied) FROM stdin;
1	contenttypes	0001_initial	2026-07-11 08:18:20.401414+00
2	contenttypes	0002_remove_content_type_name	2026-07-11 08:18:20.415513+00
3	auth	0001_initial	2026-07-11 08:18:20.487886+00
4	auth	0002_alter_permission_name_max_length	2026-07-11 08:18:20.520145+00
5	auth	0003_alter_user_email_max_length	2026-07-11 08:18:20.532291+00
6	auth	0004_alter_user_username_opts	2026-07-11 08:18:20.543908+00
7	auth	0005_alter_user_last_login_null	2026-07-11 08:18:20.556225+00
8	auth	0006_require_contenttypes_0002	2026-07-11 08:18:20.559322+00
9	auth	0007_alter_validators_add_error_messages	2026-07-11 08:18:20.570168+00
10	auth	0008_alter_user_username_max_length	2026-07-11 08:18:20.581073+00
11	auth	0009_alter_user_last_name_max_length	2026-07-11 08:18:20.592143+00
12	auth	0010_alter_group_name_max_length	2026-07-11 08:18:20.607852+00
13	auth	0011_update_proxy_permissions	2026-07-11 08:18:20.618354+00
14	auth	0012_alter_user_first_name_max_length	2026-07-11 08:18:20.63138+00
15	accounts	0001_initial	2026-07-11 08:18:20.772611+00
16	survey	0001_initial	2026-07-11 08:18:20.954507+00
17	survey	0002_section_remove_question_survey_and_more	2026-07-11 08:18:21.146771+00
18	survey	0003_seed_question_types	2026-07-11 08:18:21.215334+00
19	survey	0004_question_component_type_and_more	2026-07-11 08:18:21.24162+00
20	survey	0005_surveyassignment_surveyparticipant	2026-07-11 08:18:21.36069+00
21	analytics	0001_initial	2026-07-11 08:18:21.508213+00
22	analytics	0002_targetgroup	2026-07-11 08:18:21.58591+00
23	accounts	0002_user_target_groups	2026-07-11 08:18:21.646578+00
24	admin	0001_initial	2026-07-11 08:18:21.712065+00
25	admin	0002_logentry_remove_auto_add	2026-07-11 08:18:21.740883+00
26	admin	0003_logentry_add_action_flag_choices	2026-07-11 08:18:21.767497+00
27	survey	0006_survey_code	2026-07-11 08:18:21.79615+00
28	survey	0007_surveyprogress	2026-07-11 08:18:21.866955+00
29	survey	0008_alter_surveyprogress_survey	2026-07-11 08:18:21.91474+00
30	survey	0009_surveyunitstatus	2026-07-11 08:18:21.980376+00
31	analytics	0003_targetgroup_category	2026-07-11 08:18:22.09113+00
32	sessions	0001_initial	2026-07-11 08:18:22.115364+00
33	survey	0010_alter_section_code	2026-07-11 08:18:22.145026+00
\.


--
-- Data for Name: django_session; Type: TABLE DATA; Schema: public; Owner: survey_user
--

COPY public.django_session (session_key, session_data, expire_date) FROM stdin;
0078qodyjpu1dmql3cffaynf8iyc5owu	eyJsb2dpbl90eXBlIjoiY2NoYyIsImxvZ2luX3VybCI6Ii9hY2NvdW50cy9jY2hjLyJ9:1wiO9x:9qtRpxwrbtw_0GF2IFYJ70mtbvDRKjotJMGJOIxUcvY	2026-07-25 03:13:45.469+00
20qt1svpl9g4of8t7nce57xg4sodse19	.eJxVTktqwzAQvYvWwViKFXu87CarQskFhpE02G6LZDRSaCi9e2XIol2-__tWSLWsWIUzbkHN6qxOfzlH_oPjIYR3ikvqfIolb647LN1Tle41Bf58eXr_Fawka0tfvButs5OBiQC00RNr4ED6YkHb8TwwUCBrwIRhaAB6sEYH1xjryeijVFhkSxH5a9_yQ839SfmaM8eChfLCBZec6o6-nWmT19tb3x9BqfnOD8wse4rCaEDN488vbBVTBA:1wgnru:rzoum6ZYHwzcftwrwuiZG9hfYpH-dDj1V8NzwgQvFEQ	2026-07-20 18:16:34.836+00
4s8b0kl0kmbncql1kcm7jlci1p7kp7ua	.eJxVjMEOwiAQRP-FsyGlBVo8evcbyO6yWNSAKW2iMf67bdKDJnOaefPewsMyj36pPPkUxFEorcXht0WgG-dtClfIlyKp5HlKKDdE7muV5xL4ftrZP8EIdVzfoE0bG7TQk3EIJg5aUYc9MkVlOhudCgOZ2NrOWnZkEdf0pGJowFnepJVrTSV7fj7S9BLH5vMFCUZAbg:1whhzP:QzcEqgaDPJV4jpztdfbdJ4Q4xkSHPCsb-DKRSjgD3vM	2026-07-23 06:12:03.543+00
58aj1zfzp9x99m7xw1313c8f5sqbguey	.eJxVjstOwzAQRf_F65I0JIrj7oJYFCEoUthb4_EkMY3syA-JCvHvOCibbs-59878sMVNxsp4W4mdWDArBHbYYfJLZiUgumRjKP9tmbWEFGeZAnlpdI5UDb-nCvBKdlP6C-zkCnQ2eqOKLVLsNhRvTtPytGfvBmYIc27Xj50Cakbedi1QK0Ze17rToyIBnCuFGgBFWwkEgRV1DTb1sRrVqARvVd1to4FCMM5K-l6Nv7HT8cAweU82ygh-oign79IqMT-TTw4vH_3w8Hzp3-Xrub_Iof9kv3-gwmO4:1whkju:RtM72lH6CBzzcY18xzpxgRCooiKuJBNdGh_nPqNxSRM	2026-07-23 09:08:14.681+00
6pg131tncuhhadxfgcbu1o7mu59xwfsm	.eJxVjEEOwiAQRe_C2hCkRZgu3XsGAjNTixow0CYa4921SRe6_e_99xI-LPPkl8bVJxKD0GL3u8WAV84roEvI5yKx5LmmKFdFbrTJUyG-HTf3LzCFNn3f6Ai6ve51wIi6OyggjtA7pXSwI7GNPAIYHME6BxYYVe-YVTDakjFmjTZuLZXs-XFP9SkG9f4AlK4_Mg:1wh1Wt:XS0VuFlrcejk_cgjvaHsPplf7uTbX3FlkNpatu65Gkc	2026-07-21 08:51:47.026+00
7fyg1jcxspnnxa44y2d1g6iacosrj5uo	.eJxVjMEOwiAQRP-FsyGlBVo8evcbyO6yWNSAKW2iMf67bdKDJnOaefPewsMyj36pPPkUxFEorcXht0WgG-dtClfIlyKp5HlKKDdE7muV5xL4ftrZP8EIdVzfoE0bG7TQk3EIJg5aUYc9MkVlOhudCgOZ2NrOWnZkEdf0pGJowFnepJVrTSV7fj7S9BLH5vMFCUZAbg:1whi7R:DQVgxsFB31ru9Uxl101vzVVZm_bL7lrvSUT_QpxpOm8	2026-07-23 06:20:21.743+00
apmzji41lwycvq0fumxixpsr5hknn2id	.eJxVjEEOwiAQRe_C2hCkRZgu3XsGAjNTixow0CYa4921SRe6_e_99xI-LPPkl8bVJxKD0GL3u8WAV84roEvI5yKx5LmmKFdFbrTJUyG-HTf3LzCFNn3f6Ai6ve51wIi6OyggjtA7pXSwI7GNPAIYHME6BxYYVe-YVTDakjFmjTZuLZXs-XFP9SkG9f4AlK4_Mg:1wgxBU:cz8SA2TDy4mdWu9KgtukguPCX7ccZcl2uOCfbhs9BiY	2026-07-21 04:13:24.563+00
eeimpc1375dkgmamr6icmmto3pbi0ix8	.eJxVjEEOwiAQRe_C2hCkRZgu3XsGAjNTixow0CYa4921SRe6_e_99xI-LPPkl8bVJxKD0GL3u8WAV84roEvI5yKx5LmmKFdFbrTJUyG-HTf3LzCFNn3f6Ai6ve51wIi6OyggjtA7pXSwI7GNPAIYHME6BxYYVe-YVTDakjFmjTZuLZXs-XFP9SkG9f4AlK4_Mg:1wgz51:5pOaOncbbBe96qnMFWHnDiEriXs00YVuRZpbplezvdQ	2026-07-21 06:14:51.201+00
g83iwx219d84q3l2427tbdls6360ao4o	.eJxVjEEOwiAQRe_C2hCkRZgu3XsGAjNTixow0CYa4921SRe6_e_99xI-LPPkl8bVJxKD0GL3u8WAV84roEvI5yKx5LmmKFdFbrTJUyG-HTf3LzCFNn3f6Ai6ve51wIi6OyggjtA7pXSwI7GNPAIYHME6BxYYVe-YVTDakjFmjTZuLZXs-XFP9SkG9f4AlK4_Mg:1wh4en:DT6KzbGl_iEE20DUy8V9q4iveAwU_6NLGdc6RRKXC1w	2026-07-21 12:12:09.838+00
jrrl4hvtgnhckcjc89pme9tdj66czp37	.eJxVjEEOgyAQRe_CulFRQe2y-56BDMOgtAaMaFLT9O6FxI3JrN57879sDqPzajsWYneGOCG7nWxf54RKQAy732KZZZmsgn2b1B5pVc6kgrftlWrAN_mszAv8GAoMfludLnJSnDYWz2BofpztZWCCOKVvaEVtKy2hQzFoELZvOTa604SWi0bagZseha1lIyUNKLVO1yG3poJBUh6NFKMLXtFncevB7tXvD48vUV4:1whqK0:HyExRflbx2o2SieqUd21tW8LyuhM8gjtq6_idoe8o0k	2026-07-23 15:05:52.78+00
k6jy5wezcopi3y8ks7jms4b8njnptszt	.eJxVjEEOwiAQRe_C2hCkRZgu3XsGAjNTixow0CYa4921SRe6_e_99xI-LPPkl8bVJxKD0GL3u8WAV84roEvI5yKx5LmmKFdFbrTJUyG-HTf3LzCFNn3f6Ai6ve51wIi6OyggjtA7pXSwI7GNPAIYHME6BxYYVe-YVTDakjFmjTZuLZXs-XFP9SkG9f4AlK4_Mg:1wh1Wu:-cl6VBN7XWbMiMPkqfLR5xC0CToqsl_ZJ3N-oY1Kd_w	2026-07-21 08:51:48.989+00
pmzsuidid2nokwlqk6ge3249zohepmho	.eJxVjEEOwiAQRe_C2hCkRZgu3XsGAjNTixow0CYa4921SRe6_e_99xI-LPPkl8bVJxKD0GL3u8WAV84roEvI5yKx5LmmKFdFbrTJUyG-HTf3LzCFNn3f6Ai6ve51wIi6OyggjtA7pXSwI7GNPAIYHME6BxYYVe-YVTDakjFmjTZuLZXs-XFP9SkG9f4AlK4_Mg:1wgzB5:yR0HW6A6LHxTr8ozYIDuZ30DrRIY531VT9RKEQDtpLI	2026-07-21 06:21:07.861+00
qokafkznszv6yt2tn4mnwdk03lveah9a	.eJxVjEEOwiAQRe_C2hCkRZgu3XsGAjNTixow0CYa4921SRe6_e_99xI-LPPkl8bVJxKD0GL3u8WAV84roEvI5yKx5LmmKFdFbrTJUyG-HTf3LzCFNn3f6Ai6ve51wIi6OyggjtA7pXSwI7GNPAIYHME6BxYYVe-YVTDakjFmjTZuLZXs-XFP9SkG9f4AlK4_Mg:1whWEX:7ITRGNrphVM0rXK3169TZ9tWhLTcckfjsC4IWBjBjNU	2026-07-22 17:38:53.219+00
qyumwdcsyjyprd08jk8kxz4ypmm5h34b	.eJxVjEEOgyAQRe_CulFRQe2y-56BDMOgtAaMaFLT9O6FxI3JrN57879sDqPzajsWYneGOCG7nWxf54RKQAy732KZZZmsgn2b1B5pVc6kgrftlWrAN_mszAv8GAoMfludLnJSnDYWz2BofpztZWCCOKVvaEVtKy2hQzFoELZvOTa604SWi0bagZseha1lIyUNKLVO1yG3poJBUh6NFKMLXtFncevB7tXvD48vUV4:1wi8CG:zEOWvlWly0Tp9_FR5YWTicWO71U5OSisFEdog_MkOPc	2026-07-24 10:11:04.173+00
xd20h2qtcjk6drw5mr2szthtkmma7i0s	eyJsb2dpbl90eXBlIjoiY2NoYyIsImxvZ2luX3VybCI6Ii9hY2NvdW50cy9jY2hjLyJ9:1wiDju:T0u-RFEbG0x8Ez6ps00aU3Vqpdv8qVFIFLedU7fbXjc	2026-07-24 16:06:10.192+00
nzqczzgl3kbusmhk8v3mni95qur4jihh	eyJsb2dpbl90eXBlIjoiY2NoYyIsImxvZ2luX3VybCI6Ii9hY2NvdW50cy9jY2hjLyJ9:1wiTPn:WO6qQ1jMUb9IykVEya81efv-zPYaQfJmynr4bXCI8p0	2026-07-25 08:50:27.999849+00
b065eddg5f0wihkyosxjhc9zcd0dv622	eyJsb2dpbl90eXBlIjoiY2NoYyIsImxvZ2luX3VybCI6Ii9hY2NvdW50cy9jY2hjLyJ9:1wiTPu:KmkUTFDc9X1LOQ2D13vKpBfvaPFcNOUcZdJAhE1TR-I	2026-07-25 08:50:34.939409+00
zf1olanua4j50jlndxgpzzmgz3x5wlrq	eyJsb2dpbl90eXBlIjoiY2NoYyIsImxvZ2luX3VybCI6Ii9hY2NvdW50cy9jY2hjLyJ9:1wiTPw:-k5fYXcUpctNyv2Dd-dkO_dZY9kXjq7o3swl_q3FxQo	2026-07-25 08:50:36.188702+00
wgvr3htb528hg04h72x3uhncq9j3j24a	eyJsb2dpbl90eXBlIjoiY2NoYyIsImxvZ2luX3VybCI6Ii9hY2NvdW50cy9jY2hjLyJ9:1wiTQ1:BOpRPRPClFthqyPrgzThNzXvawKM1J65bGcRLGZL9_Q	2026-07-25 08:50:41.808103+00
0c3qt66dpqckxg25cyk28sli58agx43t	eyJsb2dpbl90eXBlIjoiY2NoYyIsImxvZ2luX3VybCI6Ii9hY2NvdW50cy9jY2hjLyJ9:1wiTQY:K1AgKCBn-pHJgR6_JqLFPQhMznlqCPaaPxgQTjzEmME	2026-07-25 08:51:14.607735+00
lra0t7ks8bdawc0s9npv4z95d5qsgvtr	eyJsb2dpbl90eXBlIjoiY2NoYyIsImxvZ2luX3VybCI6Ii9hY2NvdW50cy9jY2hjLyJ9:1wiTQY:K1AgKCBn-pHJgR6_JqLFPQhMznlqCPaaPxgQTjzEmME	2026-07-25 08:51:14.758323+00
x6nhsmfe6v1xjtt46bajzj2dcr6y0bga	eyJsb2dpbl90eXBlIjoiY2NoYyIsImxvZ2luX3VybCI6Ii9hY2NvdW50cy9jY2hjLyJ9:1wiTR7:zfFRF2wes4HoZnhu2tfZvVLaSYyfuk7mjwOMRN72aNY	2026-07-25 08:51:49.711885+00
ukxzgjwisv0ax6drozi56ku3l96kp8c9	.eJyrVsrJT8_Miy-pLEhVslIqzixILFbSgQqWFuUAxfQTk5PzS_NKivXBsvpKtQD_wxLb:1wjDod:__-GPs4TQJZCWWmYEhMPLM2uWPK4ioLD1wgY7Alf9O8	2026-07-27 10:23:11.668112+00
9gd2ax0epx70ub61soay9x4aj7kcbndr	eyJsb2dpbl90eXBlIjoiY2NoYyIsImxvZ2luX3VybCI6Ii9hY2NvdW50cy9jY2hjLyJ9:1wiTU7:W_rGoKKxxmRvkrwhfyXXSXddPvE3zbJt43T-BToU4jc	2026-07-25 08:54:55.026695+00
dk7st6q4moqmy88rh0tgxtg2jrz0m8lh	eyJsb2dpbl90eXBlIjoiY2NoYyIsImxvZ2luX3VybCI6Ii9hY2NvdW50cy9jY2hjLyJ9:1wiTU7:W_rGoKKxxmRvkrwhfyXXSXddPvE3zbJt43T-BToU4jc	2026-07-25 08:54:55.149836+00
tn7d5log8o4tepsju4xmv4skl2sneqaf	.eJyrVsrJT8_Miy-pLEhVslIqzixILFbSgQqWFuUAxfQTk5PzS_NKivXBsvpKtQD_wxLb:1wiTVm:BpfFEtoR1JVhYdjUPTi9OsEGQU5edxWszyGKHBhxauc	2026-07-25 08:56:38.49856+00
qjbqyqlqhzofiujgk9u32d030vx11tg1	.eJyrVsrJT8_Miy-pLEhVslIqzixILFbSgQqWFuUAxfQTk5PzS_NKivXBsvpKtQD_wxLb:1wiTX1:ShiqCg2Ea03P2L-mUPDSx4JpshnRJx33rTyxB-iIJdY	2026-07-25 08:57:55.982053+00
ui2i4s582jboq6dwsg80u9a0nkd0or0o	.eJyrVsrJT8_Miy-pLEhVslIqzixILFbSgQqWFuUAxfQTk5PzS_NKivXBsvpKtQD_wxLb:1wiTXo:k4B4uZLXcwytkU19svLQ27mLjuBoyTr-ZSyQ6M_AQNM	2026-07-25 08:58:44.69932+00
9tcj0o7ncm88so0h9rdplti9f4iqha6f	.eJyrVsrJT8_Miy-pLEhVslIqzixILFbSgQqWFuUAxfQTk5PzS_NKivXBsvpKtQD_wxLb:1wiTZP:tmabWlf1_Jd_9EuJ1RiLchLxYFGhZsfEO3G78FJuBNc	2026-07-25 09:00:23.570255+00
qyvxz1hq15l09k0p4236ocy55d78gqrl	.eJyrVsrJT8_Miy-pLEhVslIqzixILFbSgQqWFuUAxfQTk5PzS_NKivXBsvpKtQD_wxLb:1wiTay:uKHMlY_V5sK01fPEQuiA-qyXZgn-Q_jYOj_JPIVzcSU	2026-07-25 09:02:00.243569+00
lgpvq7gej236aqjzygfwts7cy4sb9vfl	.eJyrVsrJT8_Miy-pLEhVslIqzixILFbSgQqWFuUAxfQTk5PzS_NKivXBsvpKtQD_wxLb:1wiTay:uKHMlY_V5sK01fPEQuiA-qyXZgn-Q_jYOj_JPIVzcSU	2026-07-25 09:02:00.261954+00
ntqoqbsmdr6gfljqswjc203b6u11xu3i	.eJyrVsrJT8_Miy-pLEhVslIqzixILFbSgQqWFuUAxfQTk5PzS_NKivXBsvpKtQD_wxLb:1wiTbA:qQRXTSGDObeUs5qVlRcu00z4X_ft92ODQtuEylBtx1A	2026-07-25 09:02:12.838497+00
0m69rhdf6rinpqz8ohmn7m02g39g668w	.eJyrVsrJT8_Miy-pLEhVslIqzixILFbSgQqWFuUAxfQTk5PzS_NKivXBsvpKtQD_wxLb:1wiTbQ:mE2ofEZzCeX3MKTvlfBHCuQFNrYrnnguO5Uhn-A66f4	2026-07-25 09:02:28.882198+00
k6yrrainncfucklo9l53gwrx1z4tdkp1	.eJyrVsrJT8_Miy-pLEhVslIqzixILFbSgQqWFuUAxfQTk5PzS_NKivXBsvpKtQD_wxLb:1wiTd3:IuJMpcUum8EciKFCJb26KydG2W-BsZGKdOKQTe_eslw	2026-07-25 09:04:09.621227+00
lt53xh71dwl71w2mpssy45362xcdggms	.eJyrVsrJT8_Miy-pLEhVslIqzixILFbSgQqWFuUAxfQTk5PzS_NKivXBsvpKtQD_wxLb:1wiTd7:9Pe-3GVfB2Eg5lSSnvwO4jgzPDOhUwHKe0iB_nyU1VU	2026-07-25 09:04:13.509616+00
eqd76nrfenrvmus4f1xceh94hii0bjn2	.eJyrVsrJT8_Miy-pLEhVslIqzixILFbSgQqWFuUAxfQTk5PzS_NKivXBsvpKtQD_wxLb:1wiTdH:DXMfeUPYrPYZL_XrHauuYDQsl4WTEralhDUTWCnEpY0	2026-07-25 09:04:23.95423+00
ayaufn8f0ee9wpgauaa1leg3sfuhbigd	.eJyrVsrJT8_Miy-pLEhVslIqzixILFbSgQqWFuUAxfQTk5PzS_NKivXBsvpKtQD_wxLb:1wiTdK:7y_FyK2GPfrpq1lrJVGspEraj4ZRJqKCAlbIakvnt5E	2026-07-25 09:04:26.912684+00
f8h61gmdxuvwrcrwbqv0vmcz0y4lskfm	.eJyrVsrJT8_Miy-pLEhVslIqzixILFbSgQqWFuUAxfQTk5PzS_NKivXBsvpKtQD_wxLb:1wiTes:pEQns_dJIr-iWsyllDSvm0W6ix6HAWnh4DjzRjXrjnU	2026-07-25 09:06:02.086834+00
cwuxdmwbanqqbzr0c7zxvyughfo1zij6	.eJyrVsrJT8_Miy-pLEhVslIqzixILFbSgQqWFuUAxfQTk5PzS_NKivXBsvpKtQD_wxLb:1wiTj8:MvXWqh8JNFmPY5xJQyKNObxjZONRrEfS6sRsKPJgtb4	2026-07-25 09:10:26.147351+00
v7isaupcd3ebcr7eeckgfgif9nmbtjzo	.eJyrVsrJT8_Miy-pLEhVslIqzixILFbSgQqWFuUAxfQTk5PzS_NKivXBsvpKtQD_wxLb:1wiTj9:-FgMIGK8DxTjuPZf3g2x1wjHeLQzYEXNEZKTPaPaWDA	2026-07-25 09:10:27.601855+00
xq1sm9zovo7nsgwzb1wgrj8ag6kbouuk	.eJyrVsrJT8_Miy-pLEhVslIqzixILFbSgQqWFuUAxfQTk5PzS_NKivXBsvpKtQD_wxLb:1wiTjp:_vFMW-QDSO_M4PjvvNN-TOACXafj4CTQdo2hTDqz80E	2026-07-25 09:11:09.674046+00
ltbkf3jllnxkhbrpfdudy337e7at1i9n	.eJyrVsrJT8_Miy-pLEhVslIqzixILFbSgQqWFuUAxfQTk5PzS_NKivXBsvpKtQD_wxLb:1wiTl3:9YqpzKWb9HNCHRNIBe2X_JoVrrbs3os-aK75iOJCrBg	2026-07-25 09:12:25.997572+00
u02h9dw4epc67hxzsw5iyq5yk9gpc61h	.eJyrVsrJT8_Miy-pLEhVslIqzixILFbSgQqWFuUAxfQTk5PzS_NKivXBsvpKtQD_wxLb:1wiTmA:kZV3NZ5Qee7kI1qrTpGc5lHEmRQPZUrPhMWuYLbVJFY	2026-07-25 09:13:34.919857+00
lv7ajpn3esuxd93dvp0t47mjyn4a9tuu	.eJyrVsrJT8_Miy-pLEhVslIqzixILFbSgQqWFuUAxfQTk5PzS_NKivXBsvpKtQD_wxLb:1wiTmE:eMKORqliDWsOlqEgdnQ0Tb7NJvn0lmfELjYwRV0szIk	2026-07-25 09:13:38.190021+00
vcmwmytsngy6rip8sp2ia7gqo76wdzmm	.eJyrVsrJT8_Miy-pLEhVslIqzixILFbSgQqWFuUAxfQTk5PzS_NKivXBsvpKtQD_wxLb:1wiTmJ:NfudBzmRLhzGwOnV9fmIMA2a1Ao6mKGPaP31XfF5XOg	2026-07-25 09:13:43.818938+00
wsnvthk06vp02dsxbd95tt7u4b3y2gvz	.eJyrVsrJT8_Miy-pLEhVslIqzixILFbSgQqWFuUAxfQTk5PzS_NKivXBsvpKtQD_wxLb:1wiToX:3_mlfZmrEil5rP6-8f0JwOSRpn8Y0KZEmRaghQJ-e1M	2026-07-25 09:16:01.086943+00
ahp93ksbzl8bsj0s7sru4b2kqqi97ptr	.eJyrVsrJT8_Miy-pLEhVslIqzixILFbSgQqWFuUAxfQTk5PzS_NKivXBsvpKtQD_wxLb:1wiU1T:VS56f49T2Xe4Ml9cn3UT70kwq7s4sVGBjVFEJaTSKgc	2026-07-25 09:29:23.663321+00
3wldnojvoji13e9jrh5v788novgx58rr	.eJyrVsrJT8_Miy-pLEhVslIqzixILFbSgQqWFuUAxfQTk5PzS_NKivXBsvpKtQD_wxLb:1wiU4a:DYkYICi8AHD6EUU2s_UyjkcPBCsW-4TRjXNyE3nq3OU	2026-07-25 09:32:36.225546+00
lzdm4w0tinvslxsllk4nvyl2zje0ytwf	.eJyrVsrJT8_Miy-pLEhVslIqzixILFbSgQqWFuUAxfQTk5PzS_NKivXBsvpKtQD_wxLb:1wiU5m:UB1bLMy-rwE-HgTE0XmllKCRVxL2Cd1IP0DXHmNnYg0	2026-07-25 09:33:50.13197+00
7xrivgwsraqhdyhyrl1go1lv8sxpj2c6	.eJyrVsrJT8_Miy-pLEhVslIqzixILFbSgQqWFuUAxfQTk5PzS_NKivXBsvpKtQD_wxLb:1wiU6E:knaI97k40tQgX41NkHdJ3IDhQxcaOKWBqh8k461gVd8	2026-07-25 09:34:18.965677+00
so56ockko8nel1u1dbg1y7ugwqg9iug1	.eJyrVsrJT8_Miy-pLEhVslIqzixILFbSgQqWFuUAxfQTk5PzS_NKivXBsvpKtQD_wxLb:1wiU6E:knaI97k40tQgX41NkHdJ3IDhQxcaOKWBqh8k461gVd8	2026-07-25 09:34:18.988217+00
0gwjdfnq3dhw1prfz3r80d3n1zlvz50o	.eJyrVsrJT8_Miy-pLEhVslIqzixILFbSgQqWFuUAxfQTk5PzS_NKivXBsvpKtQD_wxLb:1wiU8o:H_BEfq1Su_cFK1uAiU-risag9LrMR0uVzsPLSpinLfQ	2026-07-25 09:36:58.113544+00
rq6tsgyfs7f5g2xefpnhde7h6ldrptue	.eJyrVsrJT8_Miy-pLEhVslIqzixILFbSgQqWFuUAxfQTk5PzS_NKivXBsvpKtQD_wxLb:1wiUAF:0bqwvZwGuDDmR0s71rnEIk78dzH68lQDL59DxZsc9Fk	2026-07-25 09:38:27.520106+00
qiskozrk70gkyhpnxp1099b6jjp594ol	.eJyrVsrJT8_Miy-pLEhVslIqzixILFbSgQqWFuUAxfQTk5PzS_NKivXBsvpKtQD_wxLb:1wiUAF:0bqwvZwGuDDmR0s71rnEIk78dzH68lQDL59DxZsc9Fk	2026-07-25 09:38:27.57731+00
5vctumh7gpgdc2t7gckdmip6nxkifxrf	.eJyrVsrJT8_Miy-pLEhVslIqzixILFbSgQqWFuUAxfQTk5PzS_NKivXBsvpKtQD_wxLb:1wiUOR:2n3nsGfjpTnq6UYuW3QfPRSk1Eq07Tm5BfBlkUfx88c	2026-07-25 09:53:07.873006+00
939muwsiu2n44i3hb6ky8bwo1lv4zgik	.eJyrVsrJT8_Miy-pLEhVslIqzixILFbSgQqWFuUAxfQTk5PzS_NKivXBsvpKtQD_wxLb:1wiUP9:7GWVqyMLAoMokqNBuAIcBzwdT9hCjo7IkAgM66VXm10	2026-07-25 09:53:51.442663+00
fqtf9ibxz0cc7v8z3jco1nepd0cpwqqk	.eJyrVsrJT8_Miy-pLEhVslIqzixILFbSgQqWFuUAxfQTk5PzS_NKivXBsvpKtQD_wxLb:1wiUUu:o4G57dj9P6wcnAg5HREQeF0NnV1U30Amr3er0aSCCf0	2026-07-25 09:59:48.71109+00
kfpizkiqjuszpjnz4h592x7urvz2ck07	.eJyrVsrJT8_Miy-pLEhVslIqzixILFbSgQqWFuUAxfQTk5PzS_NKivXBsvpKtQD_wxLb:1wiUWt:zu_JsmoIR-PdhN3nYpiRDGspD8hNgn2wnpSlPe4SZMs	2026-07-25 10:01:51.140257+00
87x6vl5a961izk4lrms29djet4m98yq7	.eJyrVsrJT8_Miy-pLEhVslIqzixILFbSgQqWFuUAxfQTk5PzS_NKivXBsvpKtQD_wxLb:1wiUXy:Jsg6ySBqp5POQA9xs8alxPFCLe9mWtMVZa-owgRsrjc	2026-07-25 10:02:58.686305+00
8dtb6d0f5vzajmc3cuhg04l4bflz3u5n	.eJyrVsrJT8_Miy-pLEhVslIqzixILFbSgQqWFuUAxfQTk5PzS_NKivXBsvpKtQD_wxLb:1wiUYN:yuyKtEpW3-17VaM71iBoJHRY2e_XEz2jKVl9Z3SeFFU	2026-07-25 10:03:23.381134+00
r84y9svc79bizb4x2n2eq5ud5h1vfrjl	.eJyrVsrJT8_Miy-pLEhVslIqzixILFbSgQqWFuUAxfQTk5PzS_NKivXBsvpKtQD_wxLb:1wiUYO:PEpSOfhVECVMNY6PlJ6v_8M2yMNeJGFaaarzs5PhjOU	2026-07-25 10:03:24.114514+00
k0q16hpy4hpscb93q6658bal4tihur6h	.eJyrVsrJT8_Miy-pLEhVslIqzixILFbSgQqWFuUAxfQTk5PzS_NKivXBsvpKtQD_wxLb:1wiUYO:PEpSOfhVECVMNY6PlJ6v_8M2yMNeJGFaaarzs5PhjOU	2026-07-25 10:03:24.299422+00
sqr64qzzt2h67wngsypo4grbxpu6qcic	.eJxVjkEOgyAQRe_CulFQxNhl9z0DGWBQWgOG0aSm6d2rxo3b996fzJeNqQ9Rz-uE7M4oTEDsdsIljxsrwdq0xJnKw5ab1rDMg14Isw5uS4SUV2rAvjHuyr0g9qmwKc45mGJPitNS8UwOx8fZXg4MQMO29sqpxnUOKiO6prJS-rrxhteWcxCdxdY7Lw332DjrBVdGYYWiVi2orjXHV4REIUWNnynkld357w-TMVI_:1wiUZN:HZL6HfEg8Cer6E1ujhBMbNEqlCCOpTk7PyRjrv9n1kM	2026-07-25 10:04:25.763886+00
xy9z9m1er3pyjvgmxemq5plzsmnof5nb	.eJyrVsrJT8_Miy-pLEhVslIqzixILFbSgQqWFuUAxfQTk5PzS_NKivXBsvpKtQD_wxLb:1wiUa4:e507TTiIgbL9DjCeFFx5PhldQJipE5eWinCVfjuWjfs	2026-07-25 10:05:08.835519+00
sebmxfoj9vrdfk4bsbocnrhrjsux2b4a	.eJyrVsrJT8_Miy-pLEhVslIqzixILFbSgQqWFuUAxfQTk5PzS_NKivXBsvpKtQD_wxLb:1wiUa8:grCzXmOQvsEQlyrKerjkZehrrRFt2yiJ6FrtTf_9uiM	2026-07-25 10:05:12.645908+00
dcd0zdjd2u6xhb0lq7g08e566qx7cg65	.eJyrVsrJT8_Miy-pLEhVslIqzixILFbSgQqWFuUAxfQTk5PzS_NKivXBsvpKtQD_wxLb:1wiUaT:dxgcEC9ll9RK8YhkfAZJWJb6HcqeQPB-iSPMXQAkV0c	2026-07-25 10:05:33.74802+00
g6c4olt7zn88r1phyyy0v49bn643scmt	.eJyrVsrJT8_Miy-pLEhVslIqzixILFbSgQqWFuUAxfQTk5PzS_NKivXBsvpKtQD_wxLb:1wiUag:Uw_TdJziYGWvWT8sC4jdRPi7DaxoHQdk6k_sXCBdcIY	2026-07-25 10:05:46.115181+00
qp4q89botka2tvn5eusbq1k3per5fedh	.eJyrVsrJT8_Miy-pLEhVslIqzixILFbSgQqWFuUAxfQTk5PzS_NKivXBsvpKtQD_wxLb:1wiUiJ:AfqGqvbb9Iqb3e9SpsgeB2F4qlwUisAZDCBBOo4TOsc	2026-07-25 10:13:39.867454+00
q7igykvd1za96hw0j5129wrdh2up7xni	.eJyrVsrJT8_Miy-pLEhVslIqzixILFbSgQqWFuUAxfQTk5PzS_NKivXBsvpKtQD_wxLb:1wiUiM:u2y_7zkrdj9zAkSbf85_b40k32845YN3DFNqse5mBps	2026-07-25 10:13:42.468524+00
0y3cht9v07aw7i8k100j55dkmyyds6ew	.eJyrVsrJT8_Miy-pLEhVslIqzixILFbSgQqWFuUAxfQTk5PzS_NKivXBsvpKtQD_wxLb:1wiUjB:DqoBNwj-MkLt_Qki4VvD034CYzbF8jI7nMbxHpz5L4Y	2026-07-25 10:14:33.016205+00
1prc83kuqvujl35m4nbvrr4s52q26mc7	.eJyrVsrJT8_Miy-pLEhVslIqzixILFbSgQqWFuUAxfQTk5PzS_NKivXBsvpKtQD_wxLb:1wiUjb:3yE1x2Nu_nhMBSkqSMjvPkiHn74JYsmEa67QpVpT-Bw	2026-07-25 10:14:59.823346+00
tkbj7dtx7rrpgr5h0ttj61dt52fj7nuy	.eJyrVsrJT8_Miy-pLEhVslIqzixILFbSgQqWFuUAxfQTk5PzS_NKivXBsvpKtQD_wxLb:1wiUqX:2hWx4sOhE7zw6Q-czqLNpIj1rAGMmgjqbdP1fFC9mJE	2026-07-25 10:22:09.936096+00
mgcsvawd1jkf51omj42kujng78b0n6yr	.eJyrVsrJT8_Miy-pLEhVslIqzixILFbSgQqWFuUAxfQTk5PzS_NKivXBsvpKtQD_wxLb:1wiUqZ:0mZul2WR3807rrGDuj3i9lH4OdJVe4sIy34JKGmntlk	2026-07-25 10:22:11.579593+00
p62xa5j4z6seevftze41da8xn9qc2f9j	.eJyrVsrJT8_Miy-pLEhVslIqzixILFbSgQqWFuUAxfQTk5PzS_NKivXBsvpKtQD_wxLb:1wiUqd:Ay4-Lee3oKzSTcAK_Q5V5mZ5aRENFxIbNiUQ1w8-KWE	2026-07-25 10:22:15.585602+00
1h815cw6th91h74f5h8s2ard7didk6ep	.eJyrVsrJT8_Miy-pLEhVslIqzixILFbSgQqWFuUAxfQTk5PzS_NKivXBsvpKtQD_wxLb:1wiUqe:i4mIAhnVhxQq9I_uxPgLYUM7cSFFy-Kc1F3kkJJUows	2026-07-25 10:22:16.366465+00
f2nuxgexydich8mc8t2vd0w0rf838lrw	.eJyrVsrJT8_Miy-pLEhVslIqzixILFbSgQqWFuUAxfQTk5PzS_NKivXBsvpKtQD_wxLb:1wiVEa:UcBOxwh48qZehfFA-vTvDOyaxMro_jknFvqDWWJDvNg	2026-07-25 10:47:00.061721+00
p394o79e3fuj35s1yzq2jiwklq65svv9	.eJxVjkEOgyAQRe_CulFQxNhl9z0DGWBQWgOG0aSm6d2rxo3b996fzJeNqQ9Rz-uE7M4oTEDsdsIljxsrwdq0xJnKw5ab1rDMg14Isw5uS4SUV2rAvjHuyr0g9qmwKc45mGJPitNS8UwOx8fZXg4MQMO29sqpxnUOKiO6prJS-rrxhteWcxCdxdY7Lw332DjrBVdGYYWiVi2orjXHV4REIUWNnynkld357w-TMVI_:1wiVI5:_WiJQNDq9mkn46g2hQSo9Cj0zcD8hlFwPtaWGmIs6-8	2026-07-25 10:50:37.596362+00
4tg2wykn26k84vzxpwyncbwvnc7xzzmk	.eJyrVsrJT8_Miy-pLEhVslIqzixILFbSgQqWFuUAxfQTk5PzS_NKivXBsvpKtQD_wxLb:1wiVVt:6yUTMDb5PRoKg3BeI4p1L9E_wzBA5kORFUThzAsb1Qg	2026-07-25 11:04:53.725878+00
te69kpszev1w36mx0mgxv7c5gi0sabxx	.eJyrVsrJT8_Miy-pLEhVslIqzixILFbSgQqWFuUAxfQTk5PzS_NKivXBsvpKtQD_wxLb:1wiVWk:jClOV6rap-YxdBesYU4XdkoZotJLX583J48ZL3Y-U2Q	2026-07-25 11:05:46.430595+00
v6jbquc62emokpzyf5qhx8su5yjg6zrk	.eJyrVsrJT8_Miy-pLEhVslIqzixILFbSgQqWFuUAxfQTk5PzS_NKivXBsvpKtQD_wxLb:1wiVcX:TvMcXponlu5KLQtA3uhRodY2ieQ1E7Zoapk1fJtE0Mc	2026-07-25 11:11:45.003018+00
8fapeel4louu8hjpvimmf6o7ytx8qm2x	.eJyrVsrJT8_Miy-pLEhVslIqzixILFbSgQqWFuUAxfQTk5PzS_NKivXBsvpKtQD_wxLb:1wiVek:oxLFXWVDCVg8I0MoPBEK5LJ98dFmPgrNiBXipTqeonY	2026-07-25 11:14:02.145644+00
jsqbsyejcq5hm75niakzsfub1db3p4ll	.eJyrVsrJT8_Miy-pLEhVslIqzixILFbSgQqWFuUAxfQTk5PzS_NKivXBsvpKtQD_wxLb:1wiVmL:aZCNZdvuPFeq_CmCqZKsT2SzjWsaYNZQzct0N_sy51k	2026-07-25 11:21:53.0878+00
rb25ov8qx4nq2hgjnk1hp0o8mjx17r5v	.eJyrVsrJT8_Miy-pLEhVslIqzixILFbSgQqWFuUAxfQTk5PzS_NKivXBsvpKtQD_wxLb:1wiXuy:bZcXNhigEGclDBwyE0Ls9KaqNZXMjk2zNu_NYqk0J3c	2026-07-25 13:38:56.129502+00
28sunfm9ghkjtbwusr413dsc3bsqkjbk	.eJyrVsrJT8_Miy-pLEhVslIqzixILFbSgQqWFuUAxfQTk5PzS_NKivXBsvpKtQD_wxLb:1wiXvl:OpxXnLidL4PppW-CQO5te-oH5EAcVBYg6E6puZCkw2M	2026-07-25 13:39:45.869545+00
ia7l67glck609rgrjj6a6th1b89ikp4w	.eJyrVsrJT8_Miy-pLEhVslIqzixILFbSgQqWFuUAxfQTk5PzS_NKivXBsvpKtQD_wxLb:1wiY1T:TH4w_Qvpuhw9lKdsdiZ76xTu3A8STu1CuO8NopWuh_k	2026-07-25 13:45:39.46896+00
nba3n4fgybrfgc31l5zzpxvdxv52hpwp	.eJyrVsrJT8_Miy-pLEhVslIqzixILFbSgQqWFuUAxfQTk5PzS_NKivXBsvpKtQD_wxLb:1wiYkE:fg-YhNCnZHrTiXjaXmzml--UtvNTeQ1__CNHQkmazss	2026-07-25 14:31:54.376475+00
0ncgnotbeznke11uwu4jxrfkb3ab46hw	.eJxVjkEOgyAQRe_CulFQxNhl9z0DGWBQWgOG0aSm6d2rxo3b996fzJeNqQ9Rz-uE7M4oTEDsdsIljxsrwdq0xJnKw5ab1rDMg14Isw5uS4SUV2rAvjHuyr0g9qmwKc45mGJPitNS8UwOx8fZXg4MQMO29sqpxnUOKiO6prJS-rrxhteWcxCdxdY7Lw332DjrBVdGYYWiVi2orjXHV4REIUWNnynkld357w-TMVI_:1wiZL2:qzcSTkA7QsdI7ItKXpTgoFbSb-BUHO2OBKBLisGv52w	2026-07-25 15:09:56.978995+00
vnfsv0suycja88b71rqi6cb6a0lil3x4	.eJyrVsrJT8_Miy-pLEhVslIqzixILFbSgQqWFuUAxfQTk5PzS_NKivXBsvpKtQD_wxLb:1wiZU9:8nKondbvZN7NESXjXO_5SwDloANK3aV-x5VcuS_Y8Bk	2026-07-25 15:19:21.134155+00
vnp4zwaklb30y6125wzdlykocdt6rd2n	.eJyrVsrJT8_Miy-pLEhVslIqzixILFbSgQqWFuUAxfQTk5PzS_NKivXBsvpKtQD_wxLb:1wiZXm:8ggumNcgumYRfYWB3xBLgbbPn2aOiQ36UIEY9ml58To	2026-07-25 15:23:06.560967+00
jqk02fn7iatu2r9e1e28n9ii1ne59fku	.eJyrVsrJT8_Miy-pLEhVslIqzixILFbSgQqWFuUAxfQTk5PzS_NKivXBsvpKtQD_wxLb:1wiZqM:ZhlixgisNmO-Y1veK5yeFaPZ-8EcGHWJFzvW1J_xrtE	2026-07-25 15:42:18.607401+00
3h7n6qx622ehpt2jl2j0ax3i0dbya9sz	.eJyrVsrJT8_Miy-pLEhVslIqzixILFbSgQqWFuUAxfQTk5PzS_NKivXBsvpKtQD_wxLb:1wia09:BAteqP8gsuTJqL4XnMm2Pe88gsLaeO75j2kfzvg9j3o	2026-07-25 15:52:25.848112+00
guyofqc641xno7j36i39sqqao8qsfr21	.eJyrVsrJT8_Miy-pLEhVslIqzixILFbSgQqWFuUAxfQTk5PzS_NKivXBsvpKtQD_wxLb:1wiaM9:aWH0E4vJ8t67Un5c1aE6EvRRexYC4orBoHiFCTgauPk	2026-07-25 16:15:09.704361+00
iq2dof1fn679p5x86r1xuyxod6g87sfd	.eJyrVsrJT8_Miy-pLEhVslIqzixILFbSgQqWFuUAxfQTk5PzS_NKivXBsvpKtQD_wxLb:1wibBu:68MMRShNvhRGzkklqYFmaahS1TIrhg0IXCMbOnqUy7k	2026-07-25 17:08:38.311967+00
joyfac9rs66hgzsi1m912jljl813vydf	.eJyrVsrJT8_Miy-pLEhVslIqzixILFbSgQqWFuUAxfQTk5PzS_NKivXBsvpKtQD_wxLb:1wibCc:C7Qt3ZyeYkgwq4Q-Q_9fOprGndjNayf-IJnAsqbUJLg	2026-07-25 17:09:22.544618+00
tjceqeuf39jwyr3a75d3uk20zjawbhom	.eJyrVsrJT8_Miy-pLEhVslIqzixILFbSgQqWFuUAxfQTk5PzS_NKivXBsvpKtQD_wxLb:1wibF1:qT-ZhVCj8FKwOI1xoSLxfMRvlns3n1dqn35DIB5gW7w	2026-07-25 17:11:51.3952+00
789oc81ngl31v1gil78hurt6y5s8coeb	.eJyrVsrJT8_Miy-pLEhVslIqzixILFbSgQqWFuUAxfQTk5PzS_NKivXBsvpKtQD_wxLb:1wicJs:LmmPXmrOFxH50aNyVjuR_mmfPE5ePqJ7mzceUBaTNSs	2026-07-25 18:20:56.127249+00
ribxhqdohdhv8h71qoxlj6gs7rj9f4yd	.eJyrVsrJT8_Miy-pLEhVslIqzixILFbSgQqWFuUAxfQTk5PzS_NKivXBsvpKtQD_wxLb:1wier8:pQ_Rat48jDiHqVtU2CMap-YbmdooiqdDqu88yJhsnCk	2026-07-25 21:03:26.46623+00
xe8snk7d2ayuoqu34scd2p9aatgz797h	.eJyrVsrJT8_Miy-pLEhVslIqzixILFbSgQqWFuUAxfQTk5PzS_NKivXBsvpKtQD_wxLb:1wifRF:ZpgXRPMpROdgVJxYbCU6xeagVSwjn4tyDAT6y4n-wG4	2026-07-25 21:40:45.142101+00
n1n6a7y9yuskd3erywqo2ktwgsp3584f	.eJyrVsrJT8_Miy-pLEhVslIqzixILFbSgQqWFuUAxfQTk5PzS_NKivXBsvpKtQD_wxLb:1wifUb:9C27d1yDRf5-i1I6zqxoiPHxmC-cTaNMHc0_1vUM9Ao	2026-07-25 21:44:13.801212+00
0ev3ppldclgnl0thlwuixjk2wey8p2v3	.eJyrVsrJT8_Miy-pLEhVslIqzixILFbSgQqWFuUAxfQTk5PzS_NKivXBsvpKtQD_wxLb:1wifVC:8KUhO0qDtG3Ccjfm_t6s0qyGjPEfJlrxcUv10Z1Z_SA	2026-07-25 21:44:50.149454+00
zk1dlbl415nm90u1v6rc4j3021pty75p	.eJyrVsrJT8_Miy-pLEhVslIqzixILFbSgQqWFuUAxfQTk5PzS_NKivXBsvpKtQD_wxLb:1wifiM:kyUQA7v6Bjq3MUM6OTqc18S7o63GV2rQJHJ_FzLnwRs	2026-07-25 21:58:26.236274+00
5xtsv6nylan5ucxruwmgnzvthw0pjiyh	.eJyrVsrJT8_Miy-pLEhVslIqzixILFbSgQqWFuUAxfQTk5PzS_NKivXBsvpKtQD_wxLb:1wijM8:GaZjc7V5_gE8tYsHa4xxui2MSeYeIdKSjOYe1cPX2NU	2026-07-26 01:51:44.375658+00
0hr6pry3y9mvuaki2i67xgljemffzaio	.eJyrVsrJT8_Miy-pLEhVslIqzixILFbSgQqWFuUAxfQTk5PzS_NKivXBsvpKtQD_wxLb:1wijwA:mpwcXioPJZ63R8pRgsZQJgRXyeZsMqPY72Bv7zW5zJk	2026-07-26 02:28:58.02004+00
7g1udkuvbip8ldtzsygs85tqdhxss400	.eJyrVsrJT8_Miy-pLEhVslIqzixILFbSgQqWFuUAxfQTk5PzS_NKivXBsvpKtQD_wxLb:1wikLJ:PB9QWCewaft7NxF4iKTIutBPS5FqXNbJBtp8PWTAFHE	2026-07-26 02:54:57.841829+00
tdb5pr8892jmqlrc5umazdm6prb2vqgn	.eJyrVsrJT8_Miy-pLEhVslIqzixILFbSgQqWFuUAxfQTk5PzS_NKivXBsvpKtQD_wxLb:1wikaB:eIWmMYImNMbGA3NzcYuC5I2zvVOlkR5KQiZ2S1bNr0A	2026-07-26 03:10:19.869474+00
tkig31qp9w7f4tu17n9j084czy7ffipo	.eJyrVsrJT8_Miy-pLEhVslIqzixILFbSgQqWFuUAxfQTk5PzS_NKivXBsvpKtQD_wxLb:1wikb7:Qc4YVZup9j8LW5Wml407V2HGI8ZHlXfs2sHtY2kD0uk	2026-07-26 03:11:17.895775+00
omdimpb07s18m0mjhvzld5u0k7jj1bfb	.eJyrVsrJT8_Miy-pLEhVslIqzixILFbSgQqWFuUAxfQTk5PzS_NKivXBsvpKtQD_wxLb:1wil8i:OhYXm9bH5q5PLGEYgncPmcq-efLEnvq_9V15JOL1sDE	2026-07-26 03:46:00.784682+00
f1b4d5ib1lp2ci5slicqe1jr2zhnf16p	.eJyrVsrJT8_Miy-pLEhVslIqzixILFbSgQqWFuUAxfQTk5PzS_NKivXBsvpKtQD_wxLb:1wil8l:ibalUJ7h5x_nU-tpzmBTmtvAXKuKvBBitqyeIvN2WyI	2026-07-26 03:46:03.303222+00
dayn3p0169vnn3y991n4fr3a600d0e7k	.eJyrVsrJT8_Miy-pLEhVslIqzixILFbSgQqWFuUAxfQTk5PzS_NKivXBsvpKtQD_wxLb:1wilLz:XnjdVH3zzUhpwCHvq69fy_-0a3tmJVgg1_b3663npgA	2026-07-26 03:59:43.217501+00
eleimc5bbcej7winf8ieljufhf2x2mza	.eJyrVsrJT8_Miy-pLEhVslIqzixILFbSgQqWFuUAxfQTk5PzS_NKivXBsvpKtQD_wxLb:1wilLz:XnjdVH3zzUhpwCHvq69fy_-0a3tmJVgg1_b3663npgA	2026-07-26 03:59:43.236411+00
ha47wvivxr9jv23owa0u5vlzfar0gcel	.eJyrVsrJT8_Miy-pLEhVslIqzixILFbSgQqWFuUAxfQTk5PzS_NKivXBsvpKtQD_wxLb:1wilLz:XnjdVH3zzUhpwCHvq69fy_-0a3tmJVgg1_b3663npgA	2026-07-26 03:59:43.336934+00
i7qdydrtzrsrcklix1y9p8ewyuliqs2o	.eJyrVsrJT8_Miy-pLEhVslIqzixILFbSgQqWFuUAxfQTk5PzS_NKivXBsvpKtQD_wxLb:1wilMF:kl8s6a6Mw6c3A_TK6WLxy3gH3ItN1BP3tOahoAg_N7A	2026-07-26 03:59:59.896838+00
uytvajvcjawhowuyp2z56xa1ufpuh838	.eJyrVsrJT8_Miy-pLEhVslIqzixILFbSgQqWFuUAxfQTk5PzS_NKivXBsvpKtQD_wxLb:1wilMO:MBj67hfWhpmIM2Aw7kvIkhPZATW6QbTAXgd4kePHbow	2026-07-26 04:00:08.197224+00
bv1vg436pry194xev28758ygtuuiejle	.eJyrVsrJT8_Miy-pLEhVslIqzixILFbSgQqWFuUAxfQTk5PzS_NKivXBsvpKtQD_wxLb:1wilMO:MBj67hfWhpmIM2Aw7kvIkhPZATW6QbTAXgd4kePHbow	2026-07-26 04:00:08.359957+00
1ynwc4ktg89e0gz50yb0wfjhtgih7mjl	.eJyrVsrJT8_Miy-pLEhVslIqzixILFbSgQqWFuUAxfQTk5PzS_NKivXBsvpKtQD_wxLb:1wilMb:TqSHkWg-ktExNEMK8lMKxWHjHVssLpr65KdoJj4Kz0I	2026-07-26 04:00:21.871519+00
9fv6qbscxvzt7d136f8maawkvfo2dsh8	.eJyrVsrJT8_Miy-pLEhVslIqzixILFbSgQqWFuUAxfQTk5PzS_NKivXBsvpKtQD_wxLb:1wilMp:KySF_C_IDL2ApXBQMpZeftvm1fmWpUco5_ezGAeCVTE	2026-07-26 04:00:35.729265+00
k5bmudwk9vj7ad8x3vxw11dhbh9gtq1t	.eJyrVsrJT8_Miy-pLEhVslIqzixILFbSgQqWFuUAxfQTk5PzS_NKivXBsvpKtQD_wxLb:1wilMw:CPqu_QIEjUsSjCdxL71wdGwLT70N77KLLrkcxUfusz4	2026-07-26 04:00:42.675451+00
rpuxayznymxgsp4ysqt79tbp1bblcdvu	.eJyrVsrJT8_Miy-pLEhVslIqzixILFbSgQqWFuUAxfQTk5PzS_NKivXBsvpKtQD_wxLb:1wilMy:6IxHfc0G8gSaQoViL5Js89BDYQ90fA3RC37EokHp-gg	2026-07-26 04:00:44.255848+00
1cbkpgfuh9h3jj3oh21lji8h7xiaaakz	.eJyrVsrJT8_Miy-pLEhVslIqzixILFbSgQqWFuUAxfQTk5PzS_NKivXBsvpKtQD_wxLb:1wilNT:gyARRBIbv2zmaBy2-Aegheq6_qaAeh1c64z0RBPCJUs	2026-07-26 04:01:15.538062+00
7i2yscrqc18eef9wmedtj9jmr6x83xrk	.eJyrVsrJT8_Miy-pLEhVslIqzixILFbSgQqWFuUAxfQTk5PzS_NKivXBsvpKtQD_wxLb:1wilNV:Dyzz6xMNgH9arBACPBlui9BmO1S_LmFn6weX6qfywdc	2026-07-26 04:01:17.651341+00
5an2iak38nhvgix74dns1m9rul3f5gi1	.eJyrVsrJT8_Miy-pLEhVslIqzixILFbSgQqWFuUAxfQTk5PzS_NKivXBsvpKtQD_wxLb:1wilNi:pDvsim6ijUKfUmuDibo78EgCf41A5i6fS7mKmBgO3x4	2026-07-26 04:01:30.638522+00
sj8fvvgrr18hvo8d8x3n537z50dgsi5v	.eJyrVsrJT8_Miy-pLEhVslIqzixILFbSgQqWFuUAxfQTk5PzS_NKivXBsvpKtQD_wxLb:1wilNy:66UZvWvK0v1XNnnfYqD9mlTdrDgsKjGZzpwBuSY2ugE	2026-07-26 04:01:46.673131+00
dpys0yxeb4ma4b6cp240qb54w70m7ygn	.eJyrVsrJT8_Miy-pLEhVslIqzixILFbSgQqWFuUAxfQTk5PzS_NKivXBsvpKtQD_wxLb:1wilO8:d0QjECKWYXyxZBZGnh68RE4K_t76zFwFxmigQaRuIe0	2026-07-26 04:01:56.866872+00
o8xq1vh8u3dlvwucof073q405ol6g626	.eJyrVsrJT8_Miy-pLEhVslIqzixILFbSgQqWFuUAxfQTk5PzS_NKivXBsvpKtQD_wxLb:1wilOJ:qUMEWnkbwQi4rzsFCJ-tSfttsZi6ac1EsCl5yoiSNaU	2026-07-26 04:02:07.905298+00
wewogw5vepq1poo433b3nv16cqtzesmw	.eJyrVsrJT8_Miy-pLEhVslIqzixILFbSgQqWFuUAxfQTk5PzS_NKivXBsvpKtQD_wxLb:1wilPZ:k4-ugQjLnelKfo-N53NdU3TMJqizgqb44is0tm4RI-A	2026-07-26 04:03:25.450789+00
3r5mgx61u19a5yr7m98t9a9rfuezix1v	.eJyrVsrJT8_Miy-pLEhVslIqzixILFbSgQqWFuUAxfQTk5PzS_NKivXBsvpKtQD_wxLb:1wilQE:6JNpezgzsPWXyBXBpRKV-mZUgqEHWmI668BWKbfiGP8	2026-07-26 04:04:06.900196+00
dh9hxoftl365t4bwme6z3xq3wubeodwz	.eJyrVsrJT8_Miy-pLEhVslIqzixILFbSgQqWFuUAxfQTk5PzS_NKivXBsvpKtQD_wxLb:1wilSG:IAj2XcGGWfVR8qud9gcpn0f2MqHu2X8Lw2C2MrPEaiQ	2026-07-26 04:06:12.575556+00
ydq7vsb0hgv8to4adrckc2f322pkigsr	.eJyrVsrJT8_Miy-pLEhVslIqzixILFbSgQqWFuUAxfQTk5PzS_NKivXBsvpKtQD_wxLb:1wilWP:3C_dFrvXoQSrwIKDpTbdyYb3ewGuxDxKam7Vt6N7LRM	2026-07-26 04:10:29.660203+00
llhk9ysfbrwvs1mvjivrpurw8xouv9k2	.eJyrVsrJT8_Miy-pLEhVslIqzixILFbSgQqWFuUAxfQTk5PzS_NKivXBsvpKtQD_wxLb:1wilWP:3C_dFrvXoQSrwIKDpTbdyYb3ewGuxDxKam7Vt6N7LRM	2026-07-26 04:10:29.735819+00
leot8kytznet0vhwtxx0muv8tdqlluib	.eJyrVsrJT8_Miy-pLEhVslIqzixILFbSgQqWFuUAxfQTk5PzS_NKivXBsvpKtQD_wxLb:1wilZ9:ThJa3vwJicgAU-mXn3yhW5f9GAVHLepcYXx83FTXSqw	2026-07-26 04:13:19.281395+00
00y4knju0eg9mx5uzb28utp4vmqoqgvr	.eJyrVsrJT8_Miy-pLEhVslIqzixILFbSgQqWFuUAxfQTk5PzS_NKivXBsvpKtQD_wxLb:1wilZ9:ThJa3vwJicgAU-mXn3yhW5f9GAVHLepcYXx83FTXSqw	2026-07-26 04:13:19.774426+00
0d7gg8xurzipgdho80qrl5dlp6lbvhfl	.eJyrVsrJT8_Miy-pLEhVslIqzixILFbSgQqWFuUAxfQTk5PzS_NKivXBsvpKtQD_wxLb:1wilZB:ofUZVmL4yPVov_AyfTLzqsvfqhX8twPHB4tS6vuc_gc	2026-07-26 04:13:21.942861+00
wvz6cg9n7bn99x2jfq7di0h6ngbnaf72	.eJyrVsrJT8_Miy-pLEhVslIqzixILFbSgQqWFuUAxfQTk5PzS_NKivXBsvpKtQD_wxLb:1wilZv:FDvlKHWdw3hPPswKkzBI4JShKofQQNnI6mhcYN1XtVQ	2026-07-26 04:14:07.276132+00
cj9ufmyq5gnhxwwnegl82hntcra16wzy	.eJyrVsrJT8_Miy-pLEhVslIqzixILFbSgQqWFuUAxfQTk5PzS_NKivXBsvpKtQD_wxLb:1wila8:eBGzMxVul58opc608HNDiM_OKVNG0-WJdnGzUnvhyK8	2026-07-26 04:14:20.58008+00
u6xrmxw17uamwhw6hhvu16rdm5qa5muj	.eJyrVsrJT8_Miy-pLEhVslIqzixILFbSgQqWFuUAxfQTk5PzS_NKivXBsvpKtQD_wxLb:1wilaS:yCQNhMywHx2w0R7f47aJbU_adSP7MdANbEdA_Gp7FcA	2026-07-26 04:14:40.691976+00
lcazao2ts762ewmjpnz6php11765j8y3	.eJyrVsrJT8_Miy-pLEhVslIqzixILFbSgQqWFuUAxfQTk5PzS_NKivXBsvpKtQD_wxLb:1wiljf:M815QM8VsJpG9lK9DSGwrdbc4dVkXHB69jgsUpJMBaU	2026-07-26 04:24:11.450144+00
smvitbvl4uavj8p75mrk9yecjvs6jmpa	.eJyrVsrJT8_Miy-pLEhVslIqzixILFbSgQqWFuUAxfQTk5PzS_NKivXBsvpKtQD_wxLb:1wilnw:4faUTwpZUw67hFRp678gnZOF168m-Rf8-7btz8DSn9U	2026-07-26 04:28:36.778202+00
hwkjzexbp7lk9mp24hfzz6s5g1j5rnfy	.eJyrVsrJT8_Miy-pLEhVslIqzixILFbSgQqWFuUAxfQTk5PzS_NKivXBsvpKtQD_wxLb:1wilom:dQv_FJgRTnff9Py7Oe5o--5P-wWIYGB2Fb08vPmGvFU	2026-07-26 04:29:28.508792+00
0zj287ou94z9lxqcrvgep3yw3w4fxcen	.eJyrVsrJT8_Miy-pLEhVslIqzixILFbSgQqWFuUAxfQTk5PzS_NKivXBsvpKtQD_wxLb:1wilql:E_4c4S7OkPM951u6dacI9EA_TxAUvLeMOHmc48oBimo	2026-07-26 04:31:31.833773+00
s5lo8ak4w4167zyil87r92thuyj0pze9	.eJyrVsrJT8_Miy-pLEhVslIqzixILFbSgQqWFuUAxfQTk5PzS_NKivXBsvpKtQD_wxLb:1wim48:ae5SVdpcL7sCYPQrGndOkXLn0y4vZdLGT8lBwHKcgv4	2026-07-26 04:45:20.761973+00
3lmr1pd0kopwkobumqvl0h42abg082v9	.eJyrVsrJT8_Miy-pLEhVslIqzixILFbSgQqWFuUAxfQTk5PzS_NKivXBsvpKtQD_wxLb:1wim4A:kvD1mLtyLXhy7PyYuOT02isseVxPg7uM1Wvv5FJYfJg	2026-07-26 04:45:22.20144+00
tenmhwp6nmqmypv8gq9coxdo6nqcylxv	.eJyrVsrJT8_Miy-pLEhVslIqzixILFbSgQqWFuUAxfQTk5PzS_NKivXBsvpKtQD_wxLb:1wim61:Vddm6vDgM6QI4Fn49ETRZVE4dW_6A3-bs2HHnenog9c	2026-07-26 04:47:17.672934+00
6o2vo4yd42jtyklk02r328lruhjmbf8v	.eJyrVsrJT8_Miy-pLEhVslIqzixILFbSgQqWFuUAxfQTk5PzS_NKivXBsvpKtQD_wxLb:1wim74:Vmg7cNXZp1W2fYoFjKOCBfGNmnin_7G3RNBpI8oa6eQ	2026-07-26 04:48:22.014376+00
byub3ryjds1xvdz8yv1z11nrxxsdix7i	.eJyrVsrJT8_Miy-pLEhVslIqzixILFbSgQqWFuUAxfQTk5PzS_NKivXBsvpKtQD_wxLb:1wimGn:YiS5qxucqdQ_lnU0yeXpEWLvLy7Uqa3QUKZA-Spi66E	2026-07-26 04:58:25.378759+00
4ljlaywj3j5wpnxv4fz1of8ya0toldoj	.eJyrVsrJT8_Miy-pLEhVslIqzixILFbSgQqWFuUAxfQTk5PzS_NKivXBsvpKtQD_wxLb:1wimGn:YiS5qxucqdQ_lnU0yeXpEWLvLy7Uqa3QUKZA-Spi66E	2026-07-26 04:58:25.378918+00
1st4g998rp6tpwfre06wnb8ls3yigbui	.eJyrVsrJT8_Miy-pLEhVslIqzixILFbSgQqWFuUAxfQTk5PzS_NKivXBsvpKtQD_wxLb:1wimGp:xlEBqjbS9EtRr2kr97L4O5ZLoSbFf51EuUdTsZ8lKII	2026-07-26 04:58:27.598667+00
6rxuttpqnqbfnpawt9jy9a75lxly1tuf	.eJyrVsrJT8_Miy-pLEhVslIqzixILFbSgQqWFuUAxfQTk5PzS_NKivXBsvpKtQD_wxLb:1wimGp:xlEBqjbS9EtRr2kr97L4O5ZLoSbFf51EuUdTsZ8lKII	2026-07-26 04:58:27.823462+00
tdys2jzpq5nlc1myn4y1e28srrlgvyuf	.eJyrVsrJT8_Miy-pLEhVslIqzixILFbSgQqWFuUAxfQTk5PzS_NKivXBsvpKtQD_wxLb:1wimIk:f4XY4l_Qu3sSo7NUbQtTKxzvvXRnZa9CZ-0B4Bu0ErU	2026-07-26 05:00:26.506975+00
xcrps3ag79r37p29l6ecxabs305jyw6g	.eJyrVsrJT8_Miy-pLEhVslIqzixILFbSgQqWFuUAxfQTk5PzS_NKivXBsvpKtQD_wxLb:1wimIk:f4XY4l_Qu3sSo7NUbQtTKxzvvXRnZa9CZ-0B4Bu0ErU	2026-07-26 05:00:26.849873+00
p4avce5ygix0bhe9u1yyo83unh3izxul	.eJyrVsrJT8_Miy-pLEhVslIqzixILFbSgQqWFuUAxfQTk5PzS_NKivXBsvpKtQD_wxLb:1wimKE:ydVAdPEHyOfwXKpg22A4BLrYYmoT3ywwoOA9Og3W9Rc	2026-07-26 05:01:58.793342+00
8zjy6dmkneojtqtzij0mymjpskw8vgfi	.eJyrVsrJT8_Miy-pLEhVslIqzixILFbSgQqWFuUAxfQTk5PzS_NKivXBsvpKtQD_wxLb:1wimKt:e4vqDY52KsV0rT_gLjmNSaS-b0eA94hT_ttwvK4jj50	2026-07-26 05:02:39.543719+00
cglm9phcsf9dmmwzvkz1tv7u9wywz2m4	.eJyrVsrJT8_Miy-pLEhVslIqzixILFbSgQqWFuUAxfQTk5PzS_NKivXBsvpKtQD_wxLb:1wimQW:k7ObH3XcAV0s-iKRe30TJUj_a2q98398zEpHBz2wHN4	2026-07-26 05:08:28.853945+00
yrou06rirfsbnp1i5t0k71dbay8a637d	.eJyrVsrJT8_Miy-pLEhVslIqzixILFbSgQqWFuUAxfQTk5PzS_NKivXBsvpKtQD_wxLb:1wimQX:hK1Jr3V9_8I0S8TPUwkoTuzXmJQr8PisCJwEYuGCPMU	2026-07-26 05:08:29.389813+00
oogggvjut05p15zvkif8fyb93btagqj7	.eJyrVsrJT8_Miy-pLEhVslIqzixILFbSgQqWFuUAxfQTk5PzS_NKivXBsvpKtQD_wxLb:1wimQZ:Xg_w1N9ukTEBPKZzai-GX-NPuog0SUpEKQZURB2Z2HQ	2026-07-26 05:08:31.914699+00
5xgfibygdbzzlmgcwp1yplzw2toz9ho3	.eJyrVsrJT8_Miy-pLEhVslIqzixILFbSgQqWFuUAxfQTk5PzS_NKivXBsvpKtQD_wxLb:1wimQc:FfoCM1FLLI-DOO3WTg1Rpd2UX13L3nQjGfl5gDvq460	2026-07-26 05:08:34.87736+00
md0td91gewvign0yc83rze6ga32g9ntx	.eJyrVsrJT8_Miy-pLEhVslIqzixILFbSgQqWFuUAxfQTk5PzS_NKivXBsvpKtQD_wxLb:1wimQe:dZMZN8hYdVa_dsm-cXuQImmxu0ZybjNl6Pr1ClUHOV4	2026-07-26 05:08:36.579672+00
88as1yev32wolr70gv52cepi9thcw8ra	.eJyrVsrJT8_Miy-pLEhVslIqzixILFbSgQqWFuUAxfQTk5PzS_NKivXBsvpKtQD_wxLb:1wimQn:ekp3h4AXAtQvWXmIt89owuzSfDzayhFae3Z4YBL-t0w	2026-07-26 05:08:45.017705+00
vfl6ezvugloz6jtfj45xojj9jvp8l9zl	.eJyrVsrJT8_Miy-pLEhVslIqzixILFbSgQqWFuUAxfQTk5PzS_NKivXBsvpKtQD_wxLb:1wimVd:0AGnVkCWmEoLIFEo9D0TFON-f1unev9wjBRXWUYh5AQ	2026-07-26 05:13:45.612911+00
l1sj6mj2jsbvk7e3nfspc55dt51yx01k	.eJyrVsrJT8_Miy-pLEhVslIqzixILFbSgQqWFuUAxfQTk5PzS_NKivXBsvpKtQD_wxLb:1wimVd:0AGnVkCWmEoLIFEo9D0TFON-f1unev9wjBRXWUYh5AQ	2026-07-26 05:13:45.694603+00
gva7hv4zot9s1hlfvdmcs2gij0acrsrt	.eJyrVsrJT8_Miy-pLEhVslIqzixILFbSgQqWFuUAxfQTk5PzS_NKivXBsvpKtQD_wxLb:1wimVf:8sFsf942Gs_YOzAs89XR-hhHJtarlpDqXRF1DZU8JYE	2026-07-26 05:13:47.682604+00
pdo5ovbjywhcpf7kbbglxhlzih9zzni3	.eJyrVsrJT8_Miy-pLEhVslIqzixILFbSgQqWFuUAxfQTk5PzS_NKivXBsvpKtQD_wxLb:1wimY5:_FBUN6DdJi3oBqoqCAbe-FOUX-lAHsAiKDV8seTVOz4	2026-07-26 05:16:17.558+00
pj7kzkq3q5l6cjawqc87c9vc7i3sc7n1	.eJyrVsrJT8_Miy-pLEhVslIqzixILFbSgQqWFuUAxfQTk5PzS_NKivXBsvpKtQD_wxLb:1wimYG:LI4ipyvFt7zbMHCuisJ5ACCkIJZMSDXIL82dSNN1jMg	2026-07-26 05:16:28.715139+00
vg5ynicb1tkmiir45i0dmlpxnph448lr	.eJyrVsrJT8_Miy-pLEhVslIqzixILFbSgQqWFuUAxfQTk5PzS_NKivXBsvpKtQD_wxLb:1wime7:It6CcviTeCNCQIEPDRpb5bKe-A9zS0-3NwUznv_pQcg	2026-07-26 05:22:31.009817+00
9h9g2ae0ydjpeigyir99xzioahzu9uwa	.eJyrVsrJT8_Miy-pLEhVslIqzixILFbSgQqWFuUAxfQTk5PzS_NKivXBsvpKtQD_wxLb:1wimoV:ta87IV_ZnHiQVp8s149y6TfMZApAgQUU4gGa8zQ-C8A	2026-07-26 05:33:15.306183+00
z306kd2c73tvqyw9qxu2q11l6ltmx868	.eJyrVsrJT8_Miy-pLEhVslIqzixILFbSgQqWFuUAxfQTk5PzS_NKivXBsvpKtQD_wxLb:1wimoZ:Ndp2Z1edqMMxuqoafST-w20-DxAqZdB_5KcPdun5mDo	2026-07-26 05:33:19.599793+00
1sw67j5dwljevhdlcciuma49p7ujs00y	.eJyrVsrJT8_Miy-pLEhVslIqzixILFbSgQqWFuUAxfQTk5PzS_NKivXBsvpKtQD_wxLb:1win1y:qu-TIpcZRI7r9YDsphYMnAy73magK8pbckoPSp7P7gY	2026-07-26 05:47:10.861105+00
0mxmwl66c2tt7smwfdnsgkjb2yjbe1c7	.eJyrVsrJT8_Miy-pLEhVslIqzixILFbSgQqWFuUAxfQTk5PzS_NKivXBsvpKtQD_wxLb:1win22:sBEteAW3Pe3AlFGJZxEL48ix-olZhlLgh4rn-L9oMis	2026-07-26 05:47:14.265571+00
vck6hdlekairchktsioo0cy9243cab84	.eJyrVsrJT8_Miy-pLEhVslIqzixILFbSgQqWFuUAxfQTk5PzS_NKivXBsvpKtQD_wxLb:1win3h:vDgHeWX4zNsnnfcaGmsAcUGcpF-DhBVEW7XFp_VYOb0	2026-07-26 05:48:57.538985+00
psd0g3r4jey3ymwncpy7pp9hn98e2xms	.eJyrVsrJT8_Miy-pLEhVslIqzixILFbSgQqWFuUAxfQTk5PzS_NKivXBsvpKtQD_wxLb:1win3l:-oGgogsqn_S7GhJZWNFqZbglnSGVO9H2uphUvFK6enU	2026-07-26 05:49:01.856383+00
wzqybv9e77og43v71rbx1w3emle9xqcn	.eJyrVsrJT8_Miy-pLEhVslIqzixILFbSgQqWFuUAxfQTk5PzS_NKivXBsvpKtQD_wxLb:1winI9:uzUzRDay-Slv4tCvCaTSbYUZljuecPxgY9lxHpXfhXI	2026-07-26 06:03:53.896111+00
5xxkm4rfdrprjtlztehhgoqm6qwsxm0f	.eJyrVsrJT8_Miy-pLEhVslIqzixILFbSgQqWFuUAxfQTk5PzS_NKivXBsvpKtQD_wxLb:1winXX:gH_YeXDDZscZ0K2pz5X2rQ2CKEJgNS-plrK4359bn_w	2026-07-26 06:19:47.611649+00
b6r4tu197g2sktub04a8j4kak71b4xof	.eJyrVsrJT8_Miy-pLEhVslIqzixILFbSgQqWFuUAxfQTk5PzS_NKivXBsvpKtQD_wxLb:1winaV:pt3PbFlO6Eha0rfrbAaV_r946gZQy68Llud-RtO8y9Q	2026-07-26 06:22:51.847755+00
nbro028em9ahu97lwoc114i2te1goz67	.eJyrVsrJT8_Miy-pLEhVslIqzixILFbSgQqWFuUAxfQTk5PzS_NKivXBsvpKtQD_wxLb:1windB:hAOoSgYcdk5I57y8Pm-IvwUNdvSDP6pk_xTvohQXyyg	2026-07-26 06:25:37.563865+00
n819twf4z4rlez9zub3ws45neuknr1fu	.eJyrVsrJT8_Miy-pLEhVslIqzixILFbSgQqWFuUAxfQTk5PzS_NKivXBsvpKtQD_wxLb:1windC:GosIJN8WT6P7ICgBAo7jMB8ab2G87OyvmCSNAvQDtNE	2026-07-26 06:25:38.820613+00
dzd6c2ho9kpqbd9uxp3lehjf5jq6yox4	.eJyrVsrJT8_Miy-pLEhVslIqzixILFbSgQqWFuUAxfQTk5PzS_NKivXBsvpKtQD_wxLb:1wine0:R8IBIPzumkdpazaHGGZtqFNSoRcFAS7HWBz_UnPfo3E	2026-07-26 06:26:28.404576+00
rds9fhbtzfbfxsino5xyxk1x81gvx953	.eJyrVsrJT8_Miy-pLEhVslIqzixILFbSgQqWFuUAxfQTk5PzS_NKivXBsvpKtQD_wxLb:1wjAQg:-NtyYpN2lI2EnWylxoqTXcWoxxF9gmILxqP0p1G_kOw	2026-07-27 06:46:14.145331+00
udsovfi1wbb9ko1rij5qsaepzqp3tpj1	.eJyrVsrJT8_Miy-pLEhVslIqzixILFbSgQqWFuUAxfQTk5PzS_NKivXBsvpKtQD_wxLb:1wioAV:nOZoUDj0Fstq8Rvj7U3LZU7CtoWXPl-uTpEj203juvE	2026-07-26 07:00:03.164136+00
fgv4jwq4el25u2d6tf5nw75o0axp83yb	.eJyrVsrJT8_Miy-pLEhVslIqzixILFbSgQqWFuUAxfQTk5PzS_NKivXBsvpKtQD_wxLb:1wioAX:GBAfgECvG6jxSD1mIaeWwHD52ieqeq0wbQyAJDo-r2E	2026-07-26 07:00:05.161359+00
87v7h60zk8tljnykfikd0ghsotaevnzb	.eJyrVsrJT8_Miy-pLEhVslIqzixILFbSgQqWFuUAxfQTk5PzS_NKivXBsvpKtQD_wxLb:1wioAY:yQhIVRPuwjW8o5ERHQj7riClaWrJbXRnafFsnfuhh_0	2026-07-26 07:00:06.312782+00
p66wp7tyqt6zzx2axvskcq75c0po38l7	.eJyrVsrJT8_Miy-pLEhVslIqzixILFbSgQqWFuUAxfQTk5PzS_NKivXBsvpKtQD_wxLb:1wioAm:WUWe2mzRPf2AP575DOn1u0tdGdw9N7FAdbAXhquSvYE	2026-07-26 07:00:20.702991+00
q8434epilblq2xn1deb36air5lp07d0l	.eJyrVsrJT8_Miy-pLEhVslIqzixILFbSgQqWFuUAxfQTk5PzS_NKivXBsvpKtQD_wxLb:1wioAo:U5j7Z25t8fi0LUJlS-zSgfanykLjger_4RA4rBz_Bgo	2026-07-26 07:00:22.661079+00
ovk5zv9ofoeb43kiiqz1p7kz41p3qa90	.eJyrVsrJT8_Miy-pLEhVslIqzixILFbSgQqWFuUAxfQTk5PzS_NKivXBsvpKtQD_wxLb:1wioAq:jMjtBZf369SoVZoUGXwRGW54FG5iEo-8tCfVNRW0qL8	2026-07-26 07:00:24.675463+00
0ocs6mbduvkmpkbbzcw3mnm7a5f7jsam	.eJyrVsrJT8_Miy-pLEhVslIqzixILFbSgQqWFuUAxfQTk5PzS_NKivXBsvpKtQD_wxLb:1wiogB:2qE7_ebiUEKvshwrwrkJZfRXR9Zh4gmDLCHgRBnwkII	2026-07-26 07:32:47.025406+00
ndxaozq2rn2mum5pemp1bndbhaepgw9q	.eJyrVsrJT8_Miy-pLEhVslIqzixILFbSgQqWFuUAxfQTk5PzS_NKivXBsvpKtQD_wxLb:1wipgg:9Z9r2YN_a4tt84Xj9iHAfxT0rh5ZCMUyRJl4vnmEzX8	2026-07-26 08:37:22.616991+00
3v70lxm53kdbdcjafcmq97ymarvjyhd3	.eJyrVsrJT8_Miy-pLEhVslIqzixILFbSgQqWFuUAxfQTk5PzS_NKivXBsvpKtQD_wxLb:1wiplk:kcXmsBq3Li8UM29Wq0_sSEfjgFCrW68FjrTvhyJ0CGo	2026-07-26 08:42:36.004421+00
ktrut90nd2gt26es8bu1pbwtwjeyt3qh	.eJyrVsrJT8_Miy-pLEhVslIqzixILFbSgQqWFuUAxfQTk5PzS_NKivXBsvpKtQD_wxLb:1wipsy:vZwq3DEyZTqfPsm6VSljP9JD785Je8I8z9PZ1JyJnR8	2026-07-26 08:50:04.638064+00
mc050j1125imzvxx766c6olovcwjxayx	.eJyrVsrJT8_Miy-pLEhVslIqzixILFbSgQqWFuUAxfQTk5PzS_NKivXBsvpKtQD_wxLb:1wiq1b:4O33s3Arv0ifXsibuewRzeLrcsZIRG5Gt0vr9HcrVWE	2026-07-26 08:58:59.012433+00
cxj6rea4b9afaj69p0oomh33j69cmh4c	.eJyrVsrJT8_Miy-pLEhVslIqzixILFbSgQqWFuUAxfQTk5PzS_NKivXBsvpKtQD_wxLb:1wiq5w:ZDOWhypARWvhWNXLmyyHOduJQJLxqTgI-rJyhMZGQ9U	2026-07-26 09:03:28.104677+00
66g1p3iy0b53479ocrapqfkl2r6xj7su	.eJyrVsrJT8_Miy-pLEhVslIqzixILFbSgQqWFuUAxfQTk5PzS_NKivXBsvpKtQD_wxLb:1wiq5w:ZDOWhypARWvhWNXLmyyHOduJQJLxqTgI-rJyhMZGQ9U	2026-07-26 09:03:28.369527+00
z87jy1vsradhb54lb60lyko4bg2w6jge	.eJyrVsrJT8_Miy-pLEhVslIqzixILFbSgQqWFuUAxfQTk5PzS_NKivXBsvpKtQD_wxLb:1wiq88:swp3PM2AfbbT_wokM8OTFMFLo7VOCv-qh4tKtxJ-KVE	2026-07-26 09:05:44.691488+00
nfoxknxxiei0byjx9u4bxxtsy40b7ory	.eJyrVsrJT8_Miy-pLEhVslIqzixILFbSgQqWFuUAxfQTk5PzS_NKivXBsvpKtQD_wxLb:1wiqCv:ZkZgTnAVlW2-m6DaPPeZWx6PfLSooQDg6OYE_Wk3xFQ	2026-07-26 09:10:41.622656+00
ikmmbhyztbyjm425i4arvzfqe70ouc9m	.eJyrVsrJT8_Miy-pLEhVslIqzixILFbSgQqWFuUAxfQTk5PzS_NKivXBsvpKtQD_wxLb:1wiqNZ:7sgLKzY3x930DvgPa0Sx8HZGGp3vTRH3zpbkul15IKQ	2026-07-26 09:21:41.51844+00
ola75txcxmjzl2rppvgl4da8kpbm2rvf	.eJyrVsrJT8_Miy-pLEhVslIqzixILFbSgQqWFuUAxfQTk5PzS_NKivXBsvpKtQD_wxLb:1wiqOM:24yXRwKMtwst40B2gfaZNaZxCk-8duUUET5UFmambG4	2026-07-26 09:22:30.394411+00
tpj4nroa3m0aucybjiywiw5qlway1ms6	.eJyrVsrJT8_Miy-pLEhVslIqzixILFbSgQqWFuUAxfQTk5PzS_NKivXBsvpKtQD_wxLb:1wiqRP:DANhxgXPQQ7MMwe3DXGOV0SrLC7SCNt3OG9CerSTypc	2026-07-26 09:25:39.780084+00
wz5bsubpt8hv6stzjonolnyaq4uy29yr	.eJyrVsrJT8_Miy-pLEhVslIqzixILFbSgQqWFuUAxfQTk5PzS_NKivXBsvpKtQD_wxLb:1wiqX6:5uSBienxVRm5lwltixttUrxS6tMXstktkiTU-Q8h7YM	2026-07-26 09:31:32.846368+00
roltdh4ev6l7nhnms0olndvo9n5mzqhf	.eJyrVsrJT8_Miy-pLEhVslIqzixILFbSgQqWFuUAxfQTk5PzS_NKivXBsvpKtQD_wxLb:1wiqaw:_ISTp-bPg3QPcS58xd6zQ1G1EqkmnpqidDoYN3qhZ9s	2026-07-26 09:35:30.163753+00
fq5d7ogxcbj0w63p4iix72a0i34lydak	.eJyrVsrJT8_Miy-pLEhVslIqzixILFbSgQqWFuUAxfQTk5PzS_NKivXBsvpKtQD_wxLb:1wiqbH:G3AFs_U3zJXmw_08OyVIevkUrzlE-jqLnanQzHNrw9s	2026-07-26 09:35:51.078466+00
oznku6yr4rlk5jcpksb8mr8f22s36qao	.eJyrVsrJT8_Miy-pLEhVslIqzixILFbSgQqWFuUAxfQTk5PzS_NKivXBsvpKtQD_wxLb:1wiqfb:Qkav48YDDTfMbR_486vyBYkIVFXtMu7F8nc-5AAsaOI	2026-07-26 09:40:19.043795+00
oj5wbckrgnzi752qp3v7iq91fawseqan	.eJyrVsrJT8_Miy-pLEhVslIqzixILFbSgQqWFuUAxfQTk5PzS_NKivXBsvpKtQD_wxLb:1wjBgK:Fa4DpLOCwPNJTr4ES9iYrpsq3zpw-giLE5CRcGGGbcE	2026-07-27 08:06:28.493281+00
ocarywmvqjrvwn5nveeqea53ul4c25ga	.eJyrVsrJT8_Miy-pLEhVslIqzixILFbSgQqWFuUAxfQTk5PzS_NKivXBsvpKtQD_wxLb:1wjDws:Cdl6ms-MDLYgzUBRvaty9VxNhxpzu8gWXiq85p6OQls	2026-07-27 10:31:42.148101+00
4hiy3686o29vopygxj8uhom5jn92mn2u	.eJxVjMsOgjAQRf-la8NDsK0u3fsNzXRmkCppCQOJxvjvFsLG7Tnn3o8a0j1EN79HVhclYQRRhx0u05BZCYhpibOUmy2zdrDMvVuEJxcoJ3Vr_qkHfHJcFT0g3lOBKc5T8MWaFLuV4paIh-ve_h30IH1eo4XGYt10uiXEyhjjsWrORwvHjvjUkdW6YiI2OSF_0qDrhjR2vrXenrdTYZGQouPXGKa3ulTfH5k8Uow:1wirYC:6u0znCztPoSHmwropq5_7BEIafESqjsiGY1OXh7o8OU	2026-07-26 10:36:44.094478+00
etaphcikhwpwjopqhuithw0mc1edb02w	.eJyrVsrJT8_Miy-pLEhVslIqzixILFbSgQqWFuUAxfQTk5PzS_NKivXBsvpKtQD_wxLb:1wit3K:G4RmtjrGUldhYIvZ_vyisRy4skJKDUOZTlZc3-lNTXA	2026-07-26 12:12:58.391439+00
vmz63dj7heinfk3pn7904w853ndihjzz	.eJyrVsrJT8_Miy-pLEhVslIqzixILFbSgQqWFuUAxfQTk5PzS_NKivXBsvpKtQD_wxLb:1wit49:AQQyA3-4zidje_HX5RYPYvvaGbwJ8ZIw7N-DfOpfwaE	2026-07-26 12:13:49.17889+00
5x7ian7eyl2mtka5b8l9i2c7suv0ssdf	.eJyrVsrJT8_Miy-pLEhVslIqzixILFbSgQqWFuUAxfQTk5PzS_NKivXBsvpKtQD_wxLb:1witSq:Pri3Kdls2CcbV9qKR6Z2KnnAuB5q5rzqncKQ6vqWHd0	2026-07-26 12:39:20.305714+00
5zrpsu94sydrfv63bes3p3uyo4zxjnjw	.eJyrVsrJT8_Miy-pLEhVslIqzixILFbSgQqWFuUAxfQTk5PzS_NKivXBsvpKtQD_wxLb:1wiupl:hp9kSzoMkl6c3wlbMvtitQpiCmNiuxcv_EiEchivoaY	2026-07-26 14:07:05.721998+00
1em4edfmn9zx6mpg8vcq9nrnqa9kw4u8	.eJyrVsrJT8_Miy-pLEhVslIqzixILFbSgQqWFuUAxfQTk5PzS_NKivXBsvpKtQD_wxLb:1wivFL:uip4syEsq_FMgMH3LpopdY7HLhsOtUfk5Usn0FUM-Jc	2026-07-26 14:33:31.1464+00
vy36bicr1hgqmlcst6e19eyw57x94793	.eJyrVsrJT8_Miy-pLEhVslIqzixILFbSgQqWFuUAxfQTk5PzS_NKivXBsvpKtQD_wxLb:1wiwEU:lAtcyhtzgurbCy3EbuDLY2V9z9mmUW30FsmCloTm9TY	2026-07-26 15:36:42.596508+00
eph1ui52e6pky0j8kq8e61b5iokedy64	.eJyrVsrJT8_Miy-pLEhVslIqzixILFbSgQqWFuUAxfQTk5PzS_NKivXBsvpKtQD_wxLb:1wiwpm:aR5UkJETziHs5Z8rgZl_TKQp9oBPBf3LSi2a-9Tey0I	2026-07-26 16:15:14.835723+00
uzwvjkvyhwv6s1ma4wlzvanjddhnuhwd	.eJyrVsrJT8_Miy-pLEhVslIqzixILFbSgQqWFuUAxfQTk5PzS_NKivXBsvpKtQD_wxLb:1wiwqO:ZxbPYTHpIoDn8ud6Bur9-h4AXnyhkIDqUE4uN_pj7y4	2026-07-26 16:15:52.802459+00
l8036e79cmi1ip3gkvvkntfgiy13jvws	.eJyrVsrJT8_Miy-pLEhVslIqzixILFbSgQqWFuUAxfQTk5PzS_NKivXBsvpKtQD_wxLb:1wiwtD:zgs_rJ6BEL_7kTlZQeKTK4km6qauKXu0BUvM7BffQew	2026-07-26 16:18:47.240765+00
94wo6qcx5imz4zhqz5j9jcscuyznuwog	.eJyrVsrJT8_Miy-pLEhVslIqzixILFbSgQqWFuUAxfQTk5PzS_NKivXBsvpKtQD_wxLb:1wixny:sWFKle99MfNC15yzxqZ9eZ4CYhlLtMdvlGamXPFEV1s	2026-07-26 17:17:26.712596+00
wme1np5xqvcp6by2orvxmkjyzt2umqf4	.eJyrVsrJT8_Miy-pLEhVslIqzixILFbSgQqWFuUAxfQTk5PzS_NKivXBsvpKtQD_wxLb:1wj2XT:1FVhBVVRDxRy-M8g292fC7Hwwyf-X_Pd8lHR98iKAaQ	2026-07-26 22:20:43.09047+00
lmqr5yii8lux0vuot5ypj9bnao83xhng	.eJyrVsrJT8_Miy-pLEhVslIqzixILFbSgQqWFuUAxfQTk5PzS_NKivXBsvpKtQD_wxLb:1wj2YM:srP_Al7BSTXXUXt5e7a51gJEJpR3F1vlajjmmow1XTQ	2026-07-26 22:21:38.735976+00
cz2nbv1pi0kq05outcmdzg2qv2n7ay24	.eJyrVsrJT8_Miy-pLEhVslIqzixILFbSgQqWFuUAxfQTk5PzS_NKivXBsvpKtQD_wxLb:1wj3JO:k3xUuK9sZctq3EY91-89NCAAGdSBvkleWX1fuylau9g	2026-07-26 23:10:14.583248+00
gz127kejjwvosrhyizobud48dzunv5su	.eJyrVsrJT8_Miy-pLEhVslIqzixILFbSgQqWFuUAxfQTk5PzS_NKivXBsvpKtQD_wxLb:1wj3Xu:lkUvqV9nnCrhD2wsWfr3GMxc4FlcJW29sXz83hAXtJk	2026-07-26 23:25:14.499855+00
8tkni1jk8xhmvjqr75a30xj9zsto6ttm	.eJyrVsrJT8_Miy-pLEhVslIqzixILFbSgQqWFuUAxfQTk5PzS_NKivXBsvpKtQD_wxLb:1wj5mA:kSmAlJrpplSR04kyBerpYkEfjFnBjMv1xQuAsBl_d2o	2026-07-27 01:48:06.403132+00
g6w9lbj5l3woah3du9eco33nfuoujfz6	.eJyrVsrJT8_Miy-pLEhVslIqzixILFbSgQqWFuUAxfQTk5PzS_NKivXBsvpKtQD_wxLb:1wj5mi:6msVD0UrbG7Kx4t455fJazDftU9VYjHjecOzJB0ECWA	2026-07-27 01:48:40.764636+00
uml92x1pn2fu39i98ukogd17d8rb2x69	.eJyrVsrJT8_Miy-pLEhVslIqzixILFbSgQqWFuUAxfQTk5PzS_NKivXBsvpKtQD_wxLb:1wj5sl:Shkh-XVH9Myxu1YaSEAiYuOiRXmiB1ijipwfLO2MQLw	2026-07-27 01:54:55.253839+00
6cppw4xz0rs1dmbn25f4rm5y5x6qfudx	.eJyrVsrJT8_Miy-pLEhVslIqzixILFbSgQqWFuUAxfQTk5PzS_NKivXBsvpKtQD_wxLb:1wj5sm:fLFNsCaczs171KJmqzDBvyjW6iDL6gdtf-sJfrixpvk	2026-07-27 01:54:56.433251+00
0r7gkz0z96yqee379ynclwqsx0cjatj1	.eJyrVsrJT8_Miy-pLEhVslIqzixILFbSgQqWFuUAxfQTk5PzS_NKivXBsvpKtQD_wxLb:1wj6T8:-4XVenEs26k_zMm4F9VFUC5nN481Xs8WIK7ysSZO0ek	2026-07-27 02:32:30.011907+00
lj1x9j2hmrhrckml6xs15ylql93qboi6	.eJyrVsrJT8_Miy-pLEhVslIqzixILFbSgQqWFuUAxfQTk5PzS_NKivXBsvpKtQD_wxLb:1wj70f:AJ-e0iQqt0gVw_0Fd7NFvXb2amuNrQCfZCvClhHU-F8	2026-07-27 03:07:09.686556+00
rvw45jo5fd3vgagfntrgk5iui7lawo2o	.eJyrVsrJT8_Miy-pLEhVslIqzixILFbSgQqWFuUAxfQTk5PzS_NKivXBsvpKtQD_wxLb:1wj7iy:Ygk3709elwPEdqp9u72Z89EJLcbba7SCVd0dJwAGAfc	2026-07-27 03:52:56.459506+00
ig9x29wcmjyj93hkd5fgoq0xtzzlpdx2	.eJyrVsrJT8_Miy-pLEhVslIqzixILFbSgQqWFuUAxfQTk5PzS_NKivXBsvpKtQD_wxLb:1wj7kd:opW44oomyhIe_6rxjX02URyYgVp3tKa5leeaaLzbwRM	2026-07-27 03:54:39.684352+00
u73naxgwf9lt3u0nob3o6ir0sr8oz9zm	.eJyrVsrJT8_Miy-pLEhVslIqzixILFbSgQqWFuUAxfQTk5PzS_NKivXBsvpKtQD_wxLb:1wj7kl:DzyumsFxf2qECkIhSdpwtd2lPxJMDUv1lOuqA8iDeOE	2026-07-27 03:54:47.135884+00
f237832llvztonennm2msz9dvhmgspcx	.eJyrVsrJT8_Miy-pLEhVslIqzixILFbSgQqWFuUAxfQTk5PzS_NKivXBsvpKtQD_wxLb:1wj7pp:J8UOtywq8id_oJE7p1YIh8eMlN8mfrVMgk5FS4vhWaY	2026-07-27 04:00:01.208977+00
xox7jn3suz64klvqog1gada369i864y7	.eJyrVsrJT8_Miy-pLEhVslIqzixILFbSgQqWFuUAxfQTk5PzS_NKivXBsvpKtQD_wxLb:1wj7pu:NYU-Z09GAf6GELEPQFwUwy9I2xh1JnlOD5AZJ0rnLxY	2026-07-27 04:00:06.321778+00
xgsdozfjwd1pwlvzc5e11p5m4t0trwbh	.eJxVjsEOwiAQRP-FsyHQAg09evcbCMvuWtSAKW2iMf671njQ67w3k3mIENdlCmujOWQUo9DGiN1vCjGdqWwIT7Ecq0y1LHMGuSnyS5s8VKTL_uv-DUyxTe82O3QWPcYOtLddMoZ7y6D6pFTUPtHAyAYUk8XEWjlw1JHu3RCdH-DzqlFruZZAt2ue72JUzxcI6UAx:1wj8TZ:SXRxN0sFVo6eWqulUR2wZ-rPdjXYQ0vQIHZ2QdpHYP8	2026-07-27 04:41:05.272557+00
36pdpup9akqrrbtogbkhg2yu8sdqfk43	.eJyrVsrJT8_Miy-pLEhVslIqzixILFbSgQqWFuUAxfQTk5PzS_NKivXBsvpKtQD_wxLb:1wj8fU:LqSo53p2AhL7P_Z0oPNCw1WjZ-CplfY0EpVNqsUzH4A	2026-07-27 04:53:24.184418+00
wz2vpivet04a4f2zvwk63miakqnhl9h2	.eJyrVsrJT8_Miy-pLEhVslIqzixILFbSgQqWFuUAxfQTk5PzS_NKivXBsvpKtQD_wxLb:1wj8kn:27OuETFvrt14iqaztRkEIBealaiEVaTmcwz07gCs0qE	2026-07-27 04:58:53.814743+00
n5qyi09kr4e6j1b2n9dtygugh08lkwzn	.eJyrVsrJT8_Miy-pLEhVslIqzixILFbSgQqWFuUAxfQTk5PzS_NKivXBsvpKtQD_wxLb:1wj8nC:sn2ppbOO58AE8XjnR71fMeCmXQ5ROuYSudFzW8rZAg4	2026-07-27 05:01:22.235272+00
nqze0t9b6mhaw72x2qg07ui3ckj7dbd8	.eJxVjkEOgyAQRe_CulFQxNhl9z0DGWBQWgOG0aSm6d2rxo3b996fzJeNqQ9Rz-uE7M4oTEDsdsIljxsrwdq0xJnKw5ab1rDMg14Isw5uS4SUV2rAvjHuyr0g9qmwKc45mGJPitNS8UwOx8fZXg4MQMO29sqpxnUOKiO6prJS-rrxhteWcxCdxdY7Lw332DjrBVdGYYWiVi2orjXHV4REIUWNnynkld357w-TMVI_:1wjEzu:nCEgFjBD-hbzfIeXyIOqPyBIcCFMgJ-bmrVPGM_3bv4	2026-07-27 11:38:54.143686+00
lh1qmwhft8oivrw7j1kacmf93dcac242	.eJyrVsrJT8_Miy-pLEhVslIqzixILFbSgQqWFuUAxfQTk5PzS_NKivXBsvpKtQD_wxLb:1wjEuN:jiS3aKBMC0f_mD6_f_iw88vhGOaTeVIH3BzKYddFVpU	2026-07-27 11:33:11.654176+00
ao9136t9dwlidvvo47q16wwsn06hx7rg	.eJyrVsrJT8_Miy-pLEhVslIqzixILFbSgQqWFuUAxfQTk5PzS_NKivXBsvpKtQD_wxLb:1wj97q:CztliSToOwTwkAud7hZrwEukMtfZbiZySO9Owc3BI0I	2026-07-27 05:22:42.064727+00
r6spjpfqex24ookjbe4rm3q7xjz996xt	.eJyrVsrJT8_Miy-pLEhVslIqzixILFbSgQqWFuUAxfQTk5PzS_NKivXBsvpKtQD_wxLb:1wj9Bd:3Pf7VDDMCLSl1dfPGKivwlRXtTlM5-4K-xJBjLpwrEo	2026-07-27 05:26:37.183892+00
bwj91wjuhx9hdfgbjdsg605uiv15tp1l	.eJyrVsrJT8_Miy-pLEhVslIqzixILFbSgQqWFuUAxfQTk5PzS_NKivXBsvpKtQD_wxLb:1wj9Et:hKUlr6a7J1ACt9fQAprBEF-lvwKDOCVPqYxXUe7slyo	2026-07-27 05:29:59.641305+00
6jey11hmnuvqkx9agd45x7mm63oq8w58	.eJyrVsrJT8_Miy-pLEhVslIqzixILFbSgQqWFuUAxfQTk5PzS_NKivXBsvpKtQD_wxLb:1wj9J8:cIylHmNRHpjh9PEcoe2NrcnvB48pcjee0wnzSweUyEM	2026-07-27 05:34:22.672144+00
m4yg6hrolm705f2rgr14t5ess3fdk54y	.eJyrVsrJT8_Miy-pLEhVslIqzixILFbSgQqWFuUAxfQTk5PzS_NKivXBsvpKtQD_wxLb:1wj9az:bH7WdgQWj05MlPJNPUcWw2iMPixlzmlBN1Lz-zsBdPU	2026-07-27 05:52:49.574177+00
87ezd9urnjh8ck2npsgns9wnl6l7p5yy	.eJyrVsrJT8_Miy-pLEhVslIqzixILFbSgQqWFuUAxfQTk5PzS_NKivXBsvpKtQD_wxLb:1wj9dz:Ty8TLGRKuZ9Uaycgam5hF0cWkA5UImG813Qsm4_qNyg	2026-07-27 05:55:55.986658+00
sjz7zlzzgz6i3n05xe3jou4vctuajdjl	.eJyrVsrJT8_Miy-pLEhVslIqzixILFbSgQqWFuUAxfQTk5PzS_NKivXBsvpKtQD_wxLb:1wjAMJ:uhvz0BA7UGGKNxaCeJ7YRPnCEctSLh0A6_YSdQkGH2Q	2026-07-27 06:41:43.760755+00
gwg4qpifivs0cjs168kger5q2sevsjr0	.eJyrVsrJT8_Miy-pLEhVslIqzixILFbSgQqWFuUAxfQTk5PzS_NKivXBsvpKtQD_wxLb:1wjAQy:d1vXB8DtdiHLpVA1rrMurCenn_6HhjwEmeEZ_xWC90k	2026-07-27 06:46:32.584059+00
5sn46pei6vgzq5pjuhdpq8uf0toqnrv6	.eJyrVsrJT8_Miy-pLEhVslIqzixILFbSgQqWFuUAxfQTk5PzS_NKivXBsvpKtQD_wxLb:1wjAXS:p6At8NZtBDnvoVzaHGFR4kuyld0sBd-zUMTgzJQZsxg	2026-07-27 06:53:14.875612+00
0ifo928hh6valg3tle2os7f7sqk792ae	.eJyrVsrJT8_Miy-pLEhVslIqzixILFbSgQqWFuUAxfQTk5PzS_NKivXBsvpKtQD_wxLb:1wjAfZ:3-jV0m9fQrmav0jWY9qcOGL6G764zSZkeNj38caLj2I	2026-07-27 07:01:37.304057+00
86d7s37e72gj49t1ii6oazb2svkc1uf8	.eJyrVsrJT8_Miy-pLEhVslIqzixILFbSgQqWFuUAxfQTk5PzS_NKivXBsvpKtQD_wxLb:1wjAz6:dhXKUnjNHqdy9ZsNIWaFldnWrfY69EVfvbf6VFGY3mw	2026-07-27 07:21:48.178511+00
nymlkjqxkbuv4gz7g9ipkh4mvb17slrg	.eJxVjMsOgjAUBf-lawOFFlJcuvcbmvsoUiUt4UKiMf67YNi4nZlz3mrMt5j88pqCOiuJE4g6HXCdx42VQJTXtEj5s-WmPazL4FcJs4-8JY3T_xSBHiHtiu-QbrmgnJY5YrEnxWGluGYO4-Vo_w4GkGFbk2GsHTtjuEfqXA-dsy1rdH1DbG2jbYu6RqgcmxrrljoCU1mA3lamw_1UgkjMyYfnFOeXOuvPF47GUgs:1wjAzF:TU-a6jDRmvOuDcF8x7_Hx55JtNUjWq1i3r39y4gMMgg	2026-07-27 07:21:57.719956+00
dg9dyo601tw08s3lxed79hi1jmt0hzty	.eJyrVsrJT8_Miy-pLEhVslIqzixILFbSgQqWFuUAxfQTk5PzS_NKivXBsvpKtQD_wxLb:1wjBIU:S8f9t884W7BVNdBpCDSQbf3bgFDZM8-EtzroM7Pd99Y	2026-07-27 07:41:50.682576+00
7w767n1n56zz2m2y7qleyqo2ia1qh8kb	.eJyrVsrJT8_Miy-pLEhVslIqzixILFbSgQqWFuUAxfQTk5PzS_NKivXBsvpKtQD_wxLb:1wjBKF:GwMe0HU8g2Sm9_0sf7qVoUk9ZRNww8LFKjM8juun4qs	2026-07-27 07:43:39.702136+00
41cey15481nr64sjpz4w8rijs1b18049	.eJyrVsrJT8_Miy-pLEhVslIqzixILFbSgQqWFuUAxfQTk5PzS_NKivXBsvpKtQD_wxLb:1wjBL8:aTvi4O50l-fvxsZTo8-qdI9iaeeaxrN4tly5jg1Bn9g	2026-07-27 07:44:34.718769+00
yrm9f684nd6nq5wbyva5lp3ajolfglba	.eJyrVsrJT8_Miy-pLEhVslIqzixILFbSgQqWFuUAxfQTk5PzS_NKivXBsvpKtQD_wxLb:1wjBNX:EgU-lneEDt9VMPhqhiR5HtoEbiCiE3Ne3OaoIVGgjZ0	2026-07-27 07:47:03.146745+00
za4j3cbbl2jmuusxn01ln6juxifnrxrv	.eJyrVsrJT8_Miy-pLEhVslIqzixILFbSgQqWFuUAxfQTk5PzS_NKivXBsvpKtQD_wxLb:1wjA8Y:aam-IixDUx3YIQZtqZmmRSSG6SOG4XyeWiM39cW-IVQ	2026-07-27 06:27:30.515017+00
7y1rq5jxptm8i3gcjgjtfsm5se4cne8h	.eJyrVsrJT8_Miy-pLEhVslIqzixILFbSgQqWFuUAxfQTk5PzS_NKivXBsvpKtQD_wxLb:1wjBNa:5BWjKo9mdBd6u4Jn-ijJMw-YHCnVOkhIjey5A4f5s9o	2026-07-27 07:47:06.785552+00
0fi6vqh9nc5ozo6bxejwr5qllqhliycf	.eJyrVsrJT8_Miy-pLEhVslIqzixILFbSgQqWFuUAxfQTk5PzS_NKivXBsvpKtQD_wxLb:1wjBNj:mg6gcMa2tSk20XREOT6xG0qZOJAYKBCtgcuFpbFPGbA	2026-07-27 07:47:15.087946+00
1emaxroeuxyjlqnsytfqczlfpx9jf6wt	.eJyrVsrJT8_Miy-pLEhVslIqzixILFbSgQqWFuUAxfQTk5PzS_NKivXBsvpKtQD_wxLb:1wjBOD:TMt6N3QweszeZN_WSDz47ThZRVZjbpJvOAtxCwl9kI0	2026-07-27 07:47:45.284975+00
94znhovr3b3q4csql1h4xdnskao2abln	.eJyrVsrJT8_Miy-pLEhVslIqzixILFbSgQqWFuUAxfQTk5PzS_NKivXBsvpKtQD_wxLb:1wjBQd:cVrt1_qquOUY3nsufUDfGQzPGFZPqvpnPYwACTtJpQs	2026-07-27 07:50:15.82662+00
tkdys6jpp8eteii6b0teoe1z5sdet8ju	.eJyrVsrJT8_Miy-pLEhVslIqzixILFbSgQqWFuUAxfQTk5PzS_NKivXBsvpKtQD_wxLb:1wjBUp:j2hX-FxR_dodzAPJef3K-qEkfw6v8tl6xvbt9YSOhBo	2026-07-27 07:54:35.967017+00
bj0b0vcsvupfbbs34uv4fhhzh7mnjase	.eJyrVsrJT8_Miy-pLEhVslIqzixILFbSgQqWFuUAxfQTk5PzS_NKivXBsvpKtQD_wxLb:1wjBUs:vsGSMV5Lrm-H31wd4CNB2eSulUzxnyn4T41t4UhPlkg	2026-07-27 07:54:38.860759+00
bkocy0zjje1bsffe1ol1fluf5hsayzdn	.eJyrVsrJT8_Miy-pLEhVslIqzixILFbSgQqWFuUAxfQTk5PzS_NKivXBsvpKtQD_wxLb:1wjBYr:OFwAt-gGYSDxX9xBlPOMF_9CYBt0aM490TsC-wMOWt8	2026-07-27 07:58:45.292221+00
g48a1o8lxa7slem03gpp4sjzw8v5zpp1	.eJyrVsrJT8_Miy-pLEhVslIqzixILFbSgQqWFuUAxfQTk5PzS_NKivXBsvpKtQD_wxLb:1wjBaR:2WdQ-2c3zBK5_4jT4gRn2X_VySD_eXnslWV6XSNh28I	2026-07-27 08:00:23.40404+00
ai0tdp0ba6nxvjb7shzf6cme7nlslfza	.eJyrVsrJT8_Miy-pLEhVslIqzixILFbSgQqWFuUAxfQTk5PzS_NKivXBsvpKtQD_wxLb:1wjBbN:CEs2WL8PCYelUWh5RVPpgBfPEof8dOsUjMa2HKZxKQU	2026-07-27 08:01:21.314987+00
28azlerozpw722czkfpwysr4o1ka1rha	.eJyrVsrJT8_Miy-pLEhVslIqzixILFbSgQqWFuUAxfQTk5PzS_NKivXBsvpKtQD_wxLb:1wjBfG:AdoUsofngVXXUtknKVtE_Kq8dPvPTSoJQ-vfQuDDEmc	2026-07-27 08:05:22.006214+00
j3k1pkxho7108wczgn15z4pv36r4gsqy	.eJyrVsrJT8_Miy-pLEhVslIqzixILFbSgQqWFuUAxfQTk5PzS_NKivXBsvpKtQD_wxLb:1wjBgP:bcx_7fXUZdzarLkv-RcSNb2Q9m9kPXSMYYGrx1oQJ9E	2026-07-27 08:06:33.852701+00
u7da26r73ouf9pq93mwdbpfas5p449kw	.eJyrVsrJT8_Miy-pLEhVslIqzixILFbSgQqWFuUAxfQTk5PzS_NKivXBsvpKtQD_wxLb:1wjBpE:SEOJNtcOiJxLGmisES1tXyaH1UhjryH_TUZvwRFir5o	2026-07-27 08:15:40.213745+00
erkrwizkpagh9laoied5ymzbv2xgut0d	.eJyrVsrJT8_Miy-pLEhVslIqzixILFbSgQqWFuUAxfQTk5PzS_NKivXBsvpKtQD_wxLb:1wjBtR:tl5WD6dhpx58nox2uuJGp-HYAbId321zHVMrzT0N4pM	2026-07-27 08:20:01.728634+00
taddc95fmd1cxdjzywv65pri6e8ezr9h	.eJyrVsrJT8_Miy-pLEhVslIqzixILFbSgQqWFuUAxfQTk5PzS_NKivXBsvpKtQD_wxLb:1wjC2X:2KhLsvF-KML9YkVfvcQItBsRjmO5tMmjmrclAg1cvK4	2026-07-27 08:29:25.31873+00
u8ymrbhqn5e0bxqdirw5hxsnrqhqv026	.eJyrVsrJT8_Miy-pLEhVslIqzixILFbSgQqWFuUAxfQTk5PzS_NKivXBsvpKtQD_wxLb:1wjC4P:vK4jeoSUv6Q6wn_1KpxhaljdGLEHRm2QTaHZYThvC0U	2026-07-27 08:31:21.976353+00
eqq0q5sldiuvezuo1oee89omuqwb9z3w	.eJyrVsrJT8_Miy-pLEhVslIqzixILFbSgQqWFuUAxfQTk5PzS_NKivXBsvpKtQD_wxLb:1wjC6i:KgbKRfwuziY4tA__OtuaozJRCpxNLC5omKX1QT6n8aM	2026-07-27 08:33:44.787064+00
6bijcqzzg33s99yym6kmwp26tr0jrl7m	.eJyrVsrJT8_Miy-pLEhVslIqzixILFbSgQqWFuUAxfQTk5PzS_NKivXBsvpKtQD_wxLb:1wjCMf:ORZMsla0QiHDBo6D_2jPWFM_YoggMQwqyCS8LH-Cp8U	2026-07-27 08:50:13.568525+00
crtu2c4kq2zgp4b16mvl1fbzxcjfrq7c	.eJyrVsrJT8_Miy-pLEhVslIqzixILFbSgQqWFuUAxfQTk5PzS_NKivXBsvpKtQD_wxLb:1wjCcS:0ZRKr_GMt8hAwNtVzD62lgjSqkDvu8JnzreYIvMFw38	2026-07-27 09:06:32.105803+00
iwlc6h0mzuyul269bj0lquuvr1xc61g9	.eJyrVsrJT8_Miy-pLEhVslIqzixILFbSgQqWFuUAxfQTk5PzS_NKivXBsvpKtQD_wxLb:1wjEZ9:A1eaIslbnPOmPpTbyv581hsQkr-_SkHK_O_mztdHzJ0	2026-07-27 11:11:15.017228+00
cqszfktsp111uq37i4hranl9q682tbln	.eJxVjDsOgzAQBe_iOuJn7MWU6XMGa_0BnCAbsSAFRbl7IKKhnZn3PmxMfYh62SbPWkZhQmK3E67zuLMcrU1rXCj_23zXGtdl0Cv5WQe3J0LKKzVoXz4eyj0x9imzKS5zMNmRZKel7JGcH-9nezkYkIZ9zRGw7MrOQdUg2AIap2oFyIGbSnBhvFWqq50wUmGpCgESrOeVUtjUEvA4JU8UUtT-PYV5Y23x_QFdalEf:1wjDuO:Wupp5AzDCx6b2bgtrQ2UF_Pz4lPDRIqTwxSKBoZKCwM	2026-07-27 10:29:08.506743+00
jgqc0wsu1drcumjj8lvflyzck5pk9gwa	.eJxVjstOwzAQRf_F65I4cfPcgZCgizZIhfXIGQ9JILIjPxAR4t9xUDbd3nPunflhsxkmDX5diLXMTYt07LCHwc4xSyWiCdq79J-mEYMMfoTgyMKkolKU2W3aS_wkvSH1IfVgEjTa26lPNiXZqUvORtH8sLs3A6N0Y2yLQpZYSUV9WR-p4ljLgheSoxLIsRIi51mOeYVZU783R1FKsTkl71WmkDfbqCPnJqOBvpfJrqzNct6UnB8YBmtJe_DSDuRhsCYsgPGlePh6erm_3l2euzM8did4fesuT5DHORfsF61gyS1GO4KsYq0Qv39HX2zi:1wjE8o:UQfg3Akx-IAiyJc9k30SMgCDVQLziIgIqiD9bx15qgs	2026-07-27 10:44:02.464172+00
eoiwexg1cl6r4npl8p950ymoakbs2k4u	.eJxVjkEOgyAQRe_CulFQxNhl9z0DGWBQWgOG0aSm6d2rxo3b996fzJeNqQ9Rz-uE7M4oTEDsdsIljxsrwdq0xJnKw5ab1rDMg14Isw5uS4SUV2rAvjHuyr0g9qmwKc45mGJPitNS8UwOx8fZXg4MQMO29sqpxnUOKiO6prJS-rrxhteWcxCdxdY7Lw332DjrBVdGYYWiVi2orjXHV4REIUWNnynkld357w-TMVI_:1wjIu1:KXxft_1p6wGABdz90qtWK_e8LcXBdTheGV61s7KaZ18	2026-07-27 15:49:05.50745+00
77isby0u6ab2g0n5biytwf26a1j8z6f0	.eJyrVsrJT8_Miy-pLEhVslIqzixILFbSgQqWFuUAxfQTk5PzS_NKivXBsvpKtQD_wxLb:1wjJPs:bFHIbf_B8ZqmUv3dYDuyQ0euFILZ8rHtnKOAQ9Ykgjc	2026-07-27 16:22:00.906768+00
se359m13o7tf33xn33b3q21uhcx1pbq5	.eJxVjMsOgyAUBf-FdaOiCOqy-34D4XFRWgPGK0lN038vNm7czsw5HzLH0Qe57QuQgaBfFJLbCdM6Z1YqY2IKG5Z_W2YtVdommRBW6W1OWlpfqVbmBeFQ9qnCGAsTw7Z6XRxJcVosHtHCfD_by8GkcMprxjjtFesp0xxaIxhzXICguqmAggFrO-FcL4xuBK1s3ZkOeNdoxTm1jrnjFAHRxyDhvfh1J0P1_QFjRFHM:1wjF5K:aatvWJye3zMngFGsBxE74xJSqrfYwwL1vOYLkoGntpQ	2026-07-27 11:44:30.346988+00
waznfrgp1qm6zlha2c56j0038hb8i9d4	.eJxljktPhDAUhf9L1yNQKIWy05joLGYwGV3fXEp5KGlJH0Zi_O8WM5uJ2-8759z7TRYzzhr8tirSEDev6MjhCoNdIktRShO0d-mfTaMGDH6C4JSFuY-RMhe3tEP5ofSu-nfUo0mk0d7OXbJHkqt1ycn0anm4Zm8GJnRTbHPBBl5SwTLGsZBYl7RktBM07xjyTgxVXXORoygq1ZcZLfICWT8gr3OKrKv3Uaecm40G9bXOdiNNdiAyWKu0B492VB5Ga8IKMj4TT16OL_eXu_Nze4LH9givb-35CYo45IL9VBtY5VajnQLKSVNU_3lOSVOyn1_d53MO:1wjFBX:kfMrRKJhX225NV7Jl5uMwzM6f05GiiGDH0TOuHITwz4	2026-07-27 11:50:55.592215+00
06p70qjngh64aaypatceatnifbit5ub1	.eJxljslOwzAURf_F65LBdiKnOxASdNEGqbB-8pTEENmRB0SE-HcclE3F9px773vfaHajsRDXRaMjCmbhAR12mPycWcmldMnGUP7ZMmvgKU6QgvZgVI40rLqlgssPbTel3rkdXSGdjd6IYosUuw3F2Sk9P-zZm4GJhym3JVECM8UIUYOQHRt4x2irKsGGRipKm4q2osKC10wRLHArO8lJTTkfaE06sY0GHYJxFvTXYvyKjtUByeS9thEi96OOMHqXFpD5mXzyenq5v95dnvszPPYneH3rL09Q56GQ_KdeweuwOBs01C06YvKf4zrz5ucX6xt0ng:1wjCE1:y9L58ny23ILzaPL7BLI-e3t9jKRVZCvJxTGjPyt7EHc	2026-07-27 08:41:17.914476+00
sd1uav79s3i6hm1mr7lptu053zg6nyhq	.eJxlj8lOwzAQht_F55LdznIDIUEPbZAK55GXyQKRHXlBRIh3x0G9VFy_759_Zr7JYsZZg99WJB1x88odOVxhsEtkKZfSBO1d-mfTqIEHP0FwaGFWMUKL4pYKLj9Q70q9cz2aRBrt7SySPZJcrUtORuHycM3eFEzcTXG6waJQ2cAolZQylg1t2-Q0522l6FBmbcUHxauhYjXmolRMDEzkqhSUNqKpatxLHTo3Gw34tc52I112IDJYi9qD53ZED6M1YQUZj4krL8eX-8vd-bk_wWN_hNe3_vwE-3su2E_cwKJbjXYIeU06yv7zIo-8-fkFcHd0Cw:1wjFlk:QTzG0FvbEAx7lpQJikxUfzBmy-ePe4QhRwAMq62c9vU	2026-07-27 12:28:20.967784+00
ajovfpieu106921c8nea54zwsm9ocqqf	.eJxVjstugzAQRf_F6xTsGMxjl6pSm0VCpbTrkTEDuEU28qMqqvrvhYpNtufce2d-yGQHbSAsM5KaeD1LTw47jG5aWSqVstEEn_7bdNUgYxghenSguzWSl8d72kr1iWZT3Yc0g02UNcHpNtkiyW59crEdTo979m5glH7c2qxjvUJRMp71oqh4ziUVpciKnveZqChrMZcosiqnWNFj1-ZScqbaohCUYr-NevReWwP4PWu3kJoeiIrOoQkQpBswwOBsnEGtz6wnb-fX0-3h-tJc4Kk5w9t7c30Gvg756L5wAYd-tsYjsJLUFf39A9dka3k:1wjM14:UdeO5zDeYXiQ_qAQiJU-ZrGgjG4BTuQItVyhMx-deWw	2026-07-27 19:08:34.828509+00
qtt2rogstzjf8acfmoldhxcugebvu3hq	.eJyrVsrJT8_Miy-pLEhVslIqzixILFbSgQqWFuUAxfQTk5PzS_NKivXBsvpKtQD_wxLb:1wjCdC:5W89D22fDhBKR_Vuih6_mmVuZh5mv086mhioACXmzzg	2026-07-27 09:07:18.654718+00
n6qmqdr3dtwvqkxxgxkvs04or19cu8uk	.eJyrVsrJT8_Miy-pLEhVslIqzixILFbSgQqWFuUAxfQTk5PzS_NKivXBsvpKtQD_wxLb:1wjCwf:C5U4Qo9kUpNsj6_f4sQc364r7phn8T42F_gQnbXqq5o	2026-07-27 09:27:25.433718+00
blu6fgmuw0x985e7zcouym4z7bzuvclp	.eJyrVsrJT8_Miy-pLEhVslIqzixILFbSgQqWFuUAxfQTk5PzS_NKivXBsvpKtQD_wxLb:1wjD6t:9lkK5T764GXv91Wle0VI4raV2Ru6hmFGhNPQ-q6n3zg	2026-07-27 09:37:59.107235+00
cqlb4ln4pmbajo22yo0zx0403gyic8ip	.eJyrVsrJT8_Miy-pLEhVslIqzixILFbSgQqWFuUAxfQTk5PzS_NKivXBsvpKtQD_wxLb:1wjD8z:AfZWAczYVbEcGsCcG5O3gvZmqjBaESw8pUZFJxDUN0M	2026-07-27 09:40:09.979972+00
i2f13zlavkbmvsrgd8nblhswdlfrgw2f	.eJyrVsrJT8_Miy-pLEhVslIqzixILFbSgQqWFuUAxfQTk5PzS_NKivXBsvpKtQD_wxLb:1wjF1X:Wm_htelfIVoY007bf-RcEYvh1Bo10Dt1fwgtD7DT3Jo	2026-07-27 11:40:35.179801+00
t2wfysybx7qg8xmspl5yvjdq0qtzb01t	.eJyrVsrJT8_Miy-pLEhVslIqzixILFbSgQqWFuUAxfQTk5PzS_NKivXBsvpKtQD_wxLb:1wjDBd:tXzOFfEM-JtarN_47BP2mUYoFYLtZEJcQ1FJPA2darI	2026-07-27 09:42:53.018819+00
qkt7l9vivecw3266ycks9dc3ueszhpsn	.eJyrVsrJT8_Miy-pLEhVslIqzixILFbSgQqWFuUAxfQTk5PzS_NKivXBsvpKtQD_wxLb:1wjDCW:mUJYbO9vskESPRYpZ44hsdo65f7jyfhg6rco3D5-3UE	2026-07-27 09:43:48.673472+00
eqibnqspdsmvwyaflngde4xpjlqzu6r4	.eJyrVsrJT8_Miy-pLEhVslIqzixILFbSgQqWFuUAxfQTk5PzS_NKivXBsvpKtQD_wxLb:1wjDSG:TBWmQZ2EIBDJteR1B2qKfIFQyJt1Sc1QggjIw51uspk	2026-07-27 10:00:04.880006+00
zf46hrzvug2hqd9jybptg0e2djd2nbyz	.eJyrVsrJT8_Miy-pLEhVslIqzixILFbSgQqWFuUAxfQTk5PzS_NKivXBsvpKtQD_wxLb:1wjDSI:7zWcubWo0iV7ea0LKAdPZRY3bTVqA674LpyKUNlfDSY	2026-07-27 10:00:06.361196+00
nue5qeko1omopkc8sw0uto2mpzliknl5	.eJyrVsrJT8_Miy-pLEhVslIqzixILFbSgQqWFuUAxfQTk5PzS_NKivXBsvpKtQD_wxLb:1wjDYh:K3kO2F-LZNKi08HmsyMeU4g0sLWrlpQUIq8Om4XNmQg	2026-07-27 10:06:43.904677+00
xgddbgs53nnromxfxnxkhhcmj8c52t5o	.eJyrVsrJT8_Miy-pLEhVslIqzixILFbSgQqWFuUAxfQTk5PzS_NKivXBsvpKtQD_wxLb:1wjFiV:P4OPNglymvw8bzpFltcUvYx34GVbZ_qouTxWhEH7sMo	2026-07-27 12:24:59.749934+00
uv91khwrl17bfn1ot6ptfaswroo59qj5	.eJyrVsrJT8_Miy-pLEhVslIqzixILFbSgQqWFuUAxfQTk5PzS_NKivXBsvpKtQD_wxLb:1wjDu0:ZQWehriE3kpPqng8lvCgzPKHZutm65uxYLx_IBxuRlM	2026-07-27 10:28:44.033135+00
1isrzodbywjt23ymrlgzjjsqa55xbpo9	.eJxVjstOwzAQRf_F65K4cd67IiToog1SYT2a2JMHRHbkByJC_DsJyqbbc-69Mz9sMv2owS8zsZq5cUbHDjsMdlpZjFKaoL2L_228asDgBwiOLIxqjWQpv6ctyk_Sm1IfqHsTSaO9Hdtoi0S7ddHFKJoe9-zdwIBu2No86YRsM5krUZZV2iklZVZVAkmmAnmSlVRQUWAiig6VQpV3hMTzrBOi5OU26si50Wig73m0C6uPCa9yzg9MBmtJe_Boe_LQWxNmkOtL6-Hb-fV0e7i-NBd4as7w9t5cnyFZ51ywX7SAJTcb7QiOBauT6vcP2ohuAA:1wjDuH:SrZRoQ-moj-TNDu4X0mdB3Chk5WfbaQu62biKhPOlzA	2026-07-27 10:29:01.17728+00
au5i0iaofihv60yxao9sszup4byb5kqn	.eJyrVsrJT8_Miy-pLEhVslIqzixILFbSgQqWFuUAxfQTk5PzS_NKivXBsvpKtQD_wxLb:1wjDwf:D7Sshb3JnKKaQ7Fe9-3kjzdzD9hhKHQRB2IjUM5EVBA	2026-07-27 10:31:29.276923+00
hacyed7xo1t2h28coxw83m14dmy79dl7	.eJxljstOwzAQRf_F65LEies8diAk6KINUmE9cuzJAyI78gMRIf4dB2VTsT3n3jvzTWYzTBr8uiBpiJsW4chhh8HOkaVCShO0d-mfTaMGEfwIwaGFScXIkea3tBPyA_Wm1LvQg0mk0d5OXbJFkt265GwUzg979mZgFG6MbcY4rQWrKes4HmXJWM9LLGlXZEhRolJV2fd1KbuipJnKK1khr4pOcE5Vz_pt1KFzk9GAX8tkV9JkByKDtag9eGEH9DBYExaQ8Zl48np6ub_eXZ7bMzy2J3h9ay9PUMQhF-wnrmDRLUY7BFqRhmf_eU4jz39-AaeEdGU:1wjHti:WiA0CqYPnpKRV7p-kgZQZWHAnx1hThn4tVfDS9Y7H5U	2026-07-27 14:44:42.70701+00
7stxislmkvfwl9ngcb3kmj1wwjeplc06	.eJyrVsrJT8_Miy-pLEhVslIqzixILFbSgQqWFuUAxfQTk5PzS_NKivXBsvpKtQD_wxLb:1wjEZG:-Uq_jV8EW74jwpqS5uJsgPBefXq1dkshnIGgjt1ADsI	2026-07-27 11:11:22.368898+00
04ds7ikgorq4im76ggkiotn86gzbr9ng	.eJxljstOwzAQRf_F65J34jg7EBJ00QapsB5NnMkDIjvyAxEh_h0HdVOxPefeO_PNFj3OCty2EmuYnVe07HCF3iyBxSil9srZ-M_GQQN6N4G3ZGDuQ6Ssqlvaofwgtav-HdWoI6mVM3MX7ZHoam100j0tD9fszcCEdgrtHDmmQzr0PKuRy4TXvSgEx5znXVbmZUdSiKHoy64SmIqk5BWXlGdCYF1UHPdRS9bOWgF9rbPZWJNmiaiS5MCkN4aUA4dmJAej0X4FGV4Khy_Hl_vL3fm5PcFje4TXt_b8BFmYs9580gaG7KqVJUg5a_LyP8_SwMXPL79ddO4:1wjEcm:78j3EI7L0VObbo3KvbhQ1bARQy5NRsZg266StFZP59M	2026-07-27 11:15:00.681834+00
199tra0ulcxsdcdbd2j0tunw1ofhg52a	.eJyrVsrJT8_Miy-pLEhVslIqzixILFbSgQqWFuUAxfQTk5PzS_NKivXBsvpKtQD_wxLb:1wjEt5:vGLuMz7CPqhyk1isGHBI9hCHCvxZEmgtJMgL5s4mHtY	2026-07-27 11:31:51.915701+00
x9w8anv01wv1ux9q5rx8xvk96ut01s5y	.eJyrVsrJT8_Miy-pLEhVslIqzixILFbSgQqWFuUAxfQTk5PzS_NKivXBsvpKtQD_wxLb:1wjKs2:P8JLxwHooSHpGhPKtYypUr7Byx2V6r7_DK2lDlbOiC8	2026-07-27 17:55:10.547608+00
65rts9lezwu205i249rkm41kua3n6enb	.eJxVjEEOgjAQRe_StQEqQotL956hGWamUCUtYSDRGO8uGDZs33v_f9SQuhDd_B5ZXZWEEUSddrhMw8pyQExLnCX_23zVDpa5d4vw5AKtib5UR9oCPjluih4Qu5RhivMU2mxLst1Kdk_Ew21vDwc9SL-uz7XXFXhkbzxZ0KYhvBBpW9rW2rNpy6ahuiqLBrkwhitiD7VGZKupYLOdCouEFB2_xjC91bX4_gCYalJk:1wjLIY:2Qvo6UGJoorwkUxhcwaguUFu5FtSiaUgcIIwx4WaHDE	2026-07-27 18:22:34.618315+00
\.


--
-- Data for Name: survey_blocklist; Type: TABLE DATA; Schema: public; Owner: survey_user
--

COPY public.survey_blocklist (id, block_type, value, reason, created_at, expires_at) FROM stdin;
\.


--
-- Data for Name: survey_question; Type: TABLE DATA; Schema: public; Owner: survey_user
--

COPY public.survey_question (id, title, description, is_required, "order", options, condition_logic, config, created_at, updated_at, question_type_id, section_id, component_type) FROM stdin;
5070	1. Nhóm tài liệu pháp lý	(Đánh dấu ☑ vào ô tương ứng và\nghi rõ nội dung tại cột "Ghi chú" nếu cần.)	f	0	["Các văn bản quy phạm pháp luật liên quan đến điều tra xã hội học, khảo sát SIPAS", "Các văn bản chỉ đạo của UBND Thành phố", "Quy chế quản lý, vận hành công tác khảo sát", "Các quyết định, quy chế, quy định nội bộ liên quan đến công tác điều tra xã hội học, khảo sát SIPAS và DDCI"]	{}	{"scale": [{"kind": "radio", "label": "Có", "value": 1}, {"kind": "radio", "label": "Chưa", "value": 2}, {"kind": "text", "label": "Ghi chú", "value": 3}], "criteria": ["Các văn bản quy phạm pháp luật liên quan đến điều tra xã hội học, khảo sát SIPAS", "Các văn bản chỉ đạo của UBND Thành phố", "Quy chế quản lý, vận hành công tác khảo sát", "Các quyết định, quy chế, quy định nội bộ liên quan đến công tác điều tra xã hội học, khảo sát SIPAS và DDCI"], "grid_type": "yesno", "criteria_label": "Tài liệu"}	2026-07-13 04:01:12.115776+00	2026-07-13 04:01:12.115794+00	5	109	question
5003	1. Các yêu cầu ưu tiên		f	0	[]	{}	{"placeholder": ""}	2026-07-11 15:16:08.606802+00	2026-07-11 15:16:08.606821+00	2	175	question
5313	1. Hiện trạng nghiệp vụ		f	0	[]	{}	{"placeholder": ""}	2026-07-13 04:06:49.464981+00	2026-07-13 04:06:49.465004+00	2	188	question
5669	BM-04. PHIẾU KHẢO SÁT DÀNH CHO LÃNH ĐẠO QUẢN LÝ		f	0	[]	{}	{}	2026-07-13 16:20:46.662297+00	2026-07-13 16:20:46.662319+00	8	35	question
6824	1. TÀI LIỆU ĐƠN VỊ CUNG CẤP		f	0	["Sơ đồ mạng", "Danh mục phần mềm", "Danh mục CSDL", "Danh mục máy chủ", "Danh mục thiết bị", "Quy trình vận hành", "Quy trình sao lưu", "Hồ sơ ATTT", "Hồ sơ tích hợp", "Tài liệu kiến trúc hệ thống", "Quy chế bảo đảm ATTT", "Quy chế quản lý, khai thác dữ liệu", "Danh mục API (nếu có)", "Tài liệu hướng dẫn sử dụng", "Tài liệu mô tả các hệ thống thông tin đang sử dụng", "Danh mục các cơ sở dữ liệu dùng chung", "Tài liệu kết nối, chia sẻ dữ liệu (nếu có)"]	{}	{"scale": [{"kind": "radio", "label": "Có", "value": 1}, {"kind": "radio", "label": "Không", "value": 2}, {"kind": "text", "label": "Ghi chú", "value": 3}], "criteria": ["Sơ đồ mạng", "Danh mục phần mềm", "Danh mục CSDL", "Danh mục máy chủ", "Danh mục thiết bị", "Quy trình vận hành", "Quy trình sao lưu", "Hồ sơ ATTT", "Hồ sơ tích hợp", "Tài liệu kiến trúc hệ thống", "Quy chế bảo đảm ATTT", "Quy chế quản lý, khai thác dữ liệu", "Danh mục API (nếu có)", "Tài liệu hướng dẫn sử dụng", "Tài liệu mô tả các hệ thống thông tin đang sử dụng", "Danh mục các cơ sở dữ liệu dùng chung", "Tài liệu kết nối, chia sẻ dữ liệu (nếu có)"], "grid_type": "yesno", "criteria_label": "Tài liệu"}	2026-07-13 18:58:41.857596+00	2026-07-13 18:58:41.857618+00	5	69	question
6570	1. Kiến nghị ưu tiên triển khai		f	0	["1", "2", "3"]	{}	{"data": [["1", "", ""], ["2", "", ""], ["3", "", ""]], "rows": 3, "columns": [{"name": "STT", "type": "text", "options": []}, {"name": "Nội dung", "type": "text", "options": []}, {"name": "Mức độ ưu tiên", "type": "text", "options": []}]}	2026-07-13 18:25:01.288941+00	2026-07-13 18:25:01.288963+00	6	197	question
2446	5. Kiến nghị		f	0	[]	{}	{"placeholder": ""}	2026-07-09 07:03:44.628+00	2026-07-09 07:03:44.628+00	2	76	question
5071	2. Nhóm tài liệu nghiệp vụ		f	0	["Quy trình tổ chức thực hiện điều tra xã hội học", "Quy trình tổ chức khảo sát SIPAS", "Quy trình khảo sát DDCI (nếu có)", "Quy trình chọn mẫu khảo sát", "Quy trình phát hành phiếu khảo sát", "Quy trình thu thập dữ liệu", "Quy trình tổng hợp dữ liệu", "Quy trình xử lý và phân tích dữ liệu", "Quy trình công bố kết quả khảo sát", "Quy trình kiểm tra, phê duyệt kết quả khảo sát"]	{}	{"scale": [{"kind": "radio", "label": "Có", "value": 1}, {"kind": "radio", "label": "Chưa", "value": 2}, {"kind": "text", "label": "Ghi chú", "value": 3}], "criteria": ["Quy trình tổ chức thực hiện điều tra xã hội học", "Quy trình tổ chức khảo sát SIPAS", "Quy trình khảo sát DDCI (nếu có)", "Quy trình chọn mẫu khảo sát", "Quy trình phát hành phiếu khảo sát", "Quy trình thu thập dữ liệu", "Quy trình tổng hợp dữ liệu", "Quy trình xử lý và phân tích dữ liệu", "Quy trình công bố kết quả khảo sát", "Quy trình kiểm tra, phê duyệt kết quả khảo sát"], "grid_type": "yesno", "criteria_label": "Tài liệu"}	2026-07-13 04:01:12.205355+00	2026-07-13 04:01:12.205377+00	5	109	question
5004	2. Các yêu cầu cần nghiên cứu thêm		f	0	[]	{}	{"placeholder": ""}	2026-07-11 15:16:08.695351+00	2026-07-11 15:16:08.695369+00	2	175	question
5314	2. Hiện trạng CNTT		f	0	[]	{}	{"placeholder": ""}	2026-07-13 04:06:49.562449+00	2026-07-13 04:06:49.562469+00	2	188	question
5670	1. Thông tin chung	(Vui lòng điền đầy đủ thông tin, nhằm mục đích khảo sát)	f	0	["Đơn vị", "Họ và tên", "Chức vụ", "Lĩnh vực phụ trách", "Điện thoại", "Email", "Ngày khảo sát"]	{}	{"data": [["Đơn vị", ""], ["Họ và tên", ""], ["Chức vụ", ""], ["Lĩnh vực phụ trách", ""], ["Điện thoại", ""], ["Email", ""], ["Ngày khảo sát", ""]], "rows": 7, "columns": [{"name": "Nội dung", "type": "text", "options": []}, {"name": "Thông tin", "type": "text", "options": []}]}	2026-07-13 16:20:46.75565+00	2026-07-13 16:20:46.75568+00	6	35	question
6806	BM-06. PHIẾU KHẢO SÁT DÀNH CHO CÁN BỘ PHỤ TRÁCH CÔNG NGHỆ THÔNG TIN		f	0	[]	{}	{}	2026-07-13 18:58:35.709118+00	2026-07-13 18:58:35.709139+00	8	53	question
6571	Biểu mẫu này tổng hợp các yêu cầu nghiệp vụ, yêu cầu chức năng, yêu cầu kết nối, chia sẻ dữ liệu, yêu cầu báo cáo và yêu cầu kỹ thuật được ghi nhận trong quá trình khảo sát. Đây là căn cứ để xây dựng mô hình TO-BE, tài liệu yêu cầu nghiệp vụ (BRS), các tài liệu phân tích, thiết kế (nếu có) và xác định phạm vi đầu tư của Dự án trong Báo cáo kinh tế - kỹ thuật.		f	0	[]	{}	{}	2026-07-13 18:25:01.880446+00	2026-07-13 18:25:01.880468+00	9	198	question
5072	3. Bộ câu hỏi và biểu mẫu khảo sát		f	0	["Bộ câu hỏi khảo sát SIPAS hiện hành", "Bộ câu hỏi khảo sát điện tử", "Phiếu khảo sát giấy", "Phiếu khảo sát điện tử", "Biểu mẫu tổng hợp kết quả khảo sát", "Biểu mẫu báo cáo", "Hướng dẫn thực hiện khảo sát"]	{}	{"scale": [{"kind": "radio", "label": "Có", "value": 1}, {"kind": "radio", "label": "Chưa", "value": 2}, {"kind": "text", "label": "Ghi chú", "value": 3}], "criteria": ["Bộ câu hỏi khảo sát SIPAS hiện hành", "Bộ câu hỏi khảo sát điện tử", "Phiếu khảo sát giấy", "Phiếu khảo sát điện tử", "Biểu mẫu tổng hợp kết quả khảo sát", "Biểu mẫu báo cáo", "Hướng dẫn thực hiện khảo sát"], "grid_type": "yesno", "criteria_label": "Tài liệu"}	2026-07-13 04:01:12.288323+00	2026-07-13 04:01:12.28834+00	5	109	question
5005	3. Các nội dung có thể kế thừa		f	0	[]	{}	{"placeholder": ""}	2026-07-11 15:16:08.811092+00	2026-07-11 15:16:08.811112+00	2	175	question
5315	3.  Khó khăn, vướng mắc		f	0	[]	{}	{"placeholder": ""}	2026-07-13 04:06:49.656607+00	2026-07-13 04:06:49.656626+00	2	188	question
5671	Hướng dẫn: Đề nghị Quý Ông/Bà đánh giá hiện trạng và nhu cầu quản lý theo thực tế tại đơn vị; các thông tin thu thập chỉ phục vụ việc lập Báo cáo kinh tế - kỹ thuật của Dự án.		f	0	[]	{}	{}	2026-07-13 16:20:46.844476+00	2026-07-13 16:20:46.844497+00	9	35	question
6807	Hướng dẫn: Đề nghị Ông/Bà cung cấp thông tin theo đúng hiện trạng hạ tầng, hệ thống CNTT, nền tảng số, cơ sở dữ liệu và các hệ thống đang vận hành tại đơn vị. Thông tin chỉ phục vụ khảo sát, phân tích hiện trạng và lập Báo cáo KTKT.		f	1	[]	{}	{}	2026-07-13 18:58:35.799125+00	2026-07-13 18:58:35.799145+00	9	53	question
6572	1. Xác nhận các yêu cầu		t	0	["Các yêu cầu trên đã được thống nhất.", "Đề nghị bổ sung thêm sau khảo sát.", "Cần tổ chức cuộc họp chuyên đề.", "Chưa thống nhất, cần tiếp tục khảo sát.", "Không có yêu cầu bổ sung."]	{}	{"options": ["Các yêu cầu trên đã được thống nhất.", "Đề nghị bổ sung thêm sau khảo sát.", "Cần tổ chức cuộc họp chuyên đề.", "Chưa thống nhất, cần tiếp tục khảo sát.", "Không có yêu cầu bổ sung."]}	2026-07-13 18:25:02.267793+00	2026-07-13 18:25:02.267814+00	3	199	question
5073	4. Tài liệu về dữ liệu		f	0	["Danh mục đối tượng khảo sát", "Danh mục đơn vị khảo sát", "Danh mục bộ câu hỏi", "Kết quả khảo sát trong 03 năm gần nhất", "Các tệp dữ liệu tổng hợp (Excel/CSV/…)", "Cơ sở dữ liệu khảo sát"]	{}	{"scale": [{"kind": "radio", "label": "Có", "value": 1}, {"kind": "radio", "label": "Chưa", "value": 2}, {"kind": "text", "label": "Ghi chú", "value": 3}], "criteria": ["Danh mục đối tượng khảo sát", "Danh mục đơn vị khảo sát", "Danh mục bộ câu hỏi", "Kết quả khảo sát trong 03 năm gần nhất", "Các tệp dữ liệu tổng hợp (Excel/CSV/…)", "Cơ sở dữ liệu khảo sát"], "grid_type": "yesno", "criteria_label": "Tài liệu"}	2026-07-13 04:01:12.372431+00	2026-07-13 04:01:12.372448+00	5	109	question
5006	4. Các nội dung cần đầu tư mới		f	0	[]	{}	{"placeholder": ""}	2026-07-11 15:16:08.91826+00	2026-07-11 15:16:08.91828+00	2	175	question
5316	4. Kiến nghị, đề xuất		f	0	[]	{}	{"placeholder": ""}	2026-07-13 04:06:49.754942+00	2026-07-13 04:06:49.754961+00	2	188	question
5672	1. Tổ chức thực hiện		f	0	["Công tác tổ chức thực hiện điều tra xã hội học", "Công tác tổ chức điều tra xã hội học và khảo sát SIPAS", "Công tác phối hợp giữa các đơn vị", "Công tác chỉ đạo, điều hành và theo dõi kết quả khảo sát"]	{}	{"scale": [{"kind": "checkbox", "label": "Đáp ứng tốt", "value": 1}, {"kind": "checkbox", "label": "Đáp ứng", "value": 2}, {"kind": "checkbox", "label": "Chưa đáp ứng", "value": 3}, {"kind": "checkbox", "label": "Không đánh giá", "value": 4}], "criteria": ["Công tác tổ chức thực hiện điều tra xã hội học", "Công tác tổ chức điều tra xã hội học và khảo sát SIPAS", "Công tác phối hợp giữa các đơn vị", "Công tác chỉ đạo, điều hành và theo dõi kết quả khảo sát"], "grid_type": "yesno", "criteria_label": "Nội dung"}	2026-07-13 16:20:47.269245+00	2026-07-13 16:20:47.269263+00	5	30	question
6808	2. Trung tâm dữ liệu		f	0	["Phòng máy chủ", "Trung tâm dữ liệu (Data Center)", "Điện toán đám mây (Cloud)", "Điện toán đám mây lai (Hybrid Cloud)", "Thuê hạ tầng"]	{}	{"scale": [{"kind": "radio", "label": "Có", "value": 1}, {"kind": "radio", "label": "Không", "value": 2}], "criteria": ["Phòng máy chủ", "Trung tâm dữ liệu (Data Center)", "Điện toán đám mây (Cloud)", "Điện toán đám mây lai (Hybrid Cloud)", "Thuê hạ tầng"], "grid_type": "yesno", "criteria_label": "Nội dung"}	2026-07-13 18:58:36.231509+00	2026-07-13 18:58:36.23153+00	5	54	question
6555	Email/Sđt		f	0	[]	{}	{"placeholder": ""}	2026-07-13 18:24:57.648901+00	2026-07-13 18:24:57.648925+00	1	190	question
5074	5. Hiện trạng hệ thống CNTT		f	0	["Danh mục phần mềm đang sử dụng", "Tài liệu hướng dẫn sử dụng", "Tài liệu kỹ thuật", "Kiến trúc hệ thống", "Tài liệu API/Web Service", "Tài liệu tích hợp với các hệ thống khác"]	{}	{"scale": [{"kind": "radio", "label": "Có", "value": 1}, {"kind": "radio", "label": "Chưa", "value": 2}, {"kind": "text", "label": "Ghi chú", "value": 3}], "criteria": ["Danh mục phần mềm đang sử dụng", "Tài liệu hướng dẫn sử dụng", "Tài liệu kỹ thuật", "Kiến trúc hệ thống", "Tài liệu API/Web Service", "Tài liệu tích hợp với các hệ thống khác"], "grid_type": "yesno", "criteria_label": "Tài liệu"}	2026-07-13 04:01:12.467568+00	2026-07-13 04:01:12.467586+00	5	109	question
5007	1. Ma trận ưu tiên triển khai		f	0	["1", "2", "3"]	{}	{"data": [["1", "", "", "", ""], ["2", "", "", "", ""], ["3", "", "", "", ""]], "rows": 3, "columns": [{"name": "STT", "type": "text", "options": []}, {"name": "Nội dung", "type": "text", "options": []}, {"name": "Nguồn", "type": "text", "options": []}, {"name": "Mức độ ưu tiên", "type": "text", "options": []}, {"name": "Giai đoạn", "type": "text", "options": []}]}	2026-07-11 15:16:09.282796+00	2026-07-11 15:16:09.282817+00	6	176	question
5317	1. Công  việc cần được thực hiện tiếp		f	0	["1", "2", "3"]	{}	{"data": [["1", "", "", ""], ["2", "", "", ""], ["3", "", "", ""]], "rows": 3, "columns": [{"name": "STT", "type": "text", "options": []}, {"name": "Nội dung", "type": "text", "options": []}, {"name": "Đơn vị chủ trì", "type": "text", "options": []}, {"name": "Thời hạn", "type": "text", "options": []}]}	2026-07-13 04:06:50.180561+00	2026-07-13 04:06:50.180584+00	6	189	question
5673	2. Quản lý và điều hành		f	0	["Lập kế hoạch khảo sát", "Theo dõi tiến độ khảo sát", "Quản lý dữ liệu khảo sát", "Khai thác kết quả khảo sát"]	{}	{"scale": [{"kind": "radio", "label": "Đáp ứng tốt", "value": 1}, {"kind": "radio", "label": "Đáp ứng", "value": 2}, {"kind": "radio", "label": "Chưa đáp ứng", "value": 3}, {"kind": "radio", "label": "Không đánh giá", "value": 4}], "criteria": ["Lập kế hoạch khảo sát", "Theo dõi tiến độ khảo sát", "Quản lý dữ liệu khảo sát", "Khai thác kết quả khảo sát"], "grid_type": "yesno", "criteria_label": "Nội dung"}	2026-07-13 16:20:47.355792+00	2026-07-13 16:20:47.355809+00	5	30	question
6809	1. Hạ tầng kỹ thuật		f	1	["Hệ thống mạng LAN", "Kết nối Internet", "Mạng không dây (Wifi)", "Thiết bị mạng (Switch/Router)", "Máy tính để bàn", "Máy tính xách tay", "Thiết bị di động", "Máy chủ vật lý", "Máy chủ ảo (Virtual Server)", "Thiết bị lưu trữ", "Thiết bị sao lưu", "UPS", "Thiết bị tường lửa"]	{}	{"scale": [{"kind": "radio", "label": "Đáp ứng tốt", "value": 1}, {"kind": "radio", "label": "Đáp ứng", "value": 2}, {"kind": "radio", "label": "Chưa đáp ứng", "value": 3}, {"kind": "radio", "label": "Không áp dụng", "value": 4}], "criteria": ["Hệ thống mạng LAN", "Kết nối Internet", "Mạng không dây (Wifi)", "Thiết bị mạng (Switch/Router)", "Máy tính để bàn", "Máy tính xách tay", "Thiết bị di động", "Máy chủ vật lý", "Máy chủ ảo (Virtual Server)", "Thiết bị lưu trữ", "Thiết bị sao lưu", "UPS", "Thiết bị tường lửa"], "grid_type": "yesno", "criteria_label": "Nội dung"}	2026-07-13 18:58:36.340123+00	2026-07-13 18:58:36.340143+00	5	54	question
6556	Đơn vị khảo sát		f	1	[]	{}	{"placeholder": ""}	2026-07-13 18:24:57.738093+00	2026-07-13 18:24:57.738113+00	1	190	question
5075	6. Hạ tầng kỹ thuật		f	0	["Sơ đồ hạ tầng CNTT", "Thông tin máy chủ", "Thông tin cơ sở dữ liệu", "Thông tin mạng và đường truyền", "Thông tin sao lưu dữ liệu", "Thông tin môi trường triển khai", "Tài liệu an toàn thông tin"]	{}	{"scale": [{"kind": "radio", "label": "Có", "value": 1}, {"kind": "radio", "label": "Chưa", "value": 2}, {"kind": "text", "label": "Ghi chú", "value": 3}], "criteria": ["Sơ đồ hạ tầng CNTT", "Thông tin máy chủ", "Thông tin cơ sở dữ liệu", "Thông tin mạng và đường truyền", "Thông tin sao lưu dữ liệu", "Thông tin môi trường triển khai", "Tài liệu an toàn thông tin"], "grid_type": "yesno", "criteria_label": "Tài liệu"}	2026-07-13 04:01:12.561229+00	2026-07-13 04:01:12.56124+00	5	109	question
5008	Biểu mẫu này là căn cứ tổng hợp và đối chiếu các yêu cầu khảo sát, yêu cầu nghiệp vụ, yêu cầu kỹ thuật và yêu cầu chức năng hệ thống nhằm bảo đảm tính đầy đủ, thống nhất và khả năng truy vết trong quá trình lập Báo cáo kinh tế - kỹ thuật. Đây là cơ sở để:		f	0	[]	{}	{}	2026-07-11 15:16:09.789174+00	2026-07-11 15:16:09.789195+00	9	177	question
5674	1. Nhu cầu quản lý và điều hành		f	0	["Theo dõi tiến độ khảo sát", "Dashboard điều hành", "Báo cáo trực tuyến", "Cảnh báo tiến độ", "So sánh kết quả các đơn vị", "Theo dõi kết quả nhiều năm"]	{}	{"scale": [{"kind": "radio", "label": "Có nhu cầu", "value": 1}, {"kind": "radio", "label": "Chưa cần", "value": 2}], "criteria": ["Theo dõi tiến độ khảo sát", "Dashboard điều hành", "Báo cáo trực tuyến", "Cảnh báo tiến độ", "So sánh kết quả các đơn vị", "Theo dõi kết quả nhiều năm"], "grid_type": "yesno", "criteria_label": "Nội dung"}	2026-07-13 16:20:47.740843+00	2026-07-13 16:20:47.740906+00	5	39	question
6810	1. HIỆN TRẠNG KIẾN TRÚC HỆ THỐNG		f	0	["Có tài liệu kiến trúc tổng thể CNTT", "Có sơ đồ kiến trúc tổng thể", "Có sơ đồ kiến trúc logic", "Có sơ đồ kiến trúc vật lý", "Có sơ đồ mạng", "Có sơ đồ tích hợp", "Có danh mục hệ thống thông tin đang vận hành"]	{}	{"scale": [{"kind": "radio", "label": "Có", "value": 1}, {"kind": "radio", "label": "Không", "value": 2}], "criteria": ["Có tài liệu kiến trúc tổng thể CNTT", "Có sơ đồ kiến trúc tổng thể", "Có sơ đồ kiến trúc logic", "Có sơ đồ kiến trúc vật lý", "Có sơ đồ mạng", "Có sơ đồ tích hợp", "Có danh mục hệ thống thông tin đang vận hành"], "grid_type": "yesno", "criteria_label": "Nội dung"}	2026-07-13 18:58:36.692379+00	2026-07-13 18:58:36.692405+00	5	55	question
6557	Người cung cấp thông tin		f	2	[]	{}	{"placeholder": ""}	2026-07-13 18:24:57.826543+00	2026-07-13 18:24:57.826562+00	1	190	question
5076	7. Báo cáo và thống kê		f	0	["Báo cáo tổng hợp kết quả khảo sát hằng năm", "Báo cáo chuyên đề", "Báo cáo phục vụ lãnh đạo UBND Thành phố", "Dashboard và màn hình điều hành hiện có", "Các biểu đồ thống kê", "Các báo cáo phục vụ lãnh đạo"]	{}	{"scale": [{"kind": "radio", "label": "Có", "value": 1}, {"kind": "radio", "label": "Chưa", "value": 2}, {"kind": "text", "label": "Ghi chú", "value": 3}], "criteria": ["Báo cáo tổng hợp kết quả khảo sát hằng năm", "Báo cáo chuyên đề", "Báo cáo phục vụ lãnh đạo UBND Thành phố", "Dashboard và màn hình điều hành hiện có", "Các biểu đồ thống kê", "Các báo cáo phục vụ lãnh đạo"], "grid_type": "yesno", "criteria_label": "Tài liệu"}	2026-07-13 04:01:12.640664+00	2026-07-13 04:01:12.640682+00	5	109	question
5009	Xây dựng mô hình hiện trạng (AS-IS); Xây dựng mô hình nghiệp vụ sau đầu tư (TO-BE); Xây dựng tài liệu yêu cầu nghiệp vụ (BRS); Xác định danh mục chức năng của hệ thống; Xác định phạm vi đầu tư, danh mục chức năng, yêu cầu kỹ thuật, phương án triển khai và làm cơ sở xây dựng Báo cáo kinh tế - kỹ thuật của dự án.		f	0	[]	{}	{}	2026-07-11 15:16:09.866682+00	2026-07-11 15:16:09.866694+00	9	177	question
5675	1. Các nhu cầu xây dựng hệ thống		f	0	["Dashboard tổng hợp", "Báo cáo điều hành", "Theo dõi tiến độ khảo sát", "Theo dõi kết quả khảo sát theo thời gian thực", "Theo dõi kết quả nhiều năm", "Theo dõi kết quả theo địa bàn", "Theo dõi kết quả theo nhóm đơn vị", "So sánh giữa các đơn vị", "Cảnh báo đơn vị chậm tiến độ", "Cảnh báo chỉ số giảm", "Tổng hợp báo cáo tự động", "Phân tích xu hướng", "Xuất báo cáo", "Phê duyệt báo cáo", "Tích hợp quản lý kết quả khảo sát DDCI trên cùng hệ thống"]	{}	{"scale": [{"kind": "radio", "label": "Cần", "value": 1}, {"kind": "radio", "label": "Không cần", "value": 2}], "criteria": ["Dashboard tổng hợp", "Báo cáo điều hành", "Theo dõi tiến độ khảo sát", "Theo dõi kết quả khảo sát theo thời gian thực", "Theo dõi kết quả nhiều năm", "Theo dõi kết quả theo địa bàn", "Theo dõi kết quả theo nhóm đơn vị", "So sánh giữa các đơn vị", "Cảnh báo đơn vị chậm tiến độ", "Cảnh báo chỉ số giảm", "Tổng hợp báo cáo tự động", "Phân tích xu hướng", "Xuất báo cáo", "Phê duyệt báo cáo", "Tích hợp quản lý kết quả khảo sát DDCI trên cùng hệ thống"], "grid_type": "yesno", "criteria_label": "Chức năng"}	2026-07-13 16:20:48.116711+00	2026-07-13 16:20:48.116731+00	5	40	question
5069	1. Thông tin đơn vị		f	0	["Đơn vị được khảo sát", "Địa chỉ", "Người đầu mối", "Chức vụ", "Điện thoại", "Email", "Ngày khảo sát"]	{}	{"data": [["Đơn vị được khảo sát", ""], ["Địa chỉ", ""], ["Người đầu mối", ""], ["Chức vụ", ""], ["Điện thoại", ""], ["Email", ""], ["Ngày khảo sát", ""]], "rows": 7, "columns": [{"name": "Nội dung", "type": "text", "options": []}, {"name": "Thông tin", "type": "text", "options": []}]}	2026-07-13 04:01:11.192242+00	2026-07-13 04:01:11.192256+00	6	108	question
6811	1. HIỆN TRẠNG PHẦN MỀM		f	0	["Phần mềm phục vụ điều tra xã hội học (nếu có)", "Phần mềm phục vụ khảo sát SIPAS (nếu có)", "Phần mềm/Hệ thống khảo sát DDCI (nếu có)", "Phần mềm quản lý văn bản", "Phần mềm Một cửa", "Phần mềm chuyên ngành khác", "Phần mềm thương mại", "Bảng điều khiển (Dashboard)"]	{}	{"scale": [{"kind": "radio", "label": "Đáp ứng tốt", "value": 1}, {"kind": "radio", "label": "Đáp ứng", "value": 2}, {"kind": "radio", "label": "Chưa đáp ứng", "value": 3}, {"kind": "radio", "label": "Không áp dụng", "value": 4}], "criteria": ["Phần mềm phục vụ điều tra xã hội học (nếu có)", "Phần mềm phục vụ khảo sát SIPAS (nếu có)", "Phần mềm/Hệ thống khảo sát DDCI (nếu có)", "Phần mềm quản lý văn bản", "Phần mềm Một cửa", "Phần mềm chuyên ngành khác", "Phần mềm thương mại", "Bảng điều khiển (Dashboard)"], "grid_type": "yesno", "criteria_label": "Nội dung"}	2026-07-13 18:58:37.064434+00	2026-07-13 18:58:37.064456+00	5	56	question
6558	Chức vụ		f	3	[]	{}	{"placeholder": ""}	2026-07-13 18:24:57.916282+00	2026-07-13 18:24:57.916302+00	1	190	question
5537	BM-05. PHIẾU KHẢO SÁT DÀNH CHO CÁN BỘ CHUYÊN MÔN, ĐẦU MỐI THỰC HIỆN NGHIỆP VỤ		f	0	[]	{}	{}	2026-07-13 10:30:28.5578+00	2026-07-13 10:30:28.557817+00	8	47	question
4994	BM-10. BẢNG TỔNG HỢP YÊU CẦU XÂY DỰNG HỆ THỐNG		f	0	[]	{}	{}	2026-07-11 15:16:04.579516+00	2026-07-11 15:16:04.579536+00	8	178	question
5077	1. Dữ liệu điện tử đề nghị cung cấp		f	0	["Excel", "Word", "PDF", "CSV", "SQL Backup", "API", "Khác"]	{}	{"scale": [{"kind": "checkbox", "label": "Đề nghị cung cấp", "value": 1}], "criteria": ["Excel", "Word", "PDF", "CSV", "SQL Backup", "API", "Khác"], "grid_type": "checklist", "criteria_label": "Loại dữ liệu"}	2026-07-13 04:01:13.009605+00	2026-07-13 04:01:13.009628+00	5	110	question
5676	1. Mức độ ưu tiên		f	0	["Quản lý, điều hành", "Khai thác dữ liệu", "Dashboard điều hành", "Báo cáo quản lý", "Kết nối, chia sẻ dữ liệu", "Hỗ trợ ra quyết định"]	{}	{"scale": [{"kind": "radio", "label": "Cao", "value": 1}, {"kind": "radio", "label": "Trung bình", "value": 2}, {"kind": "radio", "label": "Thấp", "value": 3}], "criteria": ["Quản lý, điều hành", "Khai thác dữ liệu", "Dashboard điều hành", "Báo cáo quản lý", "Kết nối, chia sẻ dữ liệu", "Hỗ trợ ra quyết định"], "grid_type": "yesno", "criteria_label": "Nội dung"}	2026-07-13 16:20:48.475432+00	2026-07-13 16:20:48.475453+00	5	41	question
6812	1. HIỆN TRẠNG DỮ LIỆU		f	0	["Quản lý cơ sở dữ liệu", "Chuẩn hóa dữ liệu", "Siêu dữ liệu (Metadata)", "Danh mục dùng chung", "Đồng bộ dữ liệu", "Sao lưu dữ liệu", "Phục hồi dữ liệu", "Kiểm soát chất lượng dữ liệu"]	{}	{"scale": [{"kind": "radio", "label": "Đáp ứng tốt", "value": 1}, {"kind": "radio", "label": "Đáp ứng", "value": 2}, {"kind": "radio", "label": "Chưa đáp ứng", "value": 3}, {"kind": "radio", "label": "Không áp dụng", "value": 4}], "criteria": ["Quản lý cơ sở dữ liệu", "Chuẩn hóa dữ liệu", "Siêu dữ liệu (Metadata)", "Danh mục dùng chung", "Đồng bộ dữ liệu", "Sao lưu dữ liệu", "Phục hồi dữ liệu", "Kiểm soát chất lượng dữ liệu"], "grid_type": "yesno", "criteria_label": "Nội dung"}	2026-07-13 18:58:37.395199+00	2026-07-13 18:58:37.395213+00	5	57	question
6559	2. Yêu cầu nghiệp vụ		t	0	["1", "2", "3", "4", "5", "6", "7", "8", "9", "10", "11", "12", "13"]	{}	{"data": [["1", "Quản lý kế hoạch điều tra xã hội học", "", "", ""], ["2", "Quản lý kế hoạch khảo sát SIPAS", "", "", ""], ["3", "Quản lý danh mục khảo sát", "", "", ""], ["4", "Quản lý bộ câu hỏi khảo sát", "", "", ""], ["5", "Quản lý biểu mẫu khảo sát", "", "", ""], ["6", "Quản lý đối tượng khảo sát", "", "", ""], ["7", "Quản lý danh sách mẫu khảo sát", "", "", ""], ["8", "Quản lý hồ sơ khảo sát", "", "", ""], ["9", "Theo dõi tiến độ khảo sát", "", "", ""], ["10", "Quản lý kết quả khảo sát", "", "", ""], ["11", "Tổng hợp và tính toán chỉ số", "", "", ""], ["12", "Báo cáo thống kê", "", "", ""], ["13", "Bảng điều khiển (Dashboard)", "", "", ""]], "rows": 13, "columns": [{"name": "STT", "type": "text", "options": []}, {"name": "Yêu cầu nghiệp vụ", "type": "text", "options": []}, {"name": "Hiện trạng/Ghi nhận", "type": "radio", "options": ["Đã có và đáp ứng tốt", "Đã có nhưng cần nâng cấp", "Đang thực hiện thủ công", "Đang thực hiện bằng excel", "Chưa có"]}, {"name": "Mức độ cần thiết", "type": "radio", "options": ["Cao", "TB", "Thấp"]}, {"name": "Ghi chú", "type": "text", "options": []}]}	2026-07-13 18:24:58.234611+00	2026-07-13 18:24:58.234621+00	6	191	question
5538	1. Bảng thông tin chung		f	0	["Đơn vị", "Họ và tên", "Chức vụ", "Đơn vị/Bộ phận công tác", "Nhiệm vụ được giao", "Điện thoại", "Email", "Ngày khảo sát"]	{}	{"data": [["Đơn vị", ""], ["Họ và tên", ""], ["Chức vụ", ""], ["Đơn vị/Bộ phận công tác", ""], ["Nhiệm vụ được giao", ""], ["Điện thoại", ""], ["Email", ""], ["Ngày khảo sát", ""]], "rows": 8, "columns": [{"name": "Nội dung", "type": "text", "options": []}, {"name": "Thông tin", "type": "text", "options": []}]}	2026-07-13 10:30:28.640362+00	2026-07-13 10:30:28.640379+00	6	47	question
4995	1. Thông tin chung		f	0	["Dự án", "Đơn vị khảo sát", "Thời gian khảo sát", "Người lập biểu", "Ngày lập"]	{}	{"data": [["Dự án", "Điều tra xã hội học và khảo sát sự hài lòng của người dân, tổ chức đối với sự phục vụ của các cơ quan nhà nước thuộc thành phố Hà Nội"], ["Đơn vị khảo sát", ""], ["Thời gian khảo sát", ""], ["Người lập biểu", ""], ["Ngày lập", ""]], "rows": 5, "columns": [{"name": "Nội dung", "type": "text", "options": []}, {"name": "Thông tin", "type": "text", "options": []}]}	2026-07-11 15:16:04.67009+00	2026-07-11 15:16:04.67011+00	6	178	question
5677	1. Khó khăn, Vướng mắc trong công tác quản lý, điều hành		f	0	[]	{}	{"placeholder": ""}	2026-07-13 16:20:48.855058+00	2026-07-13 16:20:48.855079+00	2	37	question
6813	1. KẾT NỐI VÀ TÍCH HỢP		f	0	["Kết nối LGSP", "Kết nối NGSP", "API/Web Service", "Chia sẻ dữ liệu với đơn vị khác", "Kết nối CSDL quốc gia (nếu có)", "Kết nối nền tảng số dùng chung của Thành phố", "Đồng bộ dữ liệu tự động"]	{}	{"scale": [{"kind": "radio", "label": "Có", "value": 1}, {"kind": "radio", "label": "Không", "value": 2}], "criteria": ["Kết nối LGSP", "Kết nối NGSP", "API/Web Service", "Chia sẻ dữ liệu với đơn vị khác", "Kết nối CSDL quốc gia (nếu có)", "Kết nối nền tảng số dùng chung của Thành phố", "Đồng bộ dữ liệu tự động"], "grid_type": "yesno", "criteria_label": "Nội dung"}	2026-07-13 18:58:37.746248+00	2026-07-13 18:58:37.746277+00	5	58	question
6560	3. Yêu cầu chức năng hệ thống		f	0	[]	{}	{}	2026-07-13 18:24:58.676905+00	2026-07-13 18:24:58.676947+00	9	192	question
5539	Hướng dẫn: Đề nghị Ông/Bà cung cấp thông tin theo đúng thực tế công tác tại đơn vị; các thông tin thu thập chỉ phục vụ việc khảo sát, phân tích nghiệp vụ và lập Báo cáo kinh tế - kỹ thuật của Dự án.		f	0	[]	{}	{}	2026-07-13 10:30:28.720372+00	2026-07-13 10:30:28.720389+00	9	47	question
2444	3. Mức độ sẵn sàng triển khai hệ thống		f	0	["Đáp ứng tốt", "Đáp ứng", "Cần nâng cấp", "Cần đầu tư mới"]	{}	{"options": ["Đáp ứng tốt", "Đáp ứng", "Cần nâng cấp", "Cần đầu tư mới"]}	2026-07-09 07:03:44.596+00	2026-07-09 07:03:44.596+00	3	76	question
5678	1. Kiến nghị, đề xuất đối với hệ thống		f	0	[]	{}	{"placeholder": ""}	2026-07-13 16:20:49.211862+00	2026-07-13 16:20:49.211883+00	2	38	question
6814	1. QUẢN LÝ NGƯỜI DÙNG		f	0	["Quản lý tài khoản", "Phân quyền", "Nhóm quyền", "Đăng nhập một lần (SSO)", "Xác thực đa yếu tố (MFA)", "Chữ ký số"]	{}	{"scale": [{"kind": "radio", "label": "Có", "value": 1}, {"kind": "radio", "label": "Không", "value": 2}], "criteria": ["Quản lý tài khoản", "Phân quyền", "Nhóm quyền", "Đăng nhập một lần (SSO)", "Xác thực đa yếu tố (MFA)", "Chữ ký số"], "grid_type": "yesno", "criteria_label": "Nội dung"}	2026-07-13 18:58:38.055832+00	2026-07-13 18:58:38.055846+00	5	59	question
5540	1. Công tác lập kế hoạch khảo sát		t	0	["Lập kế hoạch điều tra xã hội học và khảo sát SIPAS", "Xác định đối tượng khảo sát", "Xây dựng lịch khảo sát", "Theo dõi tiến độ thực hiện khảo sát", "Phối hợp với các đơn vị trong quá trình khảo sát"]	{}	{"scale": [{"kind": "radio", "label": "Đáp ứng tốt", "value": 1}, {"kind": "radio", "label": "Đáp ứng", "value": 2}, {"kind": "radio", "label": "Chưa đáp ứng", "value": 3}, {"kind": "radio", "label": "Không áp dụng", "value": 4}], "criteria": ["Lập kế hoạch điều tra xã hội học và khảo sát SIPAS", "Xác định đối tượng khảo sát", "Xây dựng lịch khảo sát", "Theo dõi tiến độ thực hiện khảo sát", "Phối hợp với các đơn vị trong quá trình khảo sát"], "grid_type": "yesno", "criteria_label": "Nội dung"}	2026-07-13 10:30:29.276019+00	2026-07-13 10:30:29.276035+00	5	48	question
6561	Bảng dữ liệu:	Đánh dấu vào các chức năng cần triển khai	t	1	["1", "2", "3", "4", "5", "6", "7", "8", "9", "10", "11", "12", "13", "14", "15", "16", "17", "18", "19", "20", "21", "22", "23", "24", "25", "26"]	{}	{"data": [["1", "Quản lý người sử dụng", "", "", ""], ["2", "Quản lý phân quyền", "", "", ""], ["3", "Quản lý kế hoạch khảo sát", "", "", ""], ["4", "Quản lý danh mục khảo sát", "", "", ""], ["5", "Quản lý bộ câu hỏi", "", "", ""], ["6", "Quản lý biểu mẫu", "", "", ""], ["7", "Quản lý đối tượng khảo sát", "", "", ""], ["8", "Quản lý danh sách mẫu khảo sát", "", "", ""], ["9", "Thu thập khảo sát trực tuyến", "", "", ""], ["10", "Thu thập khảo sát trên thiết bị di động", "", "", ""], ["11", "Kiểm tra dữ liệu", "", "", ""], ["12", "Làm sạch dữ liệu", "", "", ""], ["13", "Tổng hợp kết quả", "", "", ""], ["14", "Phân tích dữ liệu", "", "", ""], ["15", "Quản lý báo cáo", "", "", ""], ["16", "Dashboard điều hành", "", "", ""], ["17", "Quản lý hồ sơ khảo sát", "", "", ""], ["18", "Quản lý tài liệu khảo sát", "", "", ""], ["19", "Quản lý danh mục dùng chung", "", "", ""], ["20", "Theo dõi tiến độ khảo sát", "", "", ""], ["21", "Quản lý nhật ký", "", "", ""], ["22", "Quản lý cấu hình", "", "", ""], ["23", "Quản lý tham số hệ thống", "", "", ""], ["24", "Quản lý thông báo và nhắc việc", "", "", ""], ["25", "Quản lý thông báo hệ thống", "", "", ""], ["26", "Quản lý danh mục địa bàn, đơn vị hành chính", "", "", ""]], "rows": 26, "columns": [{"name": "STT", "type": "text", "options": []}, {"name": "Chức năng", "type": "text", "options": []}, {"name": "Cần", "type": "checkbox", "options": [" Cần"]}, {"name": "Không cần", "type": "checkbox", "options": ["Không cần"]}, {"name": "Ưu tiên", "type": "radio", "options": ["Cao", "TB", "Thấp"]}]}	2026-07-13 18:24:58.77421+00	2026-07-13 18:24:58.774231+00	6	192	question
6815	1. AN TOÀN THÔNG TIN		f	0	["Tường lửa (Firewall)", "Phần mềm phòng chống mã độc (Antivirus)", "Hệ thống phát hiện/phòng chống xâm nhập (IDS/IPS)", "Mã hóa dữ liệu", "Sao lưu định kỳ", "Khôi phục sau thảm họa (Disaster Recovery)", "Nhật ký hệ thống", "Nhật ký kiểm tra (Audit Log)", "Giám sát truy cập", "Kiểm thử ATTT", "Phân loại dữ liệu"]	{}	{"scale": [{"kind": "radio", "label": "Có", "value": 1}, {"kind": "radio", "label": "Không", "value": 2}], "criteria": ["Tường lửa (Firewall)", "Phần mềm phòng chống mã độc (Antivirus)", "Hệ thống phát hiện/phòng chống xâm nhập (IDS/IPS)", "Mã hóa dữ liệu", "Sao lưu định kỳ", "Khôi phục sau thảm họa (Disaster Recovery)", "Nhật ký hệ thống", "Nhật ký kiểm tra (Audit Log)", "Giám sát truy cập", "Kiểm thử ATTT", "Phân loại dữ liệu"], "grid_type": "yesno", "criteria_label": "Nội dung"}	2026-07-13 18:58:38.412432+00	2026-07-13 18:58:38.412451+00	5	60	question
6562	1. Yêu cầu về dữ liệu		f	0	["1", "2", "3", "4", "5", "6", "7", "8", "9"]	{}	{"data": [["1", "Quản lý CSDL khảo sát", "", ""], ["2", "Chuẩn hóa dữ liệu", "", ""], ["3", "Danh mục dùng chung", "", ""], ["4", "Quản lý siêu dữ liệu (Metadata)", "", ""], ["5", "Đồng bộ dữ liệu", "", ""], ["6", "Lưu trữ dữ liệu lịch sử", "", ""], ["7", "Làm sạch dữ liệu", "", ""], ["8", "Kho dữ liệu khảo sát", "", ""], ["9", "Tra cứu dữ liệu", "", ""]], "rows": 9, "columns": [{"name": "STT", "type": "text", "options": []}, {"name": "Nội dung", "type": "text", "options": []}, {"name": "Cần", "type": "text", "options": []}, {"name": "Không cần", "type": "text", "options": []}]}	2026-07-13 18:24:59.125362+00	2026-07-13 18:24:59.125384+00	6	193	question
2445	4. Khả năng kế thừa		f	0	["Có thể kế thừa phần lớn", "Kế thừa một phần", "Phải xây dựng mới"]	{}	{"options": ["Có thể kế thừa phần lớn", "Kế thừa một phần", "Phải xây dựng mới"]}	2026-07-09 07:03:44.615+00	2026-07-09 07:03:44.615+00	4	76	question
6816	1. QUẢN TRỊ VẬN HÀNH		f	0	["Quy trình vận hành", "Quy trình bảo trì", "Quy trình sao lưu", "Quy trình khôi phục", "Giám sát hệ thống", "Cảnh báo sự cố", "Hệ thống tiếp nhận hỗ trợ (Helpdesk)", "Cam kết mức dịch vụ (SLA)", "Quản lý phiên bản phần mềm"]	{}	{"scale": [{"kind": "radio", "label": "Có", "value": 1}, {"kind": "radio", "label": "Không", "value": 2}], "criteria": ["Quy trình vận hành", "Quy trình bảo trì", "Quy trình sao lưu", "Quy trình khôi phục", "Giám sát hệ thống", "Cảnh báo sự cố", "Hệ thống tiếp nhận hỗ trợ (Helpdesk)", "Cam kết mức dịch vụ (SLA)", "Quản lý phiên bản phần mềm"], "grid_type": "yesno", "criteria_label": "Nội dung"}	2026-07-13 18:58:38.782839+00	2026-07-13 18:58:38.782861+00	5	61	question
2434	BM-07. BẢNG TỔNG HỢP KẾT QUẢ KHẢO SÁT ĐƠN VỊ		f	0	[]	{}	{}	2026-07-09 07:03:43.948+00	2026-07-09 07:03:43.948+00	8	70	question
2435	1. Thông tin chung		f	0	[]	{}	{"data": [["Đơn vị được khảo sát", ""], ["Địa chỉ", ""], ["Người làm việc chính", ""], ["Chức vụ", ""], ["Ngày khảo sát", ""], ["Thành phần làm việc", ""], ["Người lập", ""]], "rows": 7, "columns": [{"name": "Nội dung", "type": "text", "options": []}, {"name": "Thông tin", "type": "text", "options": []}]}	2026-07-09 07:03:43.967+00	2026-07-09 07:03:43.967+00	6	70	question
2436	1. Kết quả khảo sát hiện trạng nghiệp vụ	(Thang đánh giá: Đáp ứng / Đáp ứng một phần / Chưa đáp ứng.)	f	0	[]	{}	{"data": [["1", "Công tác điều tra xã hội học", "", "", ""], ["2", "Công tác khảo sát SIPAS", "", "", ""], ["3", "Yêu cầu tích hợp DDCI", "", "", ""], ["4", "Quản lý kế hoạch khảo sát", "", "", ""], ["5", "Quản lý bộ câu hỏi", "", "", ""], ["6", "Thu thập thông tin khảo sát", "", "", ""], ["7", "Quản lý dữ liệu khảo sát", "", "", ""], ["8", "Tổng hợp, phân tích kết quả", "", "", ""], ["9", "Báo cáo, thống kê", "", "", ""]], "rows": 9, "columns": [{"name": "STT", "type": "text", "options": []}, {"name": "Nội dung khảo sát", "type": "text", "options": []}, {"name": "Hiện trạng ghi nhận", "type": "text", "options": []}, {"name": "Đánh giá", "type": "text", "options": []}, {"name": "Nhận xét", "type": "text", "options": []}]}	2026-07-09 07:03:44.046+00	2026-07-09 07:03:44.046+00	6	71	question
2437	1. Kết quả khảo sát hiện trạng cntt		f	0	[]	{}	{"data": [["1", "Hạ tầng CNTT", "", "", ""], ["2", "Hệ thống phần mềm", "", "", ""], ["3", "Cơ sở dữ liệu", "", "", ""], ["4", "Kết nối chia sẻ dữ liệu", "", "", ""], ["5", "An toàn thông tin", "", "", ""], ["6", "Quản trị vận hành", "", "", ""], ["7", "Hồ sơ kỹ thuật", "", "", ""], ["8", "Khả năng mở rộng hệ thống", "", "", ""]], "rows": 8, "columns": [{"name": "STT", "type": "text", "options": []}, {"name": "Nội dung", "type": "text", "options": []}, {"name": "Hiện trạng", "type": "text", "options": []}, {"name": "Đánh giá", "type": "text", "options": []}, {"name": "Nhận xét", "type": "text", "options": []}]}	2026-07-09 07:03:44.13+00	2026-07-09 07:03:44.13+00	6	72	question
2438	1. Khó khăn, vướng mắc		f	0	[]	{}	{"data": [["1", "", ""], ["2", "", ""], ["3", "", ""], ["4", "", ""], ["5", "", ""]], "rows": 5, "columns": [{"name": "STT", "type": "text", "options": []}, {"name": "Khó khăn", "type": "text", "options": []}, {"name": "Mức độ ảnh hưởng", "type": "text", "options": []}]}	2026-07-09 07:03:44.203+00	2026-07-09 07:03:44.203+00	6	73	question
2439	1. Nhu cầu nghiệp vụ	(Cao/Trung bình/Thấp)	f	0	[]	{}	{"data": [["1", "", "", ""], ["2", "", "", ""], ["3", "", "", ""], ["4", "", "", ""]], "rows": 4, "columns": [{"name": "STT", "type": "text", "options": []}, {"name": "Nội dung", "type": "text", "options": []}, {"name": "Mức độ ưu tiên", "type": "text", "options": []}, {"name": "Giải pháp đề xuất", "type": "text", "options": []}]}	2026-07-09 07:03:44.273+00	2026-07-09 07:03:44.273+00	6	74	question
2440	2. Nhu cầu CNTT		f	0	[]	{}	{"data": [["1", "", "", ""], ["2", "", "", ""], ["3", "", "", ""], ["4", "", "", ""]], "rows": 4, "columns": [{"name": "STT", "type": "text", "options": []}, {"name": "Nội dung", "type": "text", "options": []}, {"name": "Mức độ ưu tiên", "type": "text", "options": []}, {"name": "Giải pháp đề xuất", "type": "text", "options": []}]}	2026-07-09 07:03:44.375+00	2026-07-09 07:03:44.375+00	6	75	question
2441	1. Yêu cầu đề xuất đối với hệ thống		f	0	[]	{}	{"scale": [{"kind": "radio", "label": "Cần", "value": 1}, {"kind": "radio", "label": "Không cần", "value": 2}, {"kind": "radio", "label": "Mức độ Ưu tiên", "value": 3}], "criteria": ["Quản lý kế hoạch khảo sát", "Quản lý bộ câu hỏi", "Quản lý đối tượng khảo sát", "Thu thập dữ liệu trực tuyến", "Thu thập trên thiết bị di động", "Quản lý dữ liệu khảo sát", "Dashboard điều hành", "Báo cáo thống kê", "Phân tích dữ liệu", "Kết nối LGSP", "Tích hợp DDCI", "Phân quyền", "An toàn thông tin"], "grid_type": "yesno", "criteria_label": "Chức năng"}	2026-07-09 07:03:44.396+00	2026-07-09 07:03:44.396+00	5	75	question
2442	1. Đánh giá hiện trạng nghiệp vụ		f	0	[]	{}	{"placeholder": ""}	2026-07-09 07:03:44.552+00	2026-07-09 07:03:44.552+00	2	76	question
2443	2. Đánh giá hiện trạng CNTT		f	0	[]	{}	{"placeholder": ""}	2026-07-09 07:03:44.574+00	2026-07-09 07:03:44.574+00	2	76	question
2447	Đơn vị đã cung cấp các thông tin, tài liệu phục vụ công tác khảo sát theo phạm vi thực tế; kết quả khảo sát là cơ sở để phân tích hiện trạng (AS-IS), xác định yêu cầu nghiệp vụ, yêu cầu kỹ thuật và đề xuất phương án xây dựng Hệ thống điều tra xã hội học và khảo sát sự hài lòng của người dân, tổ chức đối với sự phục vụ của các cơ quan nhà nước thuộc thành phố Hà Nội trong Báo cáo kinh tế - kỹ thuật.		f	0	[]	{}	{}	2026-07-09 07:03:44.771+00	2026-07-09 07:03:44.771+00	9	77	question
2448	Kết quả khảo sát là cơ sở để thực hiện các nội dung sau:		f	0	[]	{}	{}	2026-07-09 07:03:44.796+00	2026-07-09 07:03:44.796+00	9	77	question
2449	• Xây dựng mô hình AS-IS;\n• Đề xuất mô hình TO-BE;\n• Xác định yêu cầu nghiệp vụ;\n• Xác định yêu cầu kỹ thuật;\n• Xác định phạm vi đầu tư của dự án.		f	0	[]	{}	{}	2026-07-09 07:03:44.823+00	2026-07-09 07:03:44.823+00	9	77	question
5078	1. Kết quả tiếp nhận tài liệu		f	0	["1", "2", "3", "4", "5", "6"]	{}	{"data": [["1", "Tổng số đầu mục tài liệu đã tiếp nhận", ""], ["2", "Tài liệu bản giấy", ""], ["3", "Tài liệu điện tử", ""], ["4", "Dữ liệu điện tử bàn giao", ""], ["5", "Danh mục tài liệu cần bổ sung", ""], ["6", "Thời gian dự kiến bổ sung tài liệu", ""]], "rows": 6, "columns": [{"name": "STT", "type": "text", "options": []}, {"name": "Nội dung", "type": "text", "options": []}, {"name": "Kết quả", "type": "radio", "options": ["Có", "Không"]}]}	2026-07-13 04:01:13.38558+00	2026-07-13 04:01:13.385597+00	6	113	question
6817	1. HỒ SƠ KỸ THUẬT		f	0	["Hồ sơ thiết kế", "Tài liệu thiết kế cơ sở dữ liệu", "Tài liệu vận hành hệ thống", "Hồ sơ hướng dẫn sử dụng", "Tài liệu kỹ thuật phần mềm", "Hồ sơ nghiệm thu, bàn giao"]	{}	{"scale": [{"kind": "radio", "label": "Có", "value": 1}, {"kind": "radio", "label": "Không", "value": 2}], "criteria": ["Hồ sơ thiết kế", "Tài liệu thiết kế cơ sở dữ liệu", "Tài liệu vận hành hệ thống", "Hồ sơ hướng dẫn sử dụng", "Tài liệu kỹ thuật phần mềm", "Hồ sơ nghiệm thu, bàn giao"], "grid_type": "yesno", "criteria_label": "Nội dung"}	2026-07-13 18:58:39.15794+00	2026-07-13 18:58:39.157965+00	5	62	question
6563	1. Yêu cầu kết nối, chia sẻ dữ liệu		t	0	["Kết nối LGSP", "Kết nối NGSP", "API/Web Service", "Kết nối CSDL dùng chung Thành phố", "Kết nối các CSDL quốc gia (nếu có nhu cầu)", "Tích hợp kết quả khảo sát DDCI", "Đồng bộ dữ liệu tự động", "Kết nối Hệ thống quản lý văn bản", "Kết nối Một cửa điện tử", "Kết nối hệ thống định danh và xác thực tập trung (nếu có)", "Kết nối Hệ thống thông tin báo cáo của Thành phố (nếu có)"]	{}	{"scale": [{"kind": "radio", "label": "Cần", "value": 1}, {"kind": "radio", "label": "Không cần", "value": 2}, {"kind": "text", "label": "Ghi chú", "value": 3}], "criteria": ["Kết nối LGSP", "Kết nối NGSP", "API/Web Service", "Kết nối CSDL dùng chung Thành phố", "Kết nối các CSDL quốc gia (nếu có nhu cầu)", "Tích hợp kết quả khảo sát DDCI", "Đồng bộ dữ liệu tự động", "Kết nối Hệ thống quản lý văn bản", "Kết nối Một cửa điện tử", "Kết nối hệ thống định danh và xác thực tập trung (nếu có)", "Kết nối Hệ thống thông tin báo cáo của Thành phố (nếu có)"], "grid_type": "yesno", "criteria_label": "Yêu cầu"}	2026-07-13 18:24:59.480642+00	2026-07-13 18:24:59.480663+00	5	194	question
5541	2. Quản lý bộ câu hỏi và biểu mẫu		t	0	["Quản lý bộ câu hỏi khảo sát", "Quản lý biểu mẫu khảo sát", "Cập nhật bộ câu hỏi và biểu mẫu khảo sát", "Quản lý danh mục dùng chung"]	{}	{"scale": [{"kind": "radio", "label": "Đáp ứng tốt", "value": 1}, {"kind": "radio", "label": "Đáp ứng", "value": 2}, {"kind": "radio", "label": "Chưa đáp ứng", "value": 3}, {"kind": "radio", "label": "Không áp dụng", "value": 4}], "criteria": ["Quản lý bộ câu hỏi khảo sát", "Quản lý biểu mẫu khảo sát", "Cập nhật bộ câu hỏi và biểu mẫu khảo sát", "Quản lý danh mục dùng chung"], "grid_type": "yesno", "criteria_label": "Nội dung"}	2026-07-13 10:30:29.355233+00	2026-07-13 10:30:29.355265+00	5	48	question
4996	1. Tổng hợp các yêu cầu nghiệp vụ		t	0	["1", "2", "3", "4", "5", "6", "7", "8", "9", "10", "11", "12", "13"]	{}	{"data": [["1", "Quản lý kế hoạch khảo sát", "BM04/BM05", "", ""], ["2", "Quản lý bộ câu hỏi", "BM04/BM05", "", ""], ["3", "Quản lý đối tượng khảo sát", "BM05", "", ""], ["4", "Thu thập dữ liệu khảo sát", "BM05", "", ""], ["5", "Quản lý dữ liệu khảo sát", "BM05/BM06", "", ""], ["6", "Tổng hợp, phân tích dữ liệu", "BM05/BM09", "", ""], ["7", "Dashboard điều hành", "BM04/BM06", "", ""], ["8", "Quản lý hồ sơ minh chứng", "BM05/BM08/BM09", "", ""], ["9", "Quản lý tài liệu khảo sát", "BM05/BM08/BM09", "", ""], ["10", "Thông báo và nhắc việc", "BM04/BM05/BM09", "", ""], ["11", "Quản lý báo cáo kết quả khảo sát", "BM04/BM05", "", ""], ["12", "Kết nối chia sẻ dữ liệu", "BM06/BM09", "", ""], ["13", "Quản trị hệ thống", "BM06", "", ""]], "rows": 13, "columns": [{"name": "STT", "type": "text", "options": []}, {"name": "Yêu cầu nghiệp vụ", "type": "text", "options": []}, {"name": "Nguồn yêu cầu", "type": "text", "options": []}, {"name": "Mức độ ưu tiên", "type": "radio", "options": ["Cao", "TB", "Thấp"]}, {"name": "Đề xuất xử lý", "type": "text", "options": []}]}	2026-07-11 15:16:05.052736+00	2026-07-11 15:16:05.052756+00	6	179	question
6818	1. NHU CẦU KỸ THUẬT		f	0	["Quản lý người dùng", "Phân quyền", "Cung cấp API phục vụ tích hợp", "Tích hợp LGSP", "Tích hợp NGSP", "Quản lý dữ liệu tập trung", "Quản lý siêu dữ liệu", "Kho dữ liệu", "Dashboard phục vụ điều hành", "Báo cáo phân tích (BI)", "Sao lưu", "Disaster Recovery", "Giám sát hệ thống", "Nhật ký", "Theo dõi nhật ký kiểm tra", "Mở rộng hệ thống", "Kho dữ liệu dùng chung", "Tra cứu dữ liệu", "Kết nối, khai thác API của hệ thống khác"]	{}	{"scale": [{"kind": "radio", "label": "Cần", "value": 1}, {"kind": "radio", "label": "Không cần", "value": 2}, {"kind": "radio", "label": "Không có ý kiến", "value": 3}], "criteria": ["Quản lý người dùng", "Phân quyền", "Cung cấp API phục vụ tích hợp", "Tích hợp LGSP", "Tích hợp NGSP", "Quản lý dữ liệu tập trung", "Quản lý siêu dữ liệu", "Kho dữ liệu", "Dashboard phục vụ điều hành", "Báo cáo phân tích (BI)", "Sao lưu", "Disaster Recovery", "Giám sát hệ thống", "Nhật ký", "Theo dõi nhật ký kiểm tra", "Mở rộng hệ thống", "Kho dữ liệu dùng chung", "Tra cứu dữ liệu", "Kết nối, khai thác API của hệ thống khác"], "grid_type": "yesno", "criteria_label": "Chức năng"}	2026-07-13 18:58:39.523668+00	2026-07-13 18:58:39.523688+00	5	63	question
6564	1. Yêu cầu về báo cáo, thống kê		t	0	["Báo cáo tổng hợp khảo sát", "Báo cáo theo đơn vị", "Báo cáo theo địa bàn", "Báo cáo theo thời gian", "Báo cáo so sánh nhiều năm", "Dashboard tổng hợp", "Dashboard chi tiết", "Dashboard điều hành", "Biểu đồ trực quan", "Xuất Excel/PDF/Word", "Xuất dữ liệu mở"]	{}	{"scale": [{"kind": "radio", "label": "Cần", "value": 1}, {"kind": "radio", "label": "Không cần", "value": 2}], "criteria": ["Báo cáo tổng hợp khảo sát", "Báo cáo theo đơn vị", "Báo cáo theo địa bàn", "Báo cáo theo thời gian", "Báo cáo so sánh nhiều năm", "Dashboard tổng hợp", "Dashboard chi tiết", "Dashboard điều hành", "Biểu đồ trực quan", "Xuất Excel/PDF/Word", "Xuất dữ liệu mở"], "grid_type": "yesno", "criteria_label": "Báo cáo"}	2026-07-13 18:24:59.840327+00	2026-07-13 18:24:59.840347+00	5	195	question
5542	3. Thu thập và quản lý dữ liệu khảo sát		t	0	["Thu thập thông tin khảo sát", "Kiểm tra, làm sạch và chuẩn hóa dữ liệu", "Quản lý dữ liệu khảo sát"]	{}	{"scale": [{"kind": "radio", "label": "Đáp ứng tốt", "value": 1}, {"kind": "radio", "label": "Đáp ứng", "value": 2}, {"kind": "radio", "label": "Chưa đáp ứng", "value": 3}, {"kind": "radio", "label": "Không áp dụng", "value": 4}], "criteria": ["Thu thập thông tin khảo sát", "Kiểm tra, làm sạch và chuẩn hóa dữ liệu", "Quản lý dữ liệu khảo sát"], "grid_type": "yesno", "criteria_label": "Nội dung"}	2026-07-13 10:30:29.436741+00	2026-07-13 10:30:29.436762+00	5	48	question
4997	1. Tổng hợp yêu cầu chức năng		t	0	["1", "2", "3", "4", "5", "6", "7", "8", "9", "10", "11", "12", "13", "14", "15", "16", "17", "18", "19", "20", "21"]	{}	{"data": [["1", "Quản lý người sử dụng", "", "", ""], ["2", "Quản lý phân quyền", "", "", ""], ["3", "Quản lý kế hoạch khảo sát", "", "", ""], ["4", "Quản lý danh mục khảo sát", "", "", ""], ["5", "Quản lý bộ câu hỏi", "", "", ""], ["6", "Quản lý biểu mẫu", "", "", ""], ["7", "Thu thập khảo sát trực tuyến", "", "", ""], ["8", "Thu thập trên thiết bị di động", "", "", ""], ["9", "Theo dõi tiến độ khảo sát", "", "", ""], ["10", "Quản lý kết quả khảo sát", "", "", ""], ["11", "Dashboard điều hành", "", "", ""], ["12", "Báo cáo thống kê", "", "", ""], ["13", "Quản lý hồ sơ minh chứng", "", "", ""], ["14", "Quản lý tài liệu khảo sát", "", "", ""], ["15", "Thông báo, nhắc việc", "", "", ""], ["16", "Tra cứu dữ liệu", "", "", ""], ["17", "Quản trị danh mục dùng chung", "", "", ""], ["18", "Quản trị cấu hình", "", "", ""], ["19", "Quản trị nhật ký hệ thống", "", "", ""], ["20", "Quản trị sao lưu và phục hồi", "", "", ""], ["21", "Quản lý tích hợp hệ thống", "", "", ""]], "rows": 21, "columns": [{"name": "STT", "type": "text", "options": []}, {"name": "Chức năng", "type": "text", "options": []}, {"name": "Có yêu cầu", "type": "radio", "options": ["Có"]}, {"name": "Mức độ ưu tiên", "type": "radio", "options": ["Cao", "TB", "Thấp"]}, {"name": "Ghi chú", "type": "text", "options": []}]}	2026-07-11 15:16:05.465749+00	2026-07-11 15:16:05.465768+00	6	180	question
5307	BM-03. BIÊN BẢN LÀM VIỆC KHẢO SÁT		f	0	[]	{}	{}	2026-07-13 04:06:47.144281+00	2026-07-13 04:06:47.1443+00	8	184	question
5057	BM-01: Kế hoạch khảo sát chi tiết		f	0	[]	{}	{}	2026-07-13 03:59:57.353723+00	2026-07-13 03:59:57.353744+00	8	182	question
6819	1. NHU CẦU ĐẦU TƯ		f	0	["Đầu tư mới", "Nâng cấp", "Mở rộng", "Thuê Cloud", "Thuê hạ tầng", "Thuê phần mềm", "Thuê dịch vụ CNTT", "Thuê vận hành", "Thuê bảo trì"]	{}	{"scale": [{"kind": "radio", "label": "Cần", "value": 1}, {"kind": "radio", "label": "Không cần", "value": 2}], "criteria": ["Đầu tư mới", "Nâng cấp", "Mở rộng", "Thuê Cloud", "Thuê hạ tầng", "Thuê phần mềm", "Thuê dịch vụ CNTT", "Thuê vận hành", "Thuê bảo trì"], "grid_type": "yesno", "criteria_label": "Nội dung"}	2026-07-13 18:58:40.001966+00	2026-07-13 18:58:40.001986+00	5	64	question
6565	1. Yêu cầu phi chức năng		t	0	["Hiệu năng hệ thống", "Khả năng mở rộng", "Tính sẵn sàng", "An toàn thông tin", "Sao lưu và phục hồi dữ liệu", "Khả năng tích hợp", "Khả năng khai thác trên thiết bị di động", "Khả năng sử dụng", "Khả năng bảo trì", "Khả năng nâng cấp", "Khả năng mở rộng tích hợp", "Khả năng truy cập đa nền tảng(Web/Mobile/Tablet)", "Tính thân thiện giao diện"]	{}	{"data": [["Hiệu năng hệ thống", ""], ["Khả năng mở rộng", ""], ["Tính sẵn sàng", ""], ["An toàn thông tin", ""], ["Sao lưu và phục hồi dữ liệu", ""], ["Khả năng tích hợp", ""], ["Khả năng khai thác trên thiết bị di động", ""], ["Khả năng sử dụng", ""], ["Khả năng bảo trì", ""], ["Khả năng nâng cấp", ""], ["Khả năng mở rộng tích hợp", ""], ["Khả năng truy cập đa nền tảng(Web/Mobile/Tablet)", ""], ["Tính thân thiện giao diện", ""]], "rows": 13, "columns": [{"name": "Nội dung", "type": "text", "options": []}, {"name": "Mức độ ưu tiên", "type": "checkbox", "options": ["Cao", "TB", "Thấp"]}]}	2026-07-13 18:25:00.543029+00	2026-07-13 18:25:00.543049+00	6	196	question
5543	4. Tổng hợp và công bố kết quả		t	0	["Tổng hợp kết quả khảo sát", "Phân tích dữ liệu khảo sát", "Tính toán và tổng hợp các chỉ số đánh giá", "Lập báo cáo kết quả khảo sát"]	{}	{"scale": [{"kind": "radio", "label": "Đáp ứng tốt", "value": 1}, {"kind": "radio", "label": "Đáp ứng", "value": 2}, {"kind": "radio", "label": "Chưa đáp ứng", "value": 3}, {"kind": "radio", "label": "Không áp dụng", "value": 4}], "criteria": ["Tổng hợp kết quả khảo sát", "Phân tích dữ liệu khảo sát", "Tính toán và tổng hợp các chỉ số đánh giá", "Lập báo cáo kết quả khảo sát"], "grid_type": "yesno", "criteria_label": "Nội dung"}	2026-07-13 10:30:29.52218+00	2026-07-13 10:30:29.522196+00	5	48	question
4998	1. Tổng hợp yêu cầu dữ liệu		t	0	["1", "2", "3", "4", "5", "6", "7", "8", "9"]	{}	{"data": [["1", "CSDL khảo sát", "", ""], ["2", "Chuẩn hóa dữ liệu", "", ""], ["3", "Metadata", "", ""], ["4", "Kho dữ liệu", "", ""], ["5", "Đồng bộ dữ liệu", "", ""], ["6", "Lưu trữ lịch sử", "", ""], ["7", "Tra cứu dữ liệu", "", ""], ["8", "Làm sạch dữ liệu", "", ""], ["9", "Chuẩn hóa mã định danh và danh mục dùng chung", "", ""]], "rows": 9, "columns": [{"name": "STT", "type": "text", "options": []}, {"name": "Nội dung", "type": "text", "options": []}, {"name": "Hiện trạng", "type": "text", "options": []}, {"name": "Đề xuất", "type": "text", "options": []}]}	2026-07-11 15:16:05.844863+00	2026-07-11 15:16:05.844913+00	6	181	question
5308	1. Thông tin chung		f	0	["Đơn vị được khảo sát", "Địa điểm khảo sát", "Thời gian(Từ .... giờ .... đến .... giờ ...., ngày ..... tháng ..... năm .....)", "Nội dung làm việc", "Hình thức khảo sát ( Trực tiếp      Trực tuyến)"]	{}	{"data": [["Đơn vị được khảo sát", ""], ["Địa điểm khảo sát", ""], ["Thời gian(Từ .... giờ .... đến .... giờ ...., ngày ..... tháng ..... năm .....)", ""], ["Nội dung làm việc", "Khảo sát, thu thập thông tin, tài liệu và yêu cầu nghiệp vụ phục vụ lập Báo cáo kinh tế - kỹ thuật Dự án Điều tra xã hội học và khảo sát sự hài lòng của người dân, tổ chức đối với sự phục vụ của các cơ quan nhà nước thuộc thành phố Hà Nội"], ["Hình thức khảo sát ( Trực tiếp      Trực tuyến)", ""]], "rows": 5, "columns": [{"name": "Nội dung", "type": "text", "options": []}, {"name": "Thông tin", "type": "text", "options": []}]}	2026-07-13 04:06:47.285372+00	2026-07-13 04:06:47.2854+00	6	184	question
5058	Kế hoạch khảo sát chi tiết		f	0	["I", "II"]	{}	{"data": [["I", "Khối các đơn vị Sở, ban, ngành", ""], ["II", "Khối UBND xã, phường", ""]], "rows": 2, "columns": [{"name": "STT", "type": "text", "options": []}, {"name": "Tên đơn vị", "type": "text", "options": []}, {"name": "Thời gian khảo sát", "type": "text", "options": []}]}	2026-07-13 03:59:57.452167+00	2026-07-13 03:59:57.45219+00	6	182	question
6820	1. MỨC ĐỘ ƯU TIÊN		f	0	["Hạ tầng", "Kiến trúc", "Dữ liệu", "Phần mềm", "Tích hợp", "An toàn thông tin", "Dashboard", "Quản trị", "Vận hành", "Mở rộng", "Báo cáo"]	{}	{"scale": [{"kind": "radio", "label": "Cao", "value": 1}, {"kind": "radio", "label": "Trung bình", "value": 2}, {"kind": "radio", "label": "Thấp", "value": 3}], "criteria": ["Hạ tầng", "Kiến trúc", "Dữ liệu", "Phần mềm", "Tích hợp", "An toàn thông tin", "Dashboard", "Quản trị", "Vận hành", "Mở rộng", "Báo cáo"], "grid_type": "yesno", "criteria_label": "Nội dung"}	2026-07-13 18:58:40.383499+00	2026-07-13 18:58:40.383522+00	5	65	question
6566	VIII. ĐÁNH GIÁ VÀ KIẾN NGHỊ		f	1	[]	{}	{}	2026-07-13 18:25:00.636626+00	2026-07-13 18:25:00.636646+00	8	196	question
5544	1. HIỆN TRẠNG ỨNG DỤNG CÔNG NGHỆ THÔNG TIN TRONG NGHIỆP VỤ		t	0	["Sử dụng phần mềm hỗ trợ khảo sát", "Sử dụng biểu mẫu điện tử", "Quản lý dữ liệu trên hệ thống", "Khai thác báo cáo từ hệ thống", "Chia sẻ dữ liệu với đơn vị khác", "Khai thác Dashboard và báo cáo trực quan"]	{}	{"scale": [{"kind": "radio", "label": "Có", "value": 1}, {"kind": "radio", "label": "Chưa", "value": 2}, {"kind": "text", "label": "Ghi chú", "value": 3}], "criteria": ["Sử dụng phần mềm hỗ trợ khảo sát", "Sử dụng biểu mẫu điện tử", "Quản lý dữ liệu trên hệ thống", "Khai thác báo cáo từ hệ thống", "Chia sẻ dữ liệu với đơn vị khác", "Khai thác Dashboard và báo cáo trực quan"], "grid_type": "yesno", "criteria_label": "Nội dung"}	2026-07-13 10:30:29.859997+00	2026-07-13 10:30:29.860019+00	5	49	question
4999	1. Tổng hợp yêu cầu kết nối		t	0	["Nền tảng tích hợp chia sẻ dữ liệu cấp tỉnh (LGSP)", "NGSP", "API/Web Service", "CSDL dùng chung Thành phố", "Một cửa điện tử", "Quản lý văn bản", "Hệ thống báo cáo", "Hệ thống định danh và xác thực tập trung (SSO)"]	{}	{"scale": [{"kind": "radio", "label": "Có nhu cầu", "value": 1}, {"kind": "text", "label": "Ghi chú", "value": 2}], "criteria": ["Nền tảng tích hợp chia sẻ dữ liệu cấp tỉnh (LGSP)", "NGSP", "API/Web Service", "CSDL dùng chung Thành phố", "Một cửa điện tử", "Quản lý văn bản", "Hệ thống báo cáo", "Hệ thống định danh và xác thực tập trung (SSO)"], "grid_type": "checklist", "criteria_label": "Hệ thống"}	2026-07-11 15:16:06.215848+00	2026-07-11 15:16:06.215867+00	5	171	question
5309	1. Đại diện đơn vị được khảo sát		f	0	["1", "2", "3", "4"]	{}	{"data": [["1", "", ""], ["2", "", ""], ["3", "", ""], ["4", "", ""]], "rows": 4, "columns": [{"name": "STT", "type": "text", "options": []}, {"name": "Họ và tên", "type": "text", "options": []}, {"name": "Chức vụ", "type": "text", "options": []}]}	2026-07-13 04:06:47.755606+00	2026-07-13 04:06:47.755626+00	6	185	question
6821	1. Theo Ông/Bà, hiện trạng hạ tầng kỹ thuật và ứng dụng CNTT của đơn vị hiện nay đáp ứng ở mức nào đối với việc triển khai Hệ thống điều tra xã hội học và khảo sát sự hài lòng (SIPAS)?		t	0	["Đáp ứng tốt", "Đáp ứng", "Cần nâng cấp", "Cần đầu tư mới"]	{}	{"options": ["Đáp ứng tốt", "Đáp ứng", "Cần nâng cấp", "Cần đầu tư mới"]}	2026-07-13 18:58:40.750794+00	2026-07-13 18:58:40.750818+00	3	66	question
6567	1. Các yêu cầu nghiệp vụ ưu tiên		f	2	[]	{}	{"placeholder": ""}	2026-07-13 18:25:00.730643+00	2026-07-13 18:25:00.730664+00	2	196	question
5545	1. NHU CẦU NGHIỆP VỤ ĐỐI VỚI HỆ THỐNG		t	0	["Quản lý kế hoạch khảo sát", "Quản lý bộ câu hỏi khảo sát", "Quản lý đối tượng khảo sát", "Quản lý danh sách mẫu khảo sát", "Quản lý hồ sơ, tài liệu khảo sát", "Quản lý tiến độ khảo sát", "Thu thập dữ liệu khảo sát trực tuyến", "Thu thập dữ liệu khảo sát trên thiết bị di động", "Kiểm tra và làm sạch dữ liệu", "Tổng hợp và phân tích dữ liệu", "Quản lý kết quả khảo sát", "Quản lý báo cáo, thống kê và Dashboard", "Tích hợp kết quả khảo sát DDCI", "Kết nối, chia sẻ dữ liệu với các hệ thống dùng chung của Thành phố"]	{}	{"scale": [{"kind": "radio", "label": "Cần", "value": 1}, {"kind": "radio", "label": "Không cần", "value": 2}], "criteria": ["Quản lý kế hoạch khảo sát", "Quản lý bộ câu hỏi khảo sát", "Quản lý đối tượng khảo sát", "Quản lý danh sách mẫu khảo sát", "Quản lý hồ sơ, tài liệu khảo sát", "Quản lý tiến độ khảo sát", "Thu thập dữ liệu khảo sát trực tuyến", "Thu thập dữ liệu khảo sát trên thiết bị di động", "Kiểm tra và làm sạch dữ liệu", "Tổng hợp và phân tích dữ liệu", "Quản lý kết quả khảo sát", "Quản lý báo cáo, thống kê và Dashboard", "Tích hợp kết quả khảo sát DDCI", "Kết nối, chia sẻ dữ liệu với các hệ thống dùng chung của Thành phố"], "grid_type": "yesno", "criteria_label": "Chức năng"}	2026-07-13 10:30:30.185611+00	2026-07-13 10:30:30.185627+00	5	50	question
5000	1. Tổng hợp yêu cầu hạ tầng		t	0	["1", "2", "3", "4", "5", "6", "7", "8", "9", "10", "11", "12", "13", "14"]	{}	{"data": [["1", "Máy chủ", "", ""], ["2", "Lưu trữ", "", ""], ["3", "Cloud", "", ""], ["4", "Đường truyền", "", ""], ["5", "Firewall", "", ""], ["6", "Backup", "", ""], ["7", "Disaster Recovery", "", ""], ["8", "Thiết bị bảo mật", "", ""], ["9", "Thiết bị cân bằng tải", "", ""], ["10", "Giám sát hạ tầng", "", ""], ["11", "Thiết bị lưu trữ NAS/SAN", "", ""], ["12", "UPS", "", ""], ["13", "Thiết bị mạng", "", ""], ["14", "Máy chủ ảo hóa", "", ""]], "rows": 14, "columns": [{"name": "STT", "type": "text", "options": []}, {"name": "Nội dung", "type": "text", "options": []}, {"name": "Hiện trạng", "type": "text", "options": []}, {"name": "Đề xuất", "type": "text", "options": []}]}	2026-07-11 15:16:06.603784+00	2026-07-11 15:16:06.603803+00	6	172	question
5310	2. Đoàn khảo sát		f	0	["1", "2", "3", "4"]	{}	{"data": [["1", "", ""], ["2", "", ""], ["3", "", ""], ["4", "", ""]], "rows": 4, "columns": [{"name": "STT", "type": "text", "options": []}, {"name": "Họ và tên", "type": "text", "options": []}, {"name": "Chức vụ", "type": "text", "options": []}]}	2026-07-13 04:06:47.851184+00	2026-07-13 04:06:47.851203+00	6	185	question
6822	1. KHÓ KHĂN, VƯỚNG MẮC TRONG CÔNG TÁC QUẢN LÝ, VẬN HÀNH HỆ THỐNG CÔNG NGHỆ THÔNG TIN		f	0	[]	{}	{"placeholder": ""}	2026-07-13 18:58:41.136487+00	2026-07-13 18:58:41.136506+00	2	67	question
6568	2. Các chức năng cần triển khai trước		f	3	[]	{}	{"placeholder": ""}	2026-07-13 18:25:00.846914+00	2026-07-13 18:25:00.846936+00	2	196	question
5546	1. MỨC ĐỘ ƯU TIÊN		t	0	["Chuẩn hóa quy trình nghiệp vụ", "Thu thập và cập nhật dữ liệu", "Quản lý dữ liệu khảo sát", "Báo cáo, thống kê và phân tích", "Tích hợp, chia sẻ dữ liệu", "Tự động hóa quy trình"]	{}	{"scale": [{"kind": "radio", "label": "Cao", "value": 1}, {"kind": "radio", "label": "Trung bình", "value": 2}, {"kind": "radio", "label": "Thấp", "value": 3}], "criteria": ["Chuẩn hóa quy trình nghiệp vụ", "Thu thập và cập nhật dữ liệu", "Quản lý dữ liệu khảo sát", "Báo cáo, thống kê và phân tích", "Tích hợp, chia sẻ dữ liệu", "Tự động hóa quy trình"], "grid_type": "yesno", "criteria_label": "Nội dung"}	2026-07-13 10:30:30.514207+00	2026-07-13 10:30:30.514224+00	5	45	question
5001	1. Tổng hợp yêu cầu an toàn thông tin		t	0	["1", "2", "3", "4", "5", "6", "7", "8", "9", "10"]	{}	{"data": [["1", "Quản lý tài khoản", "", ""], ["2", "Phân quyền", "", ""], ["3", "MFA", "", ""], ["4", "Audit Log", "", ""], ["5", "Backup", "", ""], ["6", "Mã hóa dữ liệu", "", ""], ["7", "Giám sát ATTT", "", ""], ["8", "Phân loại dữ liệu", "", ""], ["9", "Quản lý nhật ký truy cập", "", ""], ["10", "Đánh giá cấp độ ATTT", "", ""]], "rows": 10, "columns": [{"name": "STT", "type": "text", "options": []}, {"name": "Nội dung", "type": "text", "options": []}, {"name": "Hiện trạng", "type": "text", "options": []}, {"name": "Đề xuất", "type": "text", "options": []}]}	2026-07-11 15:16:06.985518+00	2026-07-11 15:16:06.985588+00	6	173	question
5311	1. Đại diện đơn vị được khảo sát		f	0	["Hiện trạng tổ chức thực hiện công tác điều tra xã hội học", "Hiện trạng tổ chức khảo sát SIPAS", "Yêu cầu tích hợp với Hệ thống khảo sát DDCI", "Quy trình nghiệp vụ", "Bộ câu hỏi và biểu mẫu khảo sát", "Quản lý dữ liệu khảo sát", "Hiện trạng ứng dụng CNTT", "Hiện trạng cơ sở dữ liệu", "Hiện trạng hạ tầng kỹ thuật", "Hiện trạng bảo đảm an toàn thông tin", "Báo cáo, thống kê và bảng điều khiển tổng hợp (Dashboard)", "Khảo sát yêu cầu xây dựng hệ thống"]	{}	{"options": ["Hiện trạng tổ chức thực hiện công tác điều tra xã hội học", "Hiện trạng tổ chức khảo sát SIPAS", "Yêu cầu tích hợp với Hệ thống khảo sát DDCI", "Quy trình nghiệp vụ", "Bộ câu hỏi và biểu mẫu khảo sát", "Quản lý dữ liệu khảo sát", "Hiện trạng ứng dụng CNTT", "Hiện trạng cơ sở dữ liệu", "Hiện trạng hạ tầng kỹ thuật", "Hiện trạng bảo đảm an toàn thông tin", "Báo cáo, thống kê và bảng điều khiển tổng hợp (Dashboard)", "Khảo sát yêu cầu xây dựng hệ thống"]}	2026-07-13 04:06:48.31193+00	2026-07-13 04:06:48.31195+00	4	186	question
5547	1. KHÓ KHĂN, VƯỚNG MẮC TRONG QUÁ TRÌNH THỰC HIỆN ĐIỀU TRA XÃ HỘI HỌC, KHẢO SÁT SIPAS VÀ KHẢO SÁT DDCI		f	0	[]	{}	{"placeholder": ""}	2026-07-13 10:30:30.85515+00	2026-07-13 10:30:30.855168+00	2	51	question
4521	1. Thông tin chung		f	0	[]	{}	{"data": [["Đơn vị cung cấp tài liệu", ""], ["Địa chỉ", ""], ["Người cung cấp", ""], ["Chức vụ", ""], ["Điện thoại", ""], ["Email", ""], ["Ngày tiếp nhận", ""], ["Người tiếp nhận", ""]], "rows": 8, "columns": [{"name": "Nội dung", "type": "text", "options": []}, {"name": "Thông tin", "type": "text", "options": []}]}	2026-07-10 16:15:20.787+00	2026-07-10 16:15:20.787+00	6	86	question
4522	1. Danh mục tài liệu tiếp nhận	-       \nĐịnh\ndạng: Word, Excel, PDF, PowerPoint, JPG, PNG,...  -       \nHình\nthức cung cấp: Bản giấy/Bản điện tử/Email/USB/Hệ thống dùng chung.  -       \nTình\ntrạng: Đầy đủ/Chưa đầy đủ/Cần bổ sung.	f	0	[]	{}	{"data": [["1", "", "", "", "", "", ""], ["2", "", "", "", "", "", ""], ["3", "", "", "", "", "", ""], ["4", "", "", "", "", "", ""], ["5", "", "", "", "", "", ""], ["6", "", "", "", "", "", ""], ["7", "", "", "", "", "", ""], ["8", "", "", "", "", "", ""], ["9", "", "", "", "", "", ""], ["10", "", "", "", "", "", ""]], "rows": 10, "columns": [{"name": "STT", "type": "text", "options": []}, {"name": "Tên tài liệu/Hồ sơ", "type": "text", "options": []}, {"name": "Định dạng", "type": "text", "options": []}, {"name": "Số lượng", "type": "text", "options": []}, {"name": "Hình thức cung cấp", "type": "text", "options": []}, {"name": "Tình trạng", "type": "text", "options": []}, {"name": "Ghi chú", "type": "text", "options": []}]}	2026-07-10 16:15:20.878+00	2026-07-10 16:15:20.878+00	6	87	question
4523	1. Danh mục dữ liệu tiếp nhận		f	0	[]	{}	{"data": [["1", "", "", "", "", ""], ["2", "", "", "", "", ""], ["3", "", "", "", "", ""], ["4", "", "", "", "", ""], ["5", "", "", "", "", ""], ["6", "", "", "", "", ""]], "rows": 6, "columns": [{"name": "STT", "type": "text", "options": []}, {"name": "Tên dữ liệu", "type": "text", "options": []}, {"name": "Mô tả", "type": "text", "options": []}, {"name": "Định dạng", "type": "text", "options": []}, {"name": "Quy mô dữ liệu", "type": "text", "options": []}, {"name": "Ghi chú", "type": "text", "options": []}]}	2026-07-10 16:15:20.942+00	2026-07-10 16:15:20.942+00	6	88	question
4524	1. Danh mục hệ thống thông tin liên quan		f	0	[]	{}	{"data": [["1", "", "", "", "", ""], ["2", "", "", "", "", ""], ["3", "", "", "", "", ""], ["4", "", "", "", "", ""], ["5", "", "", "", "", ""]], "rows": 5, "columns": [{"name": "STT", "type": "text", "options": []}, {"name": "Tên hệ thống", "type": "text", "options": []}, {"name": "Đơn vị quản lý", "type": "text", "options": []}, {"name": "Mục đích sử dụng", "type": "text", "options": []}, {"name": "Khả năng kết nối, tích hợp", "type": "text", "options": []}, {"name": "Ghi chú", "type": "text", "options": []}]}	2026-07-10 16:15:21.024+00	2026-07-10 16:15:21.024+00	6	89	question
4525	1. Danh mục cơ sở dữ liệu		f	0	[]	{}	{"data": [["1", "", "", "", ""], ["2", "", "", "", ""], ["3", "", "", "", ""], ["4", "", "", "", ""]], "rows": 4, "columns": [{"name": "STT", "type": "text", "options": []}, {"name": "Tên CSDL", "type": "text", "options": []}, {"name": "Đơn vị quản lý", "type": "text", "options": []}, {"name": "Loại CSDL", "type": "text", "options": []}, {"name": "Ghi chú", "type": "text", "options": []}]}	2026-07-10 16:15:21.136+00	2026-07-10 16:15:21.136+00	6	90	question
6569	3. Các yêu cầu cần nghiên cứu, làm rõ them		f	4	[]	{}	{"placeholder": ""}	2026-07-13 18:25:00.938641+00	2026-07-13 18:25:00.938668+00	2	196	question
4526	1. Danh mục hồ sơ kỹ thuật		f	0	[]	{}	{"scale": [{"kind": "radio", "label": "Có", "value": 1}, {"kind": "radio", "label": "Không", "value": 2}, {"kind": "text", "label": "Ghi chú", "value": 3}], "criteria": ["Kiến trúc hệ thống", "Sơ đồ mạng", "Thiết kế cơ sở dữ liệu", "Danh mục phần mềm", "Danh mục máy chủ", "Danh mục thiết bị", "Danh mục API/Web Service", "Tài liệu tích hợp", "Quy trình vận hành", "Quy trình sao lưu dữ liệu", "Quy chế bảo đảm an toàn thông tin", "Tài liệu hướng dẫn sử dụng", "Biểu mẫu nghiệp vụ", "Báo cáo thống kê", "Danh mục dịch vụ API", "Quy chế quản trị dữ liệu", "Danh mục báo cáo hiện có"], "grid_type": "yesno", "criteria_label": "Hồ sơ"}	2026-07-10 16:15:21.247+00	2026-07-10 16:15:21.247+00	5	91	question
4527	1. Đánh giá mức độ đầy đủ của tài liệu		f	0	[]	{}	{"data": [["Hồ sơ nghiệp vụ", ""], ["Hồ sơ CNTT", ""], ["Hồ sơ dữ liệu", ""], ["Hồ sơ tích hợp", ""], ["Hồ sơ an toàn thông tin", ""]], "rows": 5, "columns": [{"name": "Nội dung", "type": "text", "options": []}, {"name": "Đánh giá", "type": "checkbox", "options": ["Đầy đủ", "Chưa đầy đủ", "Không áp dụng"]}]}	2026-07-10 16:15:21.323+00	2026-07-10 16:15:21.323+00	6	92	question
4528	1. Tài liệu cần bổ sung		f	0	[]	{}	{"data": [["1", "", "", "", ""], ["2", "", "", "", ""], ["3", "", "", "", ""], ["4", "", "", "", ""], ["5", "", "", "", ""]], "rows": 5, "columns": [{"name": "STT", "type": "text", "options": []}, {"name": "Tài liệu cần bổ sung", "type": "text", "options": []}, {"name": "Đơn vị cung cấp", "type": "text", "options": []}, {"name": "Người phụ trách", "type": "text", "options": []}, {"name": "Thời hạn", "type": "text", "options": []}]}	2026-07-10 16:15:21.417+00	2026-07-10 16:15:21.417+00	6	93	question
4529	Đơn vị đã cung cấp các tài liệu, hồ sơ và dữ liệu theo phạm vi khảo sát tại thời điểm khảo sát. Các tài liệu tiếp nhận là cơ sở phục vụ phân tích hiện trạng, đánh giá khả năng kế thừa, xác định yêu cầu nghiệp vụ, yêu cầu kỹ thuật và xây dựng Báo cáo kinh tế - kỹ thuật của dự án.		f	0	[]	{}	{}	2026-07-10 16:15:21.545+00	2026-07-10 16:15:21.545+00	9	94	question
4530	Trường hợp một số tài liệu chưa được cung cấp đầy đủ, đơn vị sẽ bổ sung theo danh mục tại Mục VIII để phục vụ quá trình hoàn thiện hồ sơ.		f	0	[]	{}	{}	2026-07-10 16:15:21.569+00	2026-07-10 16:15:21.569+00	9	94	question
5002	1. Phân loại yêu cầu đầu tư		t	0	["Hạ tầng CNTT", "Hệ thống phần mềm", "CSDL", "Tích hợp", "Dashboard", "Báo cáo", "Hệ thống tích hợp", "An toàn bảo mật thông tin"]	{}	{"scale": [{"kind": "radio", "label": "Kế thừa", "value": 1}, {"kind": "radio", "label": "Nâng cấp", "value": 2}, {"kind": "radio", "label": "Đầu tư mới", "value": 3}, {"kind": "radio", "label": "Không đầu tư", "value": 4}, {"kind": "text", "label": "Lý do", "value": 5}], "criteria": ["Hạ tầng CNTT", "Hệ thống phần mềm", "CSDL", "Tích hợp", "Dashboard", "Báo cáo", "Hệ thống tích hợp", "An toàn bảo mật thông tin"], "grid_type": "yesno", "criteria_label": "Nội dung"}	2026-07-11 15:16:07.921068+00	2026-07-11 15:16:07.921091+00	5	174	question
5312	1. Đại diện đơn vị được khảo sát		f	0	["Tài liệu nghiệp vụ", "Biểu mẫu khảo sát", "Báo cáo hiện trạng", "Dữ liệu khảo sát", "Dữ liệu điện tử", "Tài liệu về ứng dụng CNTT", "Khác"]	{}	{"scale": [{"kind": "radio", "label": "Có", "value": 1}, {"kind": "radio", "label": "Chưa", "value": 2}, {"kind": "text", "label": "Ghi chú", "value": 3}], "criteria": ["Tài liệu nghiệp vụ", "Biểu mẫu khảo sát", "Báo cáo hiện trạng", "Dữ liệu khảo sát", "Dữ liệu điện tử", "Tài liệu về ứng dụng CNTT", "Khác"], "grid_type": "yesno", "criteria_label": "Tài liệu"}	2026-07-13 04:06:48.73019+00	2026-07-13 04:06:48.730213+00	5	187	question
6823	1. KIẾN NGHỊ, ĐỀ XUẤT ĐỐI VỚI HỆ THỐNG		f	0	[]	{}	{"placeholder": ""}	2026-07-13 18:58:41.498137+00	2026-07-13 18:58:41.498157+00	2	68	question
5548	1. KIẾN NGHỊ, ĐỀ XUẤT ĐỐI VỚI HỆ THỐNG		f	0	[]	{}	{"placeholder": ""}	2026-07-13 10:30:31.181563+00	2026-07-13 10:30:31.181599+00	2	52	question
\.


--
-- Data for Name: survey_questiontype; Type: TABLE DATA; Schema: public; Owner: survey_user
--

COPY public.survey_questiontype (id, name, code, icon, has_options, has_validation, created_at) FROM stdin;
1	Văn bản ngắn	short-text	minus	f	f	2026-07-09 05:33:19.627+00
2	Văn bản dài	long-text	text	f	f	2026-07-09 05:33:19.631+00
3	Một lựa chọn	single-choice	circle-dot	t	f	2026-07-09 05:33:19.634+00
4	Nhiều lựa chọn	multi-choice	check-square	t	f	2026-07-09 05:33:19.637+00
5	Lưới đánh giá	rating-grid	grid-3x3	t	f	2026-07-09 05:33:19.639+00
6	Bảng dữ liệu	data-table	table	f	f	2026-07-09 05:33:19.641+00
7	Thông tin cá nhân	personal-info	user	f	f	2026-07-09 05:33:19.643+00
8	Tiêu đề	title	type	f	f	2026-07-09 05:33:19.645+00
9	Đoạn văn	paragraph	align-left	f	f	2026-07-09 05:33:19.648+00
10	Phần mới	section-break	layout	f	f	2026-07-09 05:33:19.653+00
\.


--
-- Data for Name: survey_response; Type: TABLE DATA; Schema: public; Owner: survey_user
--

COPY public.survey_response (id, respondent_ip, respondent_device_id, respondent_email, user_agent, started_at, submitted_at, time_taken, answers, is_verified, verification_token, is_cleaned, is_duplicate, created_at, user_id, survey_id, section_progress, status) FROM stdin;
40	\N	\N	\N	Mozilla/5.0 (Windows NT 10.0; Win64; x64) AppleWebKit/537.36 (KHTML, like Gecko) Chrome/150.0.0.0 Safari/537.36 Edg/150.0.0.0	2026-07-13 11:30:28.41574+00	\N	0	{}	f	\N	f	f	2026-07-13 11:30:28.415906+00	560	16	{}	draft
47	\N	\N	test@hmail.com	Mozilla/5.0 (Windows NT 10.0; Win64; x64) AppleWebKit/537.36 (KHTML, like Gecko) Chrome/150.0.0.0 Safari/537.36 Edg/150.0.0.0	2026-07-13 11:36:35.470185+00	\N	124	{"5483": [["", "", "", "", "", "", "", "", "", "", "", "", ""]], "5484": [["Thấp", "Thấp", "Thấp", "Thấp", "Thấp", "Thấp", "Thấp", "Thấp", "Thấp", "Thấp", "Thấp", "Thấp", "Thấp", "Thấp", "Thấp", "Thấp", "Thấp", "Thấp", "Thấp", "Thấp", "Thấp", "Thấp", "Thấp", "Thấp", "Thấp", "Thấp"]], "5485": [["", "", "", "", "", "", "", "", ""]], "5486": {"data": [[null, null, "2", null], [null, null, null, null], [null, null, null, null], [null, null, null, null], [null, null, null, null], [null, null, null, null], [null, null, null, null], [null, null, null, null], [null, null, null, null], [null, null, null, null], [null, null, null, null]], "type": "grid"}, "5488": {"data": [[null, null, null], [null, null, null], [null, null, null], [null, null, null], [null, null, null], [null, null, null], [null, null, null], [null, null, null], [null, null, null], [null, null, null], [null, null, null]], "type": "grid"}, "5489": [["Thấp", "Thấp", "Thấp", "Thấp", "Thấp", "Thấp", "Thấp", "Thấp", "Thấp", "Thấp", "Thấp", "Thấp", "Thấp"]], "5493": [["", "", ""]], "email": "test@hmail.com", "phone": "", "agency": "", "position": "", "full_name": "test", "department": "", "organization": ""}	f	\N	f	f	2026-07-13 11:36:35.470263+00	\N	21	{"sec_mrd8b91s_6w42v": 100, "sec_mrd8b91s_lt38n": 0, "sec_mrd8b91s_myjiw": 0, "sec_mrd8b91s_uidqk": 0, "sec_mrd8bulo_210ie": 0, "sec_mrd8bulo_2woxu": 0, "sec_mrd8bulo_djttb": 0, "sec_mrd8bulo_frqyl": 0, "sec_mrd8bulo_rqbbl": 0, "sec_mrd8bulo_w8efh": 0}	draft
63	\N	\N	\N	Mozilla/5.0 (Windows NT 10.0; Win64; x64) AppleWebKit/537.36 (KHTML, like Gecko) Chrome/150.0.0.0 Safari/537.36 Edg/150.0.0.0	2026-07-13 15:45:45.083397+00	\N	0	{}	f	\N	f	f	2026-07-13 15:45:45.083516+00	582	16	{}	draft
56	\N	\N		Mozilla/5.0 (Windows NT 10.0; Win64; x64) AppleWebKit/537.36 (KHTML, like Gecko) Chrome/150.0.0.0 Safari/537.36 Edg/150.0.0.0	2026-07-13 12:24:16.052646+00	2026-07-13 12:26:15.253167+00	120	{"5538": [["xã Gia Lâm", "Cù Thị Hồng", "Chuyên viên", "Phòng Văn hoá - Xã hội", "Công tác Nội vụ", "0966453129", "cuthihong_gialam@hanoi.gov.vn", "13/7/2026"]], "5540": {"data": [[null, null, "2", null, null], [null, null, "2", null, null], [null, null, "2", null, null], [null, null, "2", null, null], [null, null, "2", null, null]], "type": "grid"}, "5541": {"data": [[null, null, "2", null, null], [null, null, "2", null, null], [null, null, "2", null, null], [null, null, "2", null, null]], "type": "grid"}, "5542": {"data": [[null, null, "2", null, null], [null, null, "2", null, null], [null, null, "2", null, null]], "type": "grid"}, "5543": {"data": [[null, null, "2", null, null], [null, null, "2", null, null], [null, null, "2", null, null], [null, null, "2", null, null]], "type": "grid"}, "5544": {"data": [[null, "1", null, null], [null, "1", null, null], [null, "1", null, null], [null, "1", null, null], [null, "1", null, null], [null, "1", null, null]], "type": "grid"}, "5545": {"data": [[null, "1", null], [null, "1", null], [null, "1", null], [null, "1", null], [null, "1", null], [null, "1", null], [null, "1", null], [null, "1", null], [null, "1", null], [null, "1", null], [null, "1", null], [null, "1", null], [null, "1", null], [null, "1", null]], "type": "grid"}, "5546": {"data": [[null, null, "2", null], [null, null, "2", null], [null, null, "2", null], [null, null, "2", null], [null, null, "2", null], [null, null, "2", null]], "type": "grid"}, "5547": "Không", "5548": "Không", "email": "", "phone": "", "agency": "Gia Lâm", "position": "", "full_name": "ks2_gialam", "department": "Gia Lâm", "organization": "Gia Lâm"}	f	\N	f	f	2026-07-13 12:24:16.052728+00	522	17	{"sec_mrd4pof1_5zpng": 100, "sec_mrd4q93x_dv4pa": 100, "sec_mrd4q93x_hx301": 100, "sec_mrd4q93x_nhy01": 100, "sec_mrd4q93x_osn2f": 100, "sec_mrd4ty1p_o1mrs": 100, "sec_mrd4tycl_9vajl": 100}	draft
73	\N	\N	\N	Mozilla/5.0 (Windows NT 10.0; Win64; x64) AppleWebKit/537.36 (KHTML, like Gecko) Chrome/150.0.0.0 Safari/537.36 Edg/150.0.0.0	2026-07-13 18:18:52.043032+00	\N	0	{}	f	\N	f	f	2026-07-13 18:18:52.043139+00	582	18	{}	draft
3	127.0.0.1	\N	\N	Mozilla/5.0 (Windows NT 10.0; Win64; x64) AppleWebKit/537.36 (KHTML, like Gecko) Chrome/150.0.0.0 Safari/537.36 Edg/150.0.0.0	2026-07-09 08:41:23.162+00	\N	0	{}	f	\N	f	f	2026-07-09 08:41:23.162+00	\N	22	{}	draft
48	\N	\N	\N	Mozilla/5.0 (Windows NT 10.0; Win64; x64) AppleWebKit/537.36 (KHTML, like Gecko) Chrome/150.0.0.0 Safari/537.36 Edg/150.0.0.0	2026-07-13 11:37:33.90764+00	\N	0	{}	f	\N	f	f	2026-07-13 11:37:33.907738+00	560	21	{}	draft
57	\N	\N	\N	Mozilla/5.0 (Windows NT 10.0; Win64; x64) AppleWebKit/537.36 (KHTML, like Gecko) Chrome/150.0.0.0 Safari/537.36 Edg/150.0.0.0	2026-07-13 12:26:22.637156+00	\N	0	{}	f	\N	f	f	2026-07-13 12:26:22.637261+00	522	21	{}	draft
64	\N	\N	test@hmail.com	Mozilla/5.0 (Windows NT 10.0; Win64; x64) AppleWebKit/537.36 (KHTML, like Gecko) Chrome/150.0.0.0 Safari/537.36 Edg/150.0.0.0	2026-07-13 15:45:45.360993+00	\N	151	{"5379": [["", "", "", "", "", "", ""]], "5381": {"data": [[null, null, null, null, null], [null, null, null, null, null], [null, null, null, null, null], [null, null, null, null, null]], "type": "grid"}, "5382": {"data": [[null, null, null, null, null], [null, null, null, null, null], [null, null, null, null, null], [null, null, null, null, null]], "type": "grid"}, "5383": {"data": [[null, null, null], [null, null, null], [null, null, null], [null, null, null], [null, null, null], [null, null, null]], "type": "grid"}, "5384": {"data": [[null, null, null], [null, null, null], [null, null, null], [null, null, null], [null, null, null], [null, null, null], [null, null, null], [null, null, null], [null, null, null], [null, null, null], [null, null, null], [null, null, null], [null, null, null], [null, null, null], [null, null, null]], "type": "grid"}, "5385": {"data": [[null, null, null, null], [null, null, null, null], [null, null, null, null], [null, null, null, null], [null, null, null, null], [null, null, null, null]], "type": "grid"}, "email": "test@hmail.com", "phone": "", "agency": "", "position": "", "full_name": "test", "department": "", "organization": ""}	f	\N	f	f	2026-07-13 15:45:45.36109+00	582	16	{"sec_mrd3lxb1_4sre5": 0, "sec_mrd3mk79_mf9ln": 0, "sec_mrd3y4v6_12wu0": 0, "sec_mrd3y4v6_1oowr": 0, "sec_mrd4dtgl_a57uj": 0, "sec_mrd4dtgl_kpp08": 0, "sec_mrd4dtgl_qprnt": 0}	draft
80	\N	\N	test@hmail.com	Mozilla/5.0 (Windows NT 10.0; Win64; x64) AppleWebKit/537.36 (KHTML, like Gecko) Chrome/150.0.0.0 Safari/537.36 Edg/150.0.0.0	2026-07-13 18:35:06.356264+00	2026-07-13 18:40:12.279629+00	72	{"6651": {"data": [[null, "1", null], [null, null, "2"], [null, "1", null], [null, null, "2"], [null, "1", null]], "type": "grid"}, "6652": {"data": [[null, "1", null, null, null], [null, null, "2", null, null], [null, null, null, "3", null], [null, null, null, null, "4"], [null, null, null, "3", null], [null, null, "2", null, null], [null, "1", null, null, null], [null, null, "2", null, null], [null, null, null, "3", null], [null, null, null, null, "4"], [null, null, null, "3", null], [null, null, "2", null, null], [null, "1", null, null, null]], "type": "grid"}, "6653": {"data": [[null, null, "2"], [null, "1", null], [null, null, null], [null, "1", null], [null, "1", null], [null, "1", null], [null, "1", null]], "type": "grid"}, "6654": {"data": [[null, null, null, null, null], [null, null, null, null, null], [null, null, null, null, null], [null, null, null, null, null], [null, null, null, null, null], [null, null, null, null, null], [null, null, null, null, null], [null, null, null, null, null]], "type": "grid"}, "6655": {"data": [[null, null, null, null, null], [null, null, null, null, null], [null, null, null, null, null], [null, null, null, null, null], [null, null, null, null, null], [null, null, null, null, null], [null, null, null, null, null], [null, null, null, null, null]], "type": "grid"}, "6656": {"data": [[null, null, null], [null, null, null], [null, null, null], [null, null, null], [null, null, null], [null, null, null], [null, null, null]], "type": "grid"}, "6657": {"data": [[null, null, null], [null, null, null], [null, null, null], [null, null, null], [null, null, null], [null, null, null]], "type": "grid"}, "6658": {"data": [[null, null, null], [null, null, null], [null, null, null], [null, null, null], [null, null, null], [null, null, null], [null, null, null], [null, null, null], [null, null, null], [null, null, null], [null, null, null]], "type": "grid"}, "6659": {"data": [[null, null, null], [null, null, null], [null, null, null], [null, null, null], [null, null, null], [null, null, null], [null, null, null], [null, null, null], [null, null, null]], "type": "grid"}, "6660": {"data": [[null, null, null], [null, null, null], [null, null, null], [null, null, null], [null, null, null], [null, null, null]], "type": "grid"}, "6661": {"data": [[null, null, null, null], [null, null, null, null], [null, null, null, null], [null, null, null, null], [null, null, null, null], [null, null, null, null], [null, null, null, null], [null, null, null, null], [null, null, null, null], [null, null, null, null], [null, null, null, null], [null, null, null, null], [null, null, null, null], [null, null, null, null], [null, null, null, null], [null, null, null, null], [null, null, null, null], [null, null, null, null], [null, null, null, null]], "type": "grid"}, "6662": {"data": [[null, null, null], [null, null, null], [null, null, null], [null, null, null], [null, null, null], [null, null, null], [null, null, null], [null, null, null], [null, null, null]], "type": "grid"}, "6663": {"data": [[null, null, null, null], [null, null, null, null], [null, null, null, null], [null, null, null, null], [null, null, null, null], [null, null, null, null], [null, null, null, null], [null, null, null, null], [null, null, null, null], [null, null, null, null], [null, null, null, null]], "type": "grid"}, "6667": {"data": [[null, null, null, null], [null, null, null, null], [null, null, null, null], [null, null, null, null], [null, null, null, null], [null, null, null, null], [null, null, null, null], [null, null, null, null], [null, null, null, null], [null, null, null, null], [null, null, null, null], [null, null, null, null], [null, null, null, null], [null, null, null, null], [null, null, null, null], [null, null, null, null], [null, null, null, null]], "type": "grid"}, "6670": {"data": [[null, null, "2"], [null, null, "2"], [null, null, "2"], [null, null, "2"], [null, null, "2"]], "type": "grid"}, "6671": {"data": [[null, null, null, null, "4"], [null, null, null, null, "4"], [null, null, null, null, "4"], [null, null, null, null, "4"], [null, null, null, null, "4"], [null, null, null, null, "4"], [null, null, null, null, "4"], [null, null, null, null, "4"], [null, null, null, null, "4"], [null, null, null, null, "4"], [null, null, null, null, "4"], [null, null, null, null, "4"], [null, null, null, null, "4"]], "type": "grid"}, "6672": {"data": [[null, null, "2"], [null, null, "2"], [null, null, "2"], [null, null, "2"], [null, null, "2"], [null, null, "2"], [null, null, "2"]], "type": "grid"}, "6673": {"data": [[null, null, null, null, "4"], [null, null, null, null, "4"], [null, null, null, null, "4"], [null, null, null, null, "4"], [null, null, null, null, "4"], [null, null, null, null, "4"], [null, null, null, null, "4"], [null, null, null, null, "4"]], "type": "grid"}, "6674": {"data": [[null, null, null, null, "4"], [null, null, null, null, "4"], [null, null, null, null, "4"], [null, null, null, null, "4"], [null, null, null, null, "4"], [null, null, null, null, "4"], [null, null, null, null, "4"], [null, null, null, null, "4"]], "type": "grid"}, "6675": {"data": [[null, null, "2"], [null, null, "2"], [null, null, "2"], [null, null, "2"], [null, null, "2"], [null, null, "2"], [null, null, "2"]], "type": "grid"}, "6676": {"data": [[null, null, "2"], [null, "1", null], [null, "1", null], [null, "1", null], [null, "1", null], [null, "1", null]], "type": "grid"}, "6677": {"data": [[null, "1", null], [null, "1", null], [null, "1", null], [null, "1", null], [null, "1", null], [null, "1", null], [null, "1", null], [null, "1", null], [null, "1", null], [null, "1", null], [null, "1", null]], "type": "grid"}, "6678": {"data": [[null, "1", null], [null, "1", null], [null, "1", null], [null, "1", null], [null, "1", null], [null, "1", null], [null, "1", null], [null, "1", null], [null, "1", null]], "type": "grid"}, "6679": {"data": [[null, "1", null], [null, "1", null], [null, "1", null], [null, "1", null], [null, "1", null], [null, "1", null]], "type": "grid"}, "6680": {"data": [[null, null, "2", null], [null, null, "2", null], [null, null, "2", null], [null, null, "2", null], [null, null, "2", null], [null, null, "2", null], [null, null, "2", null], [null, null, "2", null], [null, null, "2", null], [null, null, "2", null], [null, null, "2", null], [null, null, "2", null], [null, null, "2", null], [null, null, "2", null], [null, null, "2", null], [null, null, "2", null], [null, null, "2", null], [null, null, "2", null], [null, null, "2", null]], "type": "grid"}, "6681": {"data": [[null, "1", null], [null, "1", null], [null, "1", null], [null, "1", null], [null, "1", null], [null, "1", null], [null, "1", null], [null, "1", null], [null, "1", null]], "type": "grid"}, "6682": {"data": [[null, "1", null, null], [null, "1", null, null], [null, "1", null, null], [null, "1", null, null], [null, "1", null, null], [null, "1", null, null], [null, "1", null, null], [null, "1", null, null], [null, "1", null, null], [null, "1", null, null], [null, "1", null, null]], "type": "grid"}, "6683": "Đáp ứng tốt", "6684": "Hoàng đây", "6686": {"data": [[null, null, "2", null], [null, null, "2", null], [null, null, "2", null], [null, null, "2", null], [null, null, "2", null], [null, null, "2", null], [null, null, "2", null], [null, null, "2", null], [null, null, "2", null], [null, null, "2", null], [null, null, "2", null], [null, null, "2", null], [null, null, "2", null], [null, null, "2", null], [null, null, "2", null], [null, null, "2", null], [null, null, "2", null]], "type": "grid"}, "email": "test@hmail.com", "phone": "", "agency": "", "position": "", "full_name": "test", "department": "", "organization": ""}	f	\N	f	f	2026-07-13 18:35:06.356339+00	582	18	{"sec_mrd51u8k_s7xvx": 0, "sec_mrd52i20_bxs8q": 100, "sec_mrd589py_n4ccb": 100, "sec_mrd58wv7_h9r0m": 100, "sec_mrd5h8uk_83ljt": 100, "sec_mrd5h8uk_lb1ld": 100, "sec_mrd5h8uk_q8t9f": 100, "sec_mrd5h8uk_zlvj1": 100, "sec_mrd5h8uk_znbx8": 100, "sec_mrd5hvzu_sb784": 100, "sec_mrd5hvzv_7jcz3": 100, "sec_mrd5hvzv_a4wue": 100, "sec_mrd5hvzv_ae5ra": 100, "sec_mrd5hvzv_vsvm8": 100, "sec_mrd5hvzv_ztdcy": 100, "sec_mrd5ij53_k401z": 100, "sec_mrd5ij53_lxnd3": 0}	submitted
88	\N	\N	test@hmail.com	Mozilla/5.0 (Windows NT 10.0; Win64; x64) AppleWebKit/537.36 (KHTML, like Gecko) Chrome/150.0.0.0 Safari/537.36 Edg/150.0.0.0	2026-07-13 19:04:03.899332+00	2026-07-13 19:04:53.931081+00	50	{"6808": {"data": [[null, null, null], [null, null, null], [null, null, null], [null, null, null], [null, null, null]], "type": "grid"}, "6809": {"data": [[null, null, null, null, null], [null, null, null, null, null], [null, null, null, null, null], [null, null, null, null, null], [null, null, null, null, null], [null, null, null, null, null], [null, null, null, null, null], [null, null, null, null, null], [null, null, null, null, null], [null, null, null, null, null], [null, null, null, null, null], [null, null, null, null, null], [null, null, null, null, null]], "type": "grid"}, "6810": {"data": [[null, null, null], [null, null, null], [null, null, null], [null, null, null], [null, null, null], [null, null, null], [null, null, null]], "type": "grid"}, "6811": {"data": [[null, null, null, null, null], [null, null, null, null, null], [null, null, null, null, null], [null, null, null, null, null], [null, null, null, null, null], [null, null, null, null, null], [null, null, null, null, null], [null, null, null, null, null]], "type": "grid"}, "6812": {"data": [[null, null, null, null, null], [null, null, null, null, null], [null, null, null, null, null], [null, null, null, null, null], [null, null, null, null, null], [null, null, null, null, null], [null, null, null, null, null], [null, null, null, null, null]], "type": "grid"}, "6813": {"data": [[null, null, null], [null, null, null], [null, null, null], [null, null, null], [null, null, null], [null, null, null], [null, null, null]], "type": "grid"}, "6814": {"data": [[null, null, null], [null, null, null], [null, null, null], [null, null, null], [null, null, null], [null, null, null]], "type": "grid"}, "6815": {"data": [[null, null, null], [null, null, null], [null, null, null], [null, null, null], [null, null, null], [null, null, null], [null, null, null], [null, null, null], [null, null, null], [null, null, null], [null, null, null]], "type": "grid"}, "6816": {"data": [[null, null, null], [null, null, null], [null, null, null], [null, null, null], [null, null, null], [null, null, null], [null, null, null], [null, null, null], [null, null, null]], "type": "grid"}, "6817": {"data": [[null, null, null], [null, null, null], [null, null, null], [null, null, null], [null, null, null], [null, null, null]], "type": "grid"}, "6818": {"data": [[null, "1", null, null], [null, null, "2", null], [null, null, null, "3"], [null, null, null, null], [null, null, null, null], [null, null, null, null], [null, null, null, null], [null, null, null, null], [null, null, null, null], [null, null, null, null], [null, null, null, null], [null, null, null, null], [null, null, null, null], [null, null, null, null], [null, null, null, null], [null, null, null, null], [null, null, null, null], [null, null, null, null], [null, null, null, null]], "type": "grid"}, "6819": {"data": [[null, null, null], [null, null, null], [null, null, null], [null, null, null], [null, null, null], [null, null, null], [null, null, null], [null, null, null], [null, null, null]], "type": "grid"}, "6820": {"data": [[null, null, null, null], [null, null, null, null], [null, null, null, null], [null, null, null, null], [null, null, null, null], [null, null, null, null], [null, null, null, null], [null, null, null, null], [null, null, null, null], [null, null, null, null], [null, null, null, null]], "type": "grid"}, "6821": "Đáp ứng tốt", "6822": "HoangG", "6824": {"data": [[null, null, null, null], [null, null, null, null], [null, null, null, null], [null, null, null, null], [null, null, null, null], [null, null, null, null], [null, null, null, null], [null, null, null, null], [null, null, null, null], [null, null, null, null], [null, null, null, null], [null, null, null, null], [null, null, null, null], [null, null, null, null], [null, null, null, null], [null, null, null, null], [null, null, null, null]], "type": "grid"}, "email": "test@hmail.com", "phone": "", "agency": "", "position": "", "full_name": "test", "department": "", "organization": ""}	f	\N	f	f	2026-07-13 19:04:03.899451+00	582	18	{"sec_mrd51u8k_s7xvx": 0, "sec_mrd52i20_bxs8q": 0, "sec_mrd589py_n4ccb": 0, "sec_mrd58wv7_h9r0m": 0, "sec_mrd5h8uk_83ljt": 0, "sec_mrd5h8uk_lb1ld": 0, "sec_mrd5h8uk_q8t9f": 0, "sec_mrd5h8uk_zlvj1": 0, "sec_mrd5h8uk_znbx8": 0, "sec_mrd5hvzu_sb784": 0, "sec_mrd5hvzv_7jcz3": 100, "sec_mrd5hvzv_a4wue": 0, "sec_mrd5hvzv_ae5ra": 0, "sec_mrd5hvzv_vsvm8": 100, "sec_mrd5hvzv_ztdcy": 100, "sec_mrd5ij53_k401z": 0, "sec_mrd5ij53_lxnd3": 0}	draft
15	\N	\N	\N	Mozilla/5.0 (Windows NT 10.0; Win64; x64) AppleWebKit/537.36 (KHTML, like Gecko) Chrome/150.0.0.0 Safari/537.36 Edg/150.0.0.0	2026-07-11 14:05:45.866672+00	\N	0	{}	f	\N	f	f	2026-07-11 14:05:45.866759+00	\N	19	{}	draft
49	\N	\N	\N	Mozilla/5.0 (Windows NT 10.0; Win64; x64) AppleWebKit/537.36 (KHTML, like Gecko) Chrome/150.0.0.0 Safari/537.36 Edg/150.0.0.0	2026-07-13 11:44:22.831269+00	\N	0	{}	f	\N	f	f	2026-07-13 11:44:22.83152+00	\N	21	{}	draft
17	\N	\N	\N	Mozilla/5.0 (Windows NT 10.0; Win64; x64) AppleWebKit/537.36 (KHTML, like Gecko) Chrome/150.0.0.0 Safari/537.36 Edg/150.0.0.0	2026-07-12 09:57:23.625877+00	\N	0	{}	f	\N	f	f	2026-07-12 09:57:23.62596+00	\N	19	{}	draft
65	\N	\N	\N	Mozilla/5.0 (Windows NT 10.0; Win64; x64) AppleWebKit/537.36 (KHTML, like Gecko) Chrome/150.0.0.0 Safari/537.36 Edg/150.0.0.0	2026-07-13 15:50:20.069203+00	\N	0	{}	f	\N	f	f	2026-07-13 15:50:20.06931+00	\N	16	{}	draft
14	\N	\N	\N	Mozilla/5.0 (Windows NT 10.0; Win64; x64) AppleWebKit/537.36 (KHTML, like Gecko) Chrome/150.0.0.0 Safari/537.36 Edg/150.0.0.0	2026-07-11 14:05:45.548744+00	\N	0	{}	f	\N	f	f	2026-07-11 14:05:45.548909+00	\N	19	{}	draft
16	\N	\N	\N	Mozilla/5.0 (Windows NT 10.0; Win64; x64) AppleWebKit/537.36 (KHTML, like Gecko) Chrome/150.0.0.0 Safari/537.36 Edg/150.0.0.0	2026-07-12 09:57:23.324589+00	\N	0	{}	f	\N	f	f	2026-07-12 09:57:23.324712+00	\N	19	{}	draft
81	\N	\N	\N	Mozilla/5.0 (Windows NT 10.0; Win64; x64) AppleWebKit/537.36 (KHTML, like Gecko) Chrome/150.0.0.0 Safari/537.36 Edg/150.0.0.0	2026-07-13 18:42:04.351999+00	\N	0	{}	f	\N	f	f	2026-07-13 18:42:04.352099+00	582	18	{}	draft
19	\N	\N	\N	Mozilla/5.0 (Windows NT 10.0; Win64; x64) AppleWebKit/537.36 (KHTML, like Gecko) Chrome/150.0.0.0 Safari/537.36 Edg/150.0.0.0	2026-07-12 09:57:35.533729+00	2026-07-12 09:57:49.672133+00	15	{"2908": [["Tets", "Test"]]}	f	\N	f	f	2026-07-12 09:57:35.533838+00	\N	13	{"main": 100}	draft
1	127.0.0.1	\N	\N	Mozilla/5.0 (Windows NT 10.0; Win64; x64) AppleWebKit/537.36 (KHTML, like Gecko) Chrome/150.0.0.0 Safari/537.36 Edg/150.0.0.0	2026-07-09 06:21:04.609+00	\N	30	{"1257": [["", "", "", "", "", "", ""]], "1259": {"data": [[null, null, null, null, null], [null, null, null, null, null], [null, null, null, null, null], [null, null, null, null, null]], "type": "grid"}, "1260": {"data": [[null, null, null, null, null], [null, null, null, null, null], [null, null, null, null, null], [null, null, null, null, null]], "type": "grid"}, "1262": {"data": [[null, null, null], [null, null, null], [null, null, null], [null, null, null], [null, null, null], [null, null, null]], "type": "grid"}, "1264": {"data": [[null, null, null], [null, null, null], [null, null, null], [null, null, null], [null, null, null], [null, null, null], [null, null, null], [null, null, null], [null, null, null], [null, null, null], [null, null, null], [null, null, null], [null, null, null], [null, null, null], [null, null, null]], "type": "grid"}, "1266": {"data": [[null, null, null, null], [null, null, null, null], [null, null, null, null], [null, null, null, null], [null, null, null, null], [null, null, null, null]], "type": "grid"}}	f	\N	f	f	2026-07-09 06:21:04.61+00	\N	16	{"sec_mrd3lxb1_4sre5": 0, "sec_mrd3mk79_mf9ln": 100, "sec_mrd3y4v6_12wu0": 0, "sec_mrd3y4v6_1oowr": 0}	draft
2	127.0.0.1	\N	\N	Mozilla/5.0 (Windows NT 10.0; Win64; x64) AppleWebKit/537.36 (KHTML, like Gecko) Chrome/150.0.0.0 Safari/537.36 Edg/150.0.0.0	2026-07-09 08:39:08.099+00	\N	30	{"2435": [["", "", "", "", "", "", ""]], "2436": [["", "", "", "", "", "", "", "", ""]], "2437": [["", "", "", "", "", "", "", ""]], "2438": [["", "", "", "", ""]], "2439": [["", "", "", ""]], "2440": [["", "", "", ""]], "2441": {"data": [[null, null, null, null], [null, null, null, null], [null, null, null, null], [null, null, null, null], [null, null, null, null], [null, null, null, null], [null, null, null, null], [null, null, null, null], [null, null, null, null], [null, null, null, null], [null, null, null, null], [null, null, null, null], [null, null, null, null]], "type": "grid"}}	f	\N	f	f	2026-07-09 08:39:08.099+00	\N	19	{"sec_mrd5p4ay_3aj1d": 100, "sec_mrd5prgj_7sqyz": 100, "sec_mrd5qell_6cxnd": 100, "sec_mrd5qell_ejhot": 100, "sec_mrd5qell_wwlyz": 100, "sec_mrd5sc1j_9kkon": 0, "sec_mrd5sc1j_bdrd5": 0, "sec_mrd5sc1j_upqkj": 50}	draft
9	127.0.0.1	\N	\N	Mozilla/5.0 (Windows NT 10.0; Win64; x64) AppleWebKit/537.36 (KHTML, like Gecko) Chrome/150.0.0.0 Safari/537.36 Edg/150.0.0.0	2026-07-10 13:49:11.872+00	\N	11	{"3944": [["Điều tra xã hội học và khảo sát sự hài lòng của người dân, tổ chức đối với sự phục vụ của các cơ quan nhà nước thuộc thành phố Hà Nội", "", "", "", ""]], "3945": [["", "", "", "", "", "", "", "", "", "", "", "", ""]], "3946": [["", "", "", "", "", "", "", "", "", "", "", "", "", "", "", "", "", "", "", "", ""]], "3947": [["", "", "", "", "", "", "", "", ""]], "3948": {"data": [[null, null, null], [null, null, null], [null, null, null], [null, null, null], [null, null, null], [null, null, null], [null, null, null], [null, null, null]], "type": "grid"}, "3949": [["", "", "", "", "", "", "", "", "", "", "", "", "", ""]], "3950": [["", "", "", "", "", "", "", "", "", ""]], "3951": {"data": [[null, null, null, null, null, null], [null, null, null, null, null, null], [null, null, null, null, null, null], [null, null, null, null, null, null], [null, null, null, null, null, null], [null, null, null, null, null, null], [null, null, null, null, null, null], [null, null, null, null, null, null]], "type": "grid"}, "3956": [["", "", ""]]}	f	\N	f	f	2026-07-10 13:49:11.872+00	\N	22	{"sec_mrd8qe3f_0tgy1": 0, "sec_mrd8qe3g_huq15": 0, "sec_mrd8qe3g_pid68": 0, "sec_mrd8qe3g_vssku": 0, "sec_mrd8qe3g_y1frv": 0, "sec_mrd8qz0l_3yt2h": 0, "sec_mrd8qz0l_bdsjb": 0, "sec_mrd8qz0l_foazz": 0, "sec_mrd8qz0l_glqw3": 0, "sec_mrd8qz0l_jwj32": 0, "sec_mrd8qz0l_yh07a": 0}	draft
18	\N	\N	\N	Mozilla/5.0 (Windows NT 10.0; Win64; x64) AppleWebKit/537.36 (KHTML, like Gecko) Chrome/150.0.0.0 Safari/537.36 Edg/150.0.0.0	2026-07-12 09:57:35.256176+00	\N	0	{}	f	\N	f	f	2026-07-12 09:57:35.256285+00	\N	13	{}	draft
89	\N	\N	\N	Mozilla/5.0 (Windows NT 10.0; Win64; x64) AppleWebKit/537.36 (KHTML, like Gecko) Chrome/150.0.0.0 Safari/537.36 Edg/150.0.0.0	2026-07-13 19:07:08.197319+00	\N	0	{}	f	\N	f	f	2026-07-13 19:07:08.197456+00	582	18	{}	draft
10	127.0.0.1	\N	\N	Mozilla/5.0 (Windows NT 10.0; Win64; x64) AppleWebKit/537.36 (KHTML, like Gecko) Chrome/150.0.0.0 Safari/537.36 Edg/150.0.0.0	2026-07-10 14:05:37.918+00	\N	51	{"4199": [["Điều tra xã hội học và khảo sát sự hài lòng của người dân, tổ chức đối với sự phục vụ của các cơ quan nhà nước thuộc thành phố Hà Nội", "12", "12", "12", "12"]], "4200": {"data": [[null, "1", null]], "type": "grid"}, "4201": [["", "", "", "", "", "", "", "", "", "", "", "", "", "", "", "", "", "", "", "", ""]], "4202": [["", "", "", "", "", "", "", "", ""]], "4203": {"data": [[null, null, null], [null, null, null], [null, null, null], [null, null, null], [null, null, null], [null, null, null], [null, null, null], [null, null, null]], "type": "grid"}, "4204": [["", "", "", "", "", "", "", "", "", "", "", "", "", ""]], "4205": [["", "", "", "", "", "", "", "", "", ""]], "4206": {"data": [[null, null, null, null, null, null, null], [null, null, null, null, null, null, null], [null, null, null, null, null, null, null], [null, null, null, null, null, null, null], [null, null, null, null, null, null, null], [null, null, null, null, null, null, null], [null, null, null, null, null, null, null], [null, null, null, null, null, null, null]], "type": "grid"}, "4211": [["", "", ""]]}	f	\N	f	f	2026-07-10 14:05:37.918+00	\N	22	{"sec_mrd8qe3f_0tgy1": 100, "sec_mrd8qe3g_huq15": 0, "sec_mrd8qe3g_pid68": 100, "sec_mrd8qe3g_vssku": 0, "sec_mrd8qe3g_y1frv": 100, "sec_mrd8qz0l_3yt2h": 0, "sec_mrd8qz0l_bdsjb": 0, "sec_mrd8qz0l_foazz": 0, "sec_mrd8qz0l_glqw3": 0, "sec_mrd8qz0l_jwj32": 0, "sec_mrd8qz0l_yh07a": 0}	draft
11	127.0.0.1	\N	\N	Mozilla/5.0 (Windows NT 10.0; Win64; x64) AppleWebKit/537.36 (KHTML, like Gecko) Chrome/150.0.0.0 Safari/537.36 Edg/150.0.0.0	2026-07-10 14:08:23.392+00	\N	6	{"4199": [["Điều tra xã hội học và khảo sát sự hài lòng của người dân, tổ chức đối với sự phục vụ của các cơ quan nhà nước thuộc thành phố Hà Nội", "", "", "", ""]], "4200": {"data": [[null, "1", null]], "type": "grid"}, "4201": [["", "", "", "", "", "", "", "", "", "", "", "", "", "", "", "", "", "", "", "", ""]], "4202": [["", "", "", "", "", "", "", "", ""]], "4203": {"data": [[null, null, null], [null, null, null], [null, null, null], [null, null, null], [null, null, null], [null, null, null], [null, null, null], [null, null, null]], "type": "grid"}, "4204": [["", "", "", "", "", "", "", "", "", "", "", "", "", ""]], "4205": [["", "", "", "", "", "", "", "", "", ""]], "4206": {"data": [[null, null, null, null, null, null, null], [null, null, null, null, null, null, null], [null, null, null, null, null, null, null], [null, null, null, null, null, null, null], [null, null, null, null, null, null, null], [null, null, null, null, null, null, null], [null, null, null, null, null, null, null], [null, null, null, null, null, null, null]], "type": "grid"}, "4211": [["", "", ""]]}	f	\N	f	f	2026-07-10 14:08:23.392+00	\N	22	{"sec_mrd8qe3f_0tgy1": 0, "sec_mrd8qe3g_huq15": 0, "sec_mrd8qe3g_pid68": 0, "sec_mrd8qe3g_vssku": 0, "sec_mrd8qe3g_y1frv": 100, "sec_mrd8qz0l_3yt2h": 0, "sec_mrd8qz0l_bdsjb": 0, "sec_mrd8qz0l_foazz": 0, "sec_mrd8qz0l_glqw3": 0, "sec_mrd8qz0l_jwj32": 0, "sec_mrd8qz0l_yh07a": 0}	draft
12	127.0.0.1	\N	\N	Mozilla/5.0 (Windows NT 10.0; Win64; x64) AppleWebKit/537.36 (KHTML, like Gecko) Chrome/150.0.0.0 Safari/537.36 Edg/150.0.0.0	2026-07-10 14:29:43.28+00	2026-07-10 14:31:53.671+00	132	{"4332": [["Điều tra xã hội học và khảo sát sự hài lòng của người dân, tổ chức đối với sự phục vụ của các cơ quan nhà nước thuộc thành phố Hà Nội", "Chưa biết", "Chưa biết", "Chịu", "Chịu"]], "4334": [["Không biết", "Không biết", "Không biết", "Không biết", "", "Không biết", "Không biết", "", "", "", "", "", "Không biết"]], "4336": [["Không biết", "", "", "Không biết", "", "", "", "", "Không biết", "", "", "", "", "Không biết", "", "", "", "", "", "Không biết", ""]], "4338": [["", "Không biết", "", "Không biết", "", "", "Không biết ??", "", ""]], "4340": {"data": [[null, "1", "Không biết"], [null, "1", "Không biết"], [null, "1", "Không biết"], [null, "1", "Không biết"], [null, "1", null], [null, "1", "Không biết"], [null, "1", "Không biết"], [null, "1", "Không biết"]], "type": "grid"}, "4342": [["", "", "Không biết", "", "", "", "", "", "", "Không biết", "", "", "", ""]], "4344": [["", "", "Không biết", "", "", "", "", "", "Không biết", ""]], "4346": {"data": [[null, "1", null, null, null, null], [null, null, "2", null, null, null], [null, null, null, "3", null, null], [null, null, null, null, "4", null], [null, null, null, "3", null, null], [null, null, "2", null, null, null], [null, "1", null, null, null, null], [null, null, "2", null, null, null]], "type": "grid"}, "4353": [["s", "", ""]], "4357": [["sv", "sv"]]}	f	\N	f	f	2026-07-10 14:29:43.28+00	\N	22	{"main": 100}	draft
13	127.0.0.1	\N	\N	Mozilla/5.0 (Linux; Android 15; Pixel 9) AppleWebKit/537.36 (KHTML, like Gecko) Chrome/150.0.0.0 Mobile Safari/537.36	2026-07-10 14:35:51.485+00	\N	30	{"2435": [["", "", "", "", "", "", ""]], "2436": [["", "", "", "", "", "", "", "", ""]], "2437": [["", "", "", "", "", "", "", ""]], "2438": [["", "", "", "", ""]], "2439": [["", "", "", ""]], "2440": [["", "", "", ""]], "2441": {"data": [[null, null, null, null], [null, null, null, null], [null, null, null, null], [null, null, null, null], [null, null, null, null], [null, null, null, null], [null, null, null, null], [null, null, null, null], [null, null, null, null], [null, null, null, null], [null, null, null, null], [null, null, null, null], [null, null, null, null]], "type": "grid"}}	f	\N	f	f	2026-07-10 14:35:51.485+00	\N	19	{"sec_mrd5p4ay_3aj1d": 0, "sec_mrd5prgj_7sqyz": 0, "sec_mrd5qell_6cxnd": 0, "sec_mrd5qell_ejhot": 0, "sec_mrd5qell_wwlyz": 0, "sec_mrd5sc1j_9kkon": 0, "sec_mrd5sc1j_bdrd5": 0, "sec_mrd5sc1j_upqkj": 0}	draft
20	\N	\N	\N	Mozilla/5.0 (Windows NT 10.0; Win64; x64) AppleWebKit/537.36 (KHTML, like Gecko) Chrome/150.0.0.0 Safari/537.36 Edg/150.0.0.0	2026-07-13 06:17:57.576435+00	\N	0	{}	f	\N	f	f	2026-07-13 06:17:57.576536+00	\N	18	{}	draft
66	\N	\N	tgd	Mozilla/5.0 (Windows NT 10.0; Win64; x64) AppleWebKit/537.36 (KHTML, like Gecko) Chrome/150.0.0.0 Safari/537.36 Edg/150.0.0.0	2026-07-13 15:50:20.334746+00	2026-07-13 15:51:13.582766+00	53	{"5379": [["Tây Phương", "Đào Huy Hoàng", "Test", "Test", "000000000", "test", "test"]], "5381": {"data": [[null, "1", null, null, null], [null, null, "2", null, null], [null, null, null, "3", null], [null, null, null, null, "4"]], "type": "grid"}, "5382": {"data": [[null, "1", null, null, null], [null, null, "2", null, null], [null, null, null, "3", null], [null, null, null, null, "4"]], "type": "grid"}, "5383": {"data": [[null, "1", null], [null, null, "2"], [null, "1", null], [null, null, "2"], [null, "1", null], [null, null, "2"]], "type": "grid"}, "5384": {"data": [[null, "1", null], [null, null, "2"], [null, "1", null], [null, null, "2"], [null, "1", null], [null, null, "2"], [null, "1", null], [null, null, "2"], [null, "1", null], [null, "1", null], [null, "1", null], [null, "1", null], [null, "1", null], [null, "1", null], [null, "1", null]], "type": "grid"}, "5385": {"data": [[null, "1", null, null], [null, null, "2", null], [null, null, null, "3"], [null, null, "2", null], [null, "1", null, null], [null, null, "2", null]], "type": "grid"}, "5386": "Không có khó khăn gì", "5387": "Không có gì", "email": "tgd", "phone": "", "agency": "Tây Phương", "position": "", "full_name": "test", "department": "Tây Phương", "organization": "Tây Phương"}	f	\N	f	f	2026-07-13 15:50:20.334903+00	\N	16	{"sec_mrd3lxb1_4sre5": 100, "sec_mrd3mk79_mf9ln": 100, "sec_mrd3y4v6_12wu0": 100, "sec_mrd3y4v6_1oowr": 100, "sec_mrd4dtgl_a57uj": 100, "sec_mrd4dtgl_kpp08": 100, "sec_mrd4dtgl_qprnt": 100}	submitted
90	\N	\N	test@hmail.com	Mozilla/5.0 (Windows NT 10.0; Win64; x64) AppleWebKit/537.36 (KHTML, like Gecko) Chrome/150.0.0.0 Safari/537.36 Edg/150.0.0.0	2026-07-13 19:07:08.620125+00	2026-07-13 19:08:33.863683+00	85	{"6808": {"data": [[null, "1", null], [null, null, "2"], [null, null, "2"], [null, null, "2"], [null, null, "2"]], "type": "grid"}, "6809": {"data": [[null, "1", null, null, null], [null, null, "2", null, null], [null, null, null, "3", null], [null, null, null, null, "4"], [null, null, null, "3", null], [null, null, "2", null, null], [null, "1", null, null, null], [null, "1", null, null, null], [null, null, "2", null, null], [null, null, null, "3", null], [null, null, null, null, "4"], [null, null, null, "3", null], [null, null, "2", null, null]], "type": "grid"}, "6810": {"data": [[null, "1", null], [null, null, "2"], [null, "1", null], [null, null, "2"], [null, "1", null], [null, null, "2"], [null, "1", null]], "type": "grid"}, "6811": {"data": [[null, "1", null, null, null], [null, null, "2", null, null], [null, null, null, "3", null], [null, null, null, null, "4"], [null, null, null, "3", null], [null, null, "2", null, null], [null, "1", null, null, null], [null, null, "2", null, null]], "type": "grid"}, "6812": {"data": [[null, "1", null, null, null], [null, null, "2", null, null], [null, null, null, "3", null], [null, null, null, null, "4"], [null, null, null, "3", null], [null, null, "2", null, null], [null, null, null, null, null], [null, null, null, null, null]], "type": "grid"}, "6813": {"data": [[null, "1", null], [null, "1", null], [null, "1", null], [null, "1", null], [null, "1", null], [null, null, null], [null, null, null]], "type": "grid"}, "6814": {"data": [[null, "1", null], [null, "1", null], [null, null, null], [null, "1", null], [null, null, null], [null, null, null]], "type": "grid"}, "6815": {"data": [[null, "1", null], [null, "1", null], [null, "1", null], [null, null, "2"], [null, null, "2"], [null, null, "2"], [null, null, "2"], [null, null, "2"], [null, null, "2"], [null, null, "2"], [null, null, "2"]], "type": "grid"}, "6816": {"data": [[null, "1", null], [null, "1", null], [null, "1", null], [null, "1", null], [null, "1", null], [null, "1", null], [null, "1", null], [null, "1", null], [null, "1", null]], "type": "grid"}, "6817": {"data": [[null, "1", null], [null, "1", null], [null, "1", null], [null, "1", null], [null, "1", null], [null, "1", null]], "type": "grid"}, "6818": {"data": [[null, "1", null, null], [null, null, "2", null], [null, null, null, "3"], [null, null, null, "3"], [null, null, "2", null], [null, null, "2", null], [null, null, "2", null], [null, null, "2", null], [null, null, "2", null], [null, null, "2", null], [null, null, "2", null], [null, null, "2", null], [null, null, "2", null], [null, null, "2", null], [null, null, "2", null], [null, null, "2", null], [null, null, "2", null], [null, null, "2", null], [null, null, null, null]], "type": "grid"}, "6819": {"data": [[null, "1", null], [null, "1", null], [null, "1", null], [null, "1", null], [null, "1", null], [null, "1", null], [null, "1", null], [null, "1", null], [null, "1", null]], "type": "grid"}, "6820": {"data": [[null, "1", null, null], [null, "1", null, null], [null, null, "2", null], [null, null, null, null], [null, null, "2", null], [null, null, "2", null], [null, null, "2", null], [null, null, "2", null], [null, null, "2", null], [null, null, "2", null], [null, null, null, null]], "type": "grid"}, "6821": "Đáp ứng tốt", "6822": "LOS", "6824": {"data": [[null, null, null, null], [null, null, null, null], [null, null, null, null], [null, null, null, null], [null, null, null, null], [null, null, null, null], [null, null, null, null], [null, null, null, null], [null, null, null, null], [null, null, null, null], [null, null, null, null], [null, null, null, null], [null, null, null, null], [null, null, null, null], [null, null, null, null], [null, null, null, null], [null, null, null, null]], "type": "grid"}, "email": "test@hmail.com", "phone": "", "agency": "", "position": "", "full_name": "test", "department": "", "organization": ""}	f	\N	f	f	2026-07-13 19:07:08.620221+00	582	18	{"sec_mrd51u8k_s7xvx": 0, "sec_mrd52i20_bxs8q": 100, "sec_mrd589py_n4ccb": 100, "sec_mrd58wv7_h9r0m": 100, "sec_mrd5h8uk_83ljt": 100, "sec_mrd5h8uk_lb1ld": 100, "sec_mrd5h8uk_q8t9f": 100, "sec_mrd5h8uk_zlvj1": 100, "sec_mrd5h8uk_znbx8": 100, "sec_mrd5hvzu_sb784": 100, "sec_mrd5hvzv_7jcz3": 100, "sec_mrd5hvzv_a4wue": 100, "sec_mrd5hvzv_ae5ra": 100, "sec_mrd5hvzv_vsvm8": 100, "sec_mrd5hvzv_ztdcy": 100, "sec_mrd5ij53_k401z": 0, "sec_mrd5ij53_lxnd3": 0}	draft
82	\N	\N	test@hmail.com	Mozilla/5.0 (Windows NT 10.0; Win64; x64) AppleWebKit/537.36 (KHTML, like Gecko) Chrome/150.0.0.0 Safari/537.36 Edg/150.0.0.0	2026-07-13 18:42:04.637945+00	2026-07-13 18:43:54.523029+00	110	{"6692": {"data": [[null, "1", null, null, null], [null, null, "2", null, null], [null, null, null, "3", null], [null, null, null, null, "4"], [null, null, null, "3", null], [null, null, "2", null, null], [null, "1", null, null, null], [null, null, "2", null, null]], "type": "grid"}, "6693": {"data": [[null, "1", null, null, null], [null, null, "2", null, null], [null, null, null, "3", null], [null, null, null, null, "4"], [null, null, null, "3", null], [null, null, "2", null, null], [null, "1", null, null, null], [null, "1", null, null, null]], "type": "grid"}, "6694": {"data": [[null, "1", null], [null, "1", null], [null, null, "2"], [null, "1", null], [null, "1", null], [null, "1", null], [null, "1", null]], "type": "grid"}, "6695": {"data": [[null, "1", null], [null, "1", null], [null, "1", null], [null, "1", null], [null, "1", null], [null, "1", null]], "type": "grid"}, "6696": {"data": [[null, "1", null], [null, "1", null], [null, "1", null], [null, null, "2"], [null, "1", null], [null, null, "2"], [null, "1", null], [null, null, "2"], [null, null, "2"], [null, "1", null], [null, "1", null]], "type": "grid"}, "6697": {"data": [[null, "1", null], [null, "1", null], [null, null, "2"], [null, null, "2"], [null, null, "2"], [null, null, "2"], [null, null, "2"], [null, null, "2"], [null, null, "2"]], "type": "grid"}, "6698": {"data": [[null, "1", null], [null, "1", null], [null, "1", null], [null, "1", null], [null, "1", null], [null, "1", null]], "type": "grid"}, "6699": {"data": [[null, ["1"], null, null], [null, null, ["2"], null], [null, null, null, ["3"]], [null, null, ["2"], null], [null, ["1"], null, null], [null, null, ["2"], null], [null, null, null, ["3"]], [null, null, null, ["3"]], [null, null, ["2"], null], [null, null, ["2"], null], [null, ["1"], null, null], [null, ["1"], null, null], [null, ["1"], null, null], [null, ["1"], null, null], [null, ["1"], null, null], [null, ["1"], null, null], [null, null, null, ["3"]], [null, ["1"], null, ["3"]], [null, ["1"], null, null]], "type": "grid"}, "6700": {"data": [[null, "1", null], [null, "1", null], [null, "1", null], [null, "1", null], [null, "1", null], [null, "1", null], [null, "1", null], [null, "1", null], [null, "1", null]], "type": "grid"}, "6701": {"data": [[null, "1", null, null], [null, null, "2", null], [null, null, "2", null], [null, null, null, "3"], [null, null, null, "3"], [null, null, "2", null], [null, "1", null, null], [null, "1", null, null], [null, null, "2", null], [null, null, null, "3"], [null, null, null, "3"]], "type": "grid"}, "6702": "Cần nâng cấp", "6705": {"data": [[null, null, "2", "Hoàng oo"], [null, null, "2", null], [null, null, "2", null], [null, null, "2", null], [null, null, "2", null], [null, null, "2", null], [null, null, "2", null], [null, null, "2", null], [null, null, "2", null], [null, null, "2", null], [null, null, "2", null], [null, null, "2", null], [null, null, "2", null], [null, null, "2", null], [null, null, "2", null], [null, null, "2", null], [null, null, "2", null]], "type": "grid"}, "6708": {"data": [[null, null, "2"], [null, null, "2"], [null, null, "2"], [null, null, "2"], [null, null, "2"]], "type": "grid"}, "6709": {"data": [[null, null, null, null, "4"], [null, null, null, null, "4"], [null, null, null, "3", null], [null, null, null, "3", null], [null, null, "2", null, null], [null, "1", null, null, null], [null, "1", null, null, null], [null, "1", null, null, null], [null, "1", null, null, null], [null, "1", null, null, null], [null, "1", null, null, null], [null, "1", null, null, null], [null, "1", null, null, null]], "type": "grid"}, "6710": {"data": [[null, "1", null], [null, "1", null], [null, "1", null], [null, "1", null], [null, "1", null], [null, "1", null], [null, "1", null]], "type": "grid"}, "email": "test@hmail.com", "phone": "", "agency": "", "position": "", "full_name": "test", "department": "", "organization": ""}	f	\N	f	f	2026-07-13 18:42:04.638054+00	582	18	{"sec_mrd51u8k_s7xvx": 0, "sec_mrd52i20_bxs8q": 100, "sec_mrd589py_n4ccb": 100, "sec_mrd58wv7_h9r0m": 100, "sec_mrd5h8uk_83ljt": 100, "sec_mrd5h8uk_lb1ld": 100, "sec_mrd5h8uk_q8t9f": 100, "sec_mrd5h8uk_zlvj1": 100, "sec_mrd5h8uk_znbx8": 100, "sec_mrd5hvzu_sb784": 100, "sec_mrd5hvzv_7jcz3": 100, "sec_mrd5hvzv_a4wue": 100, "sec_mrd5hvzv_ae5ra": 100, "sec_mrd5hvzv_vsvm8": 0, "sec_mrd5hvzv_ztdcy": 100, "sec_mrd5ij53_k401z": 100, "sec_mrd5ij53_lxnd3": 0}	submitted
41	\N	\N	\N	Mozilla/5.0 (Windows NT 10.0; Win64; x64) AppleWebKit/537.36 (KHTML, like Gecko) Chrome/150.0.0.0 Safari/537.36 Edg/150.0.0.0	2026-07-13 11:30:28.644917+00	2026-07-13 11:32:19.339251+00	111	{"5379": [["Xã Thường Tín", "Nguyễn Văn Tản", "Phó Chủ tịch UBND xã", "Văn hóa - Xã hội", "0912717821", "nguyenvantan_thuongtin@hanoi.gov.vn", "13/07/2026"]], "5381": {"data": [[null, "1", null, null, null], [null, "1", null, null, null], [null, "1", null, null, null], [null, "1", null, null, null]], "type": "grid"}, "5382": {"data": [[null, "1", null, null, null], [null, "1", null, null, null], [null, "1", null, null, null], [null, "1", null, null, null]], "type": "grid"}, "5383": {"data": [[null, "1", null], [null, "1", null], [null, "1", null], [null, "1", null], [null, "1", null], [null, "1", null]], "type": "grid"}, "5384": {"data": [[null, "1", null], [null, "1", null], [null, "1", null], [null, "1", null], [null, "1", null], [null, "1", null], [null, "1", null], [null, "1", null], [null, "1", null], [null, "1", null], [null, "1", null], [null, "1", null], [null, "1", null], [null, "1", null], [null, "1", null]], "type": "grid"}, "5385": {"data": [[null, "1", null, null], [null, "1", null, null], [null, "1", null, null], [null, "1", null, null], [null, "1", null, null], [null, "1", null, null]], "type": "grid"}, "5386": "Không", "5387": "Không"}	f	\N	f	f	2026-07-13 11:30:28.645004+00	\N	16	{"sec_mrd3lxb1_4sre5": 100, "sec_mrd3mk79_mf9ln": 100, "sec_mrd3y4v6_12wu0": 100, "sec_mrd3y4v6_1oowr": 100, "sec_mrd4dtgl_a57uj": 100, "sec_mrd4dtgl_kpp08": 100, "sec_mrd4dtgl_qprnt": 100}	submitted
67	\N	\N	\N	Mozilla/5.0 (Linux; Android 10; K) AppleWebKit/537.36 (KHTML, like Gecko) Chrome/149.0.0.0 Mobile Safari/537.36	2026-07-13 16:21:14.141975+00	\N	0	{}	f	\N	f	f	2026-07-13 16:21:14.142163+00	582	21	{}	draft
51	\N	\N	\N	Mozilla/5.0 (Windows NT 10.0; Win64; x64) AppleWebKit/537.36 (KHTML, like Gecko) Chrome/150.0.0.0 Safari/537.36 Edg/150.0.0.0	2026-07-13 11:45:00.394294+00	\N	0	{}	f	\N	f	f	2026-07-13 11:45:00.394392+00	\N	16	{}	draft
83	\N	\N	\N	Mozilla/5.0 (Windows NT 10.0; Win64; x64) AppleWebKit/537.36 (KHTML, like Gecko) Chrome/150.0.0.0 Safari/537.36 Edg/150.0.0.0	2026-07-13 18:46:18.467456+00	\N	0	{}	f	\N	f	f	2026-07-13 18:46:18.467554+00	582	18	{}	draft
74	\N	\N	test@hmail.com	Mozilla/5.0 (Windows NT 10.0; Win64; x64) AppleWebKit/537.36 (KHTML, like Gecko) Chrome/150.0.0.0 Safari/537.36 Edg/150.0.0.0	2026-07-13 18:18:52.331632+00	\N	180	{"6502": {"data": [[null, null, null], [null, null, null], [null, null, null], [null, null, null], [null, null, null]], "type": "grid"}, "6503": {"data": [[null, null, null, null, null], [null, null, null, null, null], [null, null, null, null, null], [null, null, null, null, null], [null, null, null, null, null], [null, null, null, null, null], [null, null, null, null, null], [null, null, null, null, null], [null, null, null, null, null], [null, null, null, null, null], [null, null, null, null, null], [null, null, null, null, null], [null, null, null, null, null]], "type": "grid"}, "6504": {"data": [[null, null, null], [null, null, null], [null, null, null], [null, null, null], [null, null, null], [null, null, null], [null, null, null]], "type": "grid"}, "6505": {"data": [[null, null, null, null, null], [null, null, null, null, null], [null, null, null, null, null], [null, null, null, null, null], [null, null, null, null, null], [null, null, null, null, null], [null, null, null, null, null], [null, null, null, null, null]], "type": "grid"}, "6506": {"data": [[null, null, null, null, null], [null, null, null, null, null], [null, null, null, null, null], [null, null, null, null, null], [null, null, null, null, null], [null, null, null, null, null], [null, null, null, null, null], [null, null, null, null, null]], "type": "grid"}, "6507": {"data": [[null, null, null], [null, null, null], [null, null, null], [null, null, null], [null, null, null], [null, null, null], [null, null, null]], "type": "grid"}, "6508": {"data": [[null, null, null], [null, null, null], [null, null, null], [null, null, null], [null, null, null], [null, null, null]], "type": "grid"}, "6509": {"data": [[null, null, null], [null, null, null], [null, null, null], [null, null, null], [null, null, null], [null, null, null], [null, null, null], [null, null, null], [null, null, null], [null, null, null], [null, null, null]], "type": "grid"}, "6510": {"data": [[null, null, null], [null, null, null], [null, null, null], [null, null, null], [null, null, null], [null, null, null], [null, null, null], [null, null, null], [null, null, null]], "type": "grid"}, "6511": {"data": [[null, null, null], [null, null, null], [null, null, null], [null, null, null], [null, null, null], [null, null, null]], "type": "grid"}, "6512": {"data": [[null, null, null, null], [null, null, null, null], [null, null, null, null], [null, null, null, null], [null, null, null, null], [null, null, null, null], [null, null, null, null], [null, null, null, null], [null, null, null, null], [null, null, null, null], [null, null, null, null], [null, null, null, null], [null, null, null, null], [null, null, null, null], [null, null, null, null], [null, null, null, null], [null, null, null, null], [null, null, null, null], [null, null, null, null]], "type": "grid"}, "6513": {"data": [[null, null, null], [null, null, null], [null, null, null], [null, null, null], [null, null, null], [null, null, null], [null, null, null], [null, null, null], [null, null, null]], "type": "grid"}, "6514": {"data": [[null, null, null, null], [null, null, null, null], [null, null, null, null], [null, null, null, null], [null, null, null, null], [null, null, null, null], [null, null, null, null], [null, null, null, null], [null, null, null, null], [null, null, null, null], [null, null, null, null]], "type": "grid"}, "6518": {"data": [[null, null, null, null], [null, null, null, null], [null, null, null, null], [null, null, null, null], [null, null, null, null], [null, null, null, null], [null, null, null, null], [null, null, null, null], [null, null, null, null], [null, null, null, null], [null, null, null, null], [null, null, null, null], [null, null, null, null], [null, null, null, null], [null, null, null, null], [null, null, null, null], [null, null, null, null]], "type": "grid"}, "email": "test@hmail.com", "phone": "", "agency": "", "position": "", "full_name": "test", "department": "", "organization": ""}	f	\N	f	f	2026-07-13 18:18:52.331729+00	582	18	{"sec_mrd51u8k_s7xvx": 0, "sec_mrd52i20_bxs8q": 0, "sec_mrd589py_n4ccb": 0, "sec_mrd58wv7_h9r0m": 0, "sec_mrd5h8uk_83ljt": 0, "sec_mrd5h8uk_lb1ld": 0, "sec_mrd5h8uk_q8t9f": 0, "sec_mrd5h8uk_zlvj1": 0, "sec_mrd5h8uk_znbx8": 0, "sec_mrd5hvzu_sb784": 0, "sec_mrd5hvzv_7jcz3": 0, "sec_mrd5hvzv_a4wue": 0, "sec_mrd5hvzv_ae5ra": 0, "sec_mrd5hvzv_vsvm8": 0, "sec_mrd5hvzv_ztdcy": 0, "sec_mrd5ij53_k401z": 0, "sec_mrd5ij53_lxnd3": 0}	draft
42	\N	\N	\N	Mozilla/5.0 (Windows NT 10.0; Win64; x64) AppleWebKit/537.36 (KHTML, like Gecko) Chrome/150.0.0.0 Safari/537.36 Edg/150.0.0.0	2026-07-13 11:32:25.167657+00	\N	0	{}	f	\N	f	f	2026-07-13 11:32:25.167751+00	560	21	{}	draft
22	\N	\N	\N	Mozilla/5.0 (Windows NT 10.0; Win64; x64) AppleWebKit/537.36 (KHTML, like Gecko) Chrome/148.0.0.0 Safari/537.36	2026-07-13 08:31:28.341166+00	\N	0	{}	f	\N	f	f	2026-07-13 08:31:28.341271+00	\N	16	{}	draft
21	\N	\N	\N	Mozilla/5.0 (Windows NT 10.0; Win64; x64) AppleWebKit/537.36 (KHTML, like Gecko) Chrome/150.0.0.0 Safari/537.36 Edg/150.0.0.0	2026-07-13 06:17:58.074158+00	\N	548	{"2188": [["", "", "", "", "", "", "", ""]], "2190": {"data": [[null, null, null, null, null], [null, null, null, null, null], [null, null, null, null, null], [null, null, null, null, null], [null, null, null, null, null], [null, null, null, null, null], [null, null, null, null, null], [null, null, null, null, null], [null, null, null, null, null], [null, null, null, null, null], [null, null, null, null, null], [null, null, null, null, null], [null, null, null, null, null]], "type": "grid"}, "2191": {"data": [[null, null, null], [null, null, null], [null, null, null], [null, null, null], [null, null, null]], "type": "grid"}, "2192": {"data": [[null, null, null], [null, null, null], [null, null, null], [null, null, null], [null, null, null], [null, null, null], [null, null, null]], "type": "grid"}, "2193": {"data": [[null, null, null, null, null], [null, null, null, null, null], [null, null, null, null, null], [null, null, null, null, null], [null, null, null, null, null], [null, null, null, null, null], [null, null, null, null, null], [null, null, null, null, null]], "type": "grid"}, "2194": {"data": [[null, null, null, null, null], [null, null, null, null, null], [null, null, null, null, null], [null, null, null, null, null], [null, null, null, null, null], [null, null, null, null, null], [null, null, null, null, null], [null, null, null, null, null]], "type": "grid"}, "2195": {"data": [[null, null, null], [null, null, null], [null, null, null], [null, null, null], [null, null, null], [null, null, null], [null, null, null]], "type": "grid"}, "2196": {"data": [[null, null, null], [null, null, null], [null, null, null], [null, null, null], [null, null, null], [null, null, null]], "type": "grid"}, "2197": {"data": [[null, null, null], [null, null, null], [null, null, null], [null, null, null], [null, null, null], [null, null, null], [null, null, null], [null, null, null], [null, null, null], [null, null, null], [null, null, null]], "type": "grid"}, "2198": {"data": [[null, null, null], [null, null, null], [null, null, null], [null, null, null], [null, null, null], [null, null, null], [null, null, null], [null, null, null], [null, null, null]], "type": "grid"}, "2199": {"data": [[null, null, null], [null, null, null], [null, null, null], [null, null, null], [null, null, null], [null, null, null]], "type": "grid"}, "2200": {"data": [[null, null, null, null], [null, null, null, null], [null, null, null, null], [null, null, null, null], [null, null, null, null], [null, null, null, null], [null, null, null, null], [null, null, null, null], [null, null, null, null], [null, null, null, null], [null, null, null, null], [null, null, null, null], [null, null, null, null], [null, null, null, null], [null, null, null, null], [null, null, null, null], [null, null, null, null], [null, null, null, null], [null, null, null, null]], "type": "grid"}, "2201": {"data": [[null, null, null], [null, null, null], [null, null, null], [null, null, null], [null, null, null], [null, null, null], [null, null, null], [null, null, null], [null, null, null]], "type": "grid"}, "2202": {"data": [[null, null, null, null], [null, null, null, null], [null, null, null, null], [null, null, null, null], [null, null, null, null], [null, null, null, null], [null, null, null, null], [null, null, null, null], [null, null, null, null], [null, null, null, null], [null, null, null, null]], "type": "grid"}, "2206": {"data": [[null, null, null, null], [null, null, null, null], [null, null, null, null], [null, null, null, null], [null, null, null, null], [null, null, null, null], [null, null, null, null], [null, null, null, null], [null, null, null, null], [null, null, null, null], [null, null, null, null], [null, null, null, null], [null, null, null, null], [null, null, null, null], [null, null, null, null], [null, null, null, null], [null, null, null, null]], "type": "grid"}}	f	\N	f	f	2026-07-13 06:17:58.074249+00	\N	18	{"sec_mrd51u8k_s7xvx": 0, "sec_mrd52i20_bxs8q": 0, "sec_mrd589py_n4ccb": 0, "sec_mrd58wv7_h9r0m": 0, "sec_mrd5h8uk_83ljt": 0, "sec_mrd5h8uk_lb1ld": 0, "sec_mrd5h8uk_q8t9f": 0, "sec_mrd5h8uk_zlvj1": 0, "sec_mrd5h8uk_znbx8": 0, "sec_mrd5hvzu_sb784": 0, "sec_mrd5hvzv_7jcz3": 0, "sec_mrd5hvzv_a4wue": 0, "sec_mrd5hvzv_ae5ra": 0, "sec_mrd5hvzv_vsvm8": 0, "sec_mrd5hvzv_ztdcy": 0, "sec_mrd5ij53_k401z": 0, "sec_mrd5ij53_lxnd3": 0}	draft
75	\N	\N	\N	Mozilla/5.0 (Windows NT 10.0; Win64; x64) AppleWebKit/537.36 (KHTML, like Gecko) Chrome/150.0.0.0 Safari/537.36 Edg/150.0.0.0	2026-07-13 18:21:59.311702+00	\N	0	{}	f	\N	f	f	2026-07-13 18:21:59.311821+00	582	21	{}	draft
52	\N	\N	test@hmail.com	Mozilla/5.0 (Windows NT 10.0; Win64; x64) AppleWebKit/537.36 (KHTML, like Gecko) Chrome/150.0.0.0 Safari/537.36 Edg/150.0.0.0	2026-07-13 11:45:00.735918+00	2026-07-13 11:45:02.48064+00	2	{"5379": [["", "", "", "", "", "", ""]], "5381": {"data": [[null, null, null, null, null], [null, null, null, null, null], [null, null, null, null, null], [null, null, null, null, null]], "type": "grid"}, "5382": {"data": [[null, null, null, null, null], [null, null, null, null, null], [null, null, null, null, null], [null, null, null, null, null]], "type": "grid"}, "5383": {"data": [[null, null, null], [null, null, null], [null, null, null], [null, null, null], [null, null, null], [null, null, null]], "type": "grid"}, "5384": {"data": [[null, null, null], [null, null, null], [null, null, null], [null, null, null], [null, null, null], [null, null, null], [null, null, null], [null, null, null], [null, null, null], [null, null, null], [null, null, null], [null, null, null], [null, null, null], [null, null, null], [null, null, null]], "type": "grid"}, "5385": {"data": [[null, null, null, null], [null, null, null, null], [null, null, null, null], [null, null, null, null], [null, null, null, null], [null, null, null, null]], "type": "grid"}, "email": "test@hmail.com", "phone": "", "agency": "An Khánh", "position": "", "full_name": "test", "department": "An Khánh", "organization": "An Khánh"}	f	\N	f	f	2026-07-13 11:45:00.736021+00	\N	16	{"sec_mrd3lxb1_4sre5": 0, "sec_mrd3mk79_mf9ln": 0, "sec_mrd3y4v6_12wu0": 0, "sec_mrd3y4v6_1oowr": 0, "sec_mrd4dtgl_a57uj": 0, "sec_mrd4dtgl_kpp08": 0, "sec_mrd4dtgl_qprnt": 0}	submitted
53	\N	\N	\N	Mozilla/5.0 (Windows NT 10.0; Win64; x64) AppleWebKit/537.36 (KHTML, like Gecko) Chrome/150.0.0.0 Safari/537.36	2026-07-13 11:45:36.748921+00	\N	0	{}	f	\N	f	f	2026-07-13 11:45:36.749014+00	529	21	{}	draft
68	\N	\N	test@hmail.com	Mozilla/5.0 (Linux; Android 10; K) AppleWebKit/537.36 (KHTML, like Gecko) Chrome/149.0.0.0 Mobile Safari/537.36	2026-07-13 16:21:14.390688+00	\N	38	{"5635": [["Ok", "Ok", "Ok", "Ok", "Ok"]], "5637": [["", "", "", "", "", "", "", "", "", "", "", "", ""]], "5638": [["", "", "", "", "", "", "", "", ""]], "5639": {"data": [[null, null, null, null], [null, null, null, null], [null, null, null, null], [null, null, null, null], [null, null, null, null], [null, null, null, null], [null, null, null, null], [null, null, null, null], [null, null, null, null], [null, null, null, null], [null, null, null, null]], "type": "grid"}, "5641": {"data": [[null, null, null], [null, null, null], [null, null, null], [null, null, null], [null, null, null], [null, null, null], [null, null, null], [null, null, null], [null, null, null], [null, null, null], [null, null, null]], "type": "grid"}, "5642": [["Thấp", "Thấp", "Thấp", "Thấp", "Thấp", "Thấp", "Thấp", "Thấp", "Thấp", "Thấp", "Thấp", "Thấp", "Thấp"]], "5646": [["", "", ""]], "email": "test@hmail.com", "phone": "", "agency": "", "position": "", "full_name": "test", "department": "", "organization": ""}	f	\N	f	f	2026-07-13 16:21:14.390801+00	582	21	{"sec_mrd8b91s_6w42v": 0, "sec_mrd8b91s_lt38n": 100, "sec_mrd8b91s_myjiw": 0, "sec_mrd8b91s_uidqk": 0, "sec_mrd8bulo_210ie": 0, "sec_mrd8bulo_2woxu": 0, "sec_mrd8bulo_djttb": 0, "sec_mrd8bulo_frqyl": 0, "sec_mrd8bulo_rqbbl": 0, "sec_mrd8bulo_w8efh": 0}	draft
58	\N	\N		Mozilla/5.0 (Windows NT 10.0; Win64; x64) AppleWebKit/537.36 (KHTML, like Gecko) Chrome/150.0.0.0 Safari/537.36 Edg/150.0.0.0	2026-07-13 12:26:23.022147+00	2026-07-13 12:28:19.814457+00	117	{"5580": [["", "", "", "", "", "", "", "", ""]], "5581": {"data": [[null, "1", null, null], [null, "1", null, null], [null, "1", null, null], [null, "1", null, null], [null, "1", null, null], [null, "1", null, null], [null, "1", null, null], [null, "1", null, null], [null, "1", null, null], [null, "1", null, null], [null, "1", null, null]], "type": "grid"}, "5583": {"data": [[null, "1", null], [null, "1", null], [null, "1", null], [null, "1", null], [null, "1", null], [null, "1", null], [null, "1", null], [null, "1", null], [null, "1", null], [null, "1", null], [null, "1", null]], "type": "grid"}, "5584": [["Thấp", "Thấp", "Thấp", "Thấp", "Thấp", "Thấp", "Thấp", "Thấp", "Thấp", "Thấp", "Thấp", "Thấp", "Thấp"]], "5585": "Không", "5586": "Không", "5587": "Không", "5588": [["", "", ""]], "5590": "Cần tổ chức cuộc họp chuyên đề.", "5592": [["", "", "", "", "", "", "", "", "", "", "", "", ""]], "email": "", "phone": "", "agency": "Gia Lâm", "position": "", "full_name": "ks2_gialam", "department": "Gia Lâm", "organization": "Gia Lâm"}	f	\N	f	f	2026-07-13 12:26:23.022229+00	522	21	{"sec_mrd8b91s_6w42v": 100, "sec_mrd8b91s_lt38n": 0, "sec_mrd8b91s_myjiw": 100, "sec_mrd8b91s_uidqk": 0, "sec_mrd8bulo_210ie": 100, "sec_mrd8bulo_2woxu": 100, "sec_mrd8bulo_djttb": 100, "sec_mrd8bulo_frqyl": 0, "sec_mrd8bulo_rqbbl": 100, "sec_mrd8bulo_w8efh": 100}	draft
76	\N	\N	test@hmail.com	Mozilla/5.0 (Windows NT 10.0; Win64; x64) AppleWebKit/537.36 (KHTML, like Gecko) Chrome/150.0.0.0 Safari/537.36 Edg/150.0.0.0	2026-07-13 18:21:59.606393+00	\N	0	{"email": "test@hmail.com", "phone": "", "agency": "", "position": "", "full_name": "test", "department": "", "organization": ""}	f	\N	f	f	2026-07-13 18:21:59.606508+00	582	21	{}	draft
84	\N	\N	test@hmail.com	Mozilla/5.0 (Windows NT 10.0; Win64; x64) AppleWebKit/537.36 (KHTML, like Gecko) Chrome/150.0.0.0 Safari/537.36 Edg/150.0.0.0	2026-07-13 18:46:18.828188+00	2026-07-13 18:47:00.209643+00	41	{"6732": {"data": [[null, null, null], [null, null, null], [null, null, null], [null, null, null], [null, null, null]], "type": "grid"}, "6733": {"data": [[null, null, null, null, null], [null, null, null, null, null], [null, null, null, null, null], [null, null, null, null, null], [null, null, null, null, null], [null, null, null, null, null], [null, null, null, null, null], [null, null, null, null, null], [null, null, null, null, null], [null, null, null, null, null], [null, null, null, null, null], [null, null, null, null, null], [null, null, null, null, null]], "type": "grid"}, "6734": {"data": [[null, null, null], [null, null, null], [null, null, null], [null, null, null], [null, null, null], [null, null, null], [null, null, null]], "type": "grid"}, "6735": {"data": [[null, null, null, null, null], [null, null, null, null, null], [null, null, null, null, null], [null, null, null, null, null], [null, null, null, null, null], [null, null, null, null, null], [null, null, null, null, null], [null, null, null, null, null]], "type": "grid"}, "6736": {"data": [[null, null, null, null, null], [null, null, null, null, null], [null, null, null, null, null], [null, null, null, null, null], [null, null, null, null, null], [null, null, null, null, null], [null, null, null, null, null], [null, null, null, null, null]], "type": "grid"}, "6737": {"data": [[null, null, null], [null, null, null], [null, null, null], [null, null, null], [null, null, null], [null, null, null], [null, null, null]], "type": "grid"}, "6738": {"data": [[null, null, null], [null, null, null], [null, null, null], [null, null, null], [null, null, null], [null, null, null]], "type": "grid"}, "6739": {"data": [[null, null, null], [null, null, null], [null, null, null], [null, null, null], [null, null, null], [null, null, null], [null, null, null], [null, null, null], [null, null, null], [null, null, null], [null, null, null]], "type": "grid"}, "6740": {"data": [[null, null, null], [null, null, null], [null, null, null], [null, null, null], [null, null, null], [null, null, null], [null, null, null], [null, null, null], [null, null, null]], "type": "grid"}, "6741": {"data": [[null, null, null], [null, null, null], [null, null, null], [null, null, null], [null, null, null], [null, null, null]], "type": "grid"}, "6742": {"data": [[null, ["1"], null, null], [null, null, ["2"], null], [null, null, null, ["3"]], [null, null, ["2"], null], [null, ["1"], null, null], [null, null, ["2"], null], [null, null, null, ["3"]], [null, null, ["2"], null], [null, ["1"], null, null], [null, null, ["2"], null], [null, null, null, ["3"]], [null, null, ["2"], null], [null, ["1"], null, null], [null, null, ["2"], null], [null, null, null, ["3"]], [null, null, null, ["3"]], [null, null, ["2"], null], [null, null, ["2"], null], [null, null, ["2"], null]], "type": "grid"}, "6743": {"data": [[null, "1", null], [null, "1", null], [null, "1", null], [null, "1", null], [null, "1", null], [null, "1", null], [null, "1", null], [null, "1", null], [null, "1", null]], "type": "grid"}, "6744": {"data": [[null, "1", null, null], [null, null, "2", null], [null, null, null, "3"], [null, null, "2", null], [null, null, "2", null], [null, null, "2", null], [null, null, "2", null], [null, null, null, "3"], [null, null, "2", null], [null, null, "2", null], [null, null, "2", null]], "type": "grid"}, "6745": "Đáp ứng", "6748": {"data": [[null, null, "2", null], [null, null, "2", null], [null, null, "2", null], [null, null, "2", null], [null, null, "2", null], [null, null, "2", null], [null, null, "2", null], [null, null, "2", null], [null, null, "2", null], [null, null, "2", null], [null, null, "2", null], [null, null, "2", null], [null, null, "2", null], [null, null, "2", null], [null, null, "2", null], [null, null, "2", null], [null, null, "2", null]], "type": "grid"}, "email": "test@hmail.com", "phone": "", "agency": "", "position": "", "full_name": "test", "department": "", "organization": ""}	f	\N	f	f	2026-07-13 18:46:18.828269+00	582	18	{"sec_mrd51u8k_s7xvx": 0, "sec_mrd52i20_bxs8q": 0, "sec_mrd589py_n4ccb": 0, "sec_mrd58wv7_h9r0m": 0, "sec_mrd5h8uk_83ljt": 0, "sec_mrd5h8uk_lb1ld": 0, "sec_mrd5h8uk_q8t9f": 0, "sec_mrd5h8uk_zlvj1": 0, "sec_mrd5h8uk_znbx8": 0, "sec_mrd5hvzu_sb784": 0, "sec_mrd5hvzv_7jcz3": 100, "sec_mrd5hvzv_a4wue": 100, "sec_mrd5hvzv_ae5ra": 100, "sec_mrd5hvzv_vsvm8": 0, "sec_mrd5hvzv_ztdcy": 100, "sec_mrd5ij53_k401z": 100, "sec_mrd5ij53_lxnd3": 0}	submitted
23	\N	\N	\N	Mozilla/5.0 (Windows NT 10.0; Win64; x64) AppleWebKit/537.36 (KHTML, like Gecko) Chrome/148.0.0.0 Safari/537.36	2026-07-13 08:31:28.623368+00	2026-07-13 08:33:42.344115+00	135	{"5379": [["ss", "đ", "ssa", "ff", "12334444", "eee", "ee"]], "5381": {"data": [[null, null, "2", null, null], [null, null, "2", null, null], [null, null, "2", null, null], [null, null, "2", null, null]], "type": "grid"}, "5382": {"data": [[null, null, null, "3", null], [null, null, null, "3", null], [null, null, null, "3", null], [null, null, null, "3", null]], "type": "grid"}, "5383": {"data": [[null, "1", null], [null, "1", null], [null, "1", null], [null, "1", null], [null, "1", null], [null, "1", null]], "type": "grid"}, "5384": {"data": [[null, "1", null], [null, "1", null], [null, "1", null], [null, "1", null], [null, null, "2"], [null, null, "2"], [null, null, "2"], [null, null, "2"], [null, null, "2"], [null, null, "2"], [null, null, "2"], [null, null, "2"], [null, null, "2"], [null, null, "2"], [null, null, "2"]], "type": "grid"}, "5385": {"data": [[null, null, "2", null], [null, null, "2", null], [null, null, "2", null], [null, null, "2", null], [null, null, "2", null], [null, null, "2", null]], "type": "grid"}, "5386": "Chưa đồng bộ", "5387": "Hệ thống....."}	f	\N	f	f	2026-07-13 08:31:28.623456+00	\N	16	{"sec_mrd3lxb1_4sre5": 100, "sec_mrd3mk79_mf9ln": 100, "sec_mrd3y4v6_12wu0": 100, "sec_mrd3y4v6_1oowr": 100, "sec_mrd4dtgl_a57uj": 100, "sec_mrd4dtgl_kpp08": 100, "sec_mrd4dtgl_qprnt": 100}	draft
69	\N	\N	\N	Mozilla/5.0 (Windows NT 10.0; Win64; x64) AppleWebKit/537.36 (KHTML, like Gecko) Chrome/150.0.0.0 Safari/537.36 Edg/150.0.0.0	2026-07-13 18:13:21.825341+00	\N	0	{}	f	\N	f	f	2026-07-13 18:13:21.825461+00	582	18	{}	draft
28	\N	\N	\N	Mozilla/5.0 (Windows NT 10.0; Win64; x64) AppleWebKit/537.36 (KHTML, like Gecko) Chrome/150.0.0.0 Safari/537.36 Edg/150.0.0.0	2026-07-13 10:13:35.458686+00	\N	0	{}	f	\N	f	f	2026-07-13 10:13:35.458865+00	540	17	{}	draft
27	\N	\N	\N	Mozilla/5.0 (Windows NT 10.0; Win64; x64) AppleWebKit/537.36 (KHTML, like Gecko) Chrome/150.0.0.0 Safari/537.36 Edg/150.0.0.0	2026-07-13 08:37:25.122304+00	\N	181	{"1642": [["", "", "", "", "", "", "", ""]], "1644": {"data": [[null, null, null, null, null], [null, null, null, null, null], [null, null, null, null, null], [null, null, null, null, null], [null, null, null, null, null]], "type": "grid"}, "1645": {"data": [[null, null, null, null, null], [null, null, null, null, null], [null, null, null, null, null], [null, null, null, null, null]], "type": "grid"}, "1646": {"data": [[null, null, null, null, null], [null, null, null, null, null], [null, null, null, null, null]], "type": "grid"}, "1647": {"data": [[null, null, null, null, null], [null, null, null, null, null], [null, null, null, null, null], [null, null, null, null, null]], "type": "grid"}, "1648": {"data": [[null, null, null, null], [null, null, null, null], [null, null, null, null], [null, null, null, null], [null, null, null, null], [null, null, null, null]], "type": "grid"}, "1649": {"data": [[null, null, null], [null, null, null], [null, null, null], [null, null, null], [null, null, null], [null, null, null], [null, null, null], [null, null, null], [null, null, null], [null, null, null], [null, null, null], [null, null, null], [null, null, null], [null, null, null]], "type": "grid"}, "1650": {"data": [[null, null, null, null], [null, null, null, null], [null, null, null, null], [null, null, null, null], [null, null, null, null], [null, null, null, null]], "type": "grid"}}	f	\N	f	f	2026-07-13 08:37:25.122393+00	\N	17	{"sec_mrd4pof1_5zpng": 0, "sec_mrd4q93x_dv4pa": 0, "sec_mrd4q93x_hx301": 0, "sec_mrd4q93x_nhy01": 0, "sec_mrd4q93x_osn2f": 0, "sec_mrd4ty1p_o1mrs": 0, "sec_mrd4tycl_9vajl": 0}	draft
25	\N	\N	\N	Mozilla/5.0 (Windows NT 10.0; Win64; x64) AppleWebKit/537.36 (KHTML, like Gecko) Chrome/148.0.0.0 Safari/537.36	2026-07-13 08:34:41.096007+00	\N	397	{"5041": [["ss", "ff", "ff", "vv", "bb", "vv", "vv"]], "5042": [["", "", "", "", "", "", "", "", "", "", "", "", ""]], "5043": [["Thấp", "Thấp", "Thấp", "Thấp", "Thấp", "Thấp", "Thấp", "Thấp", "Thấp", "Thấp", "Thấp", "Thấp", "Thấp", "Thấp", "Thấp", "Thấp", "Thấp", "Thấp", "Thấp", "Thấp", "Thấp", "Thấp", "Thấp", "Thấp", "Thấp", "Thấp"]], "5044": [["", "", "", "", "", "", "", "", ""]], "5045": {"data": [[null, null, null, null], [null, null, null, null], [null, null, null, null], [null, null, null, null], [null, null, null, null], [null, null, null, null], [null, null, null, null], [null, null, null, null], [null, null, null, null], [null, null, null, null], [null, null, null, null]], "type": "grid"}, "5047": {"data": [[null, null, null], [null, null, null], [null, null, null], [null, null, null], [null, null, null], [null, null, null], [null, null, null], [null, null, null], [null, null, null], [null, null, null], [null, null, null]], "type": "grid"}, "5048": [["Thấp", "Thấp", "Thấp", "Thấp", "Thấp", "Thấp", "Thấp", "Thấp", "Thấp", "Thấp", "Thấp", "Thấp", "Thấp"]], "5052": [["", "", ""]]}	f	\N	f	f	2026-07-13 08:34:41.096112+00	\N	21	{"sec_mrd8b91s_6w42v": 0, "sec_mrd8b91s_lt38n": 100, "sec_mrd8b91s_myjiw": 0, "sec_mrd8b91s_uidqk": 0, "sec_mrd8bulo_210ie": 0, "sec_mrd8bulo_2woxu": 0, "sec_mrd8bulo_djttb": 0, "sec_mrd8bulo_frqyl": 0, "sec_mrd8bulo_rqbbl": 0, "sec_mrd8bulo_w8efh": 0}	draft
77	\N	\N	\N	Mozilla/5.0 (Windows NT 10.0; Win64; x64) AppleWebKit/537.36 (KHTML, like Gecko) Chrome/150.0.0.0 Safari/537.36 Edg/150.0.0.0	2026-07-13 18:24:52.172109+00	\N	0	{}	f	\N	f	f	2026-07-13 18:24:52.172291+00	582	21	{}	draft
24	\N	\N	\N	Mozilla/5.0 (Windows NT 10.0; Win64; x64) AppleWebKit/537.36 (KHTML, like Gecko) Chrome/148.0.0.0 Safari/537.36	2026-07-13 08:34:40.801874+00	\N	0	{}	f	\N	f	f	2026-07-13 08:34:40.802034+00	\N	21	{}	draft
26	\N	\N	\N	Mozilla/5.0 (Windows NT 10.0; Win64; x64) AppleWebKit/537.36 (KHTML, like Gecko) Chrome/150.0.0.0 Safari/537.36 Edg/150.0.0.0	2026-07-13 08:37:24.860808+00	\N	0	{}	f	\N	f	f	2026-07-13 08:37:24.86094+00	\N	17	{}	draft
85	\N	\N	\N	Mozilla/5.0 (Windows NT 10.0; Win64; x64) AppleWebKit/537.36 (KHTML, like Gecko) Chrome/150.0.0.0 Safari/537.36 Edg/150.0.0.0	2026-07-13 18:57:49.630213+00	\N	0	{}	f	\N	f	f	2026-07-13 18:57:49.630397+00	582	18	{}	draft
59	\N	\N	\N	Mozilla/5.0 (Windows NT 10.0; Win64; x64) AppleWebKit/537.36 (KHTML, like Gecko) Chrome/149.0.0.0 Safari/537.36 OPR/133.0.0.0 (Edition std-2)	2026-07-13 14:30:44.33326+00	\N	0	{}	f	\N	f	f	2026-07-13 14:30:44.333455+00	512	18	{}	draft
43	\N	\N		Mozilla/5.0 (Windows NT 10.0; Win64; x64) AppleWebKit/537.36 (KHTML, like Gecko) Chrome/150.0.0.0 Safari/537.36 Edg/150.0.0.0	2026-07-13 11:32:25.374327+00	2026-07-13 11:40:11.327551+00	157	{"5483": [["", "", "", "", "", "", "", "", "", "", "", "", ""]], "5484": [["Thấp", "Thấp", "Thấp", "Thấp", "Thấp", "Thấp", "Thấp", "Thấp", "Thấp", "Thấp", "Thấp", "Thấp", "Thấp", "Thấp", "Thấp", "Thấp", "Thấp", "Thấp", "Thấp", "Thấp", "Thấp", "Thấp", "Thấp", "Thấp", "Thấp", "Thấp"]], "5485": [["", "", "", "", "", "", "", "", ""]], "5486": {"data": [[null, "1", null, null], [null, "1", null, null], [null, "1", null, null], [null, "1", null, null], [null, "1", null, null], [null, "1", null, null], [null, "1", null, null], [null, "1", null, null], [null, "1", null, null], [null, "1", null, null], [null, "1", null, null]], "type": "grid"}, "5488": {"data": [[null, "1", null], [null, "1", null], [null, "1", null], [null, "1", null], [null, "1", null], [null, "1", null], [null, "1", null], [null, "1", null], [null, "1", null], [null, "1", null], [null, "1", null]], "type": "grid"}, "5489": [["Thấp", "Thấp", "Thấp", "Thấp", "Thấp", "Thấp", "Thấp", "Thấp", "Thấp", "Thấp", "Thấp", "Thấp", "Thấp"]], "5490": "Không", "5491": "Không", "5492": "Không", "5493": [["", "", ""]], "5495": "Các yêu cầu trên đã được thống nhất.", "email": "", "phone": "", "agency": "Thường Tín", "position": "", "full_name": "ks2_thuongtin", "department": "Thường Tín", "organization": "Thường Tín"}	f	\N	f	f	2026-07-13 11:32:25.374405+00	560	21	{"sec_mrd8b91s_6w42v": 100, "sec_mrd8b91s_lt38n": 0, "sec_mrd8b91s_myjiw": 100, "sec_mrd8b91s_uidqk": 100, "sec_mrd8bulo_210ie": 100, "sec_mrd8bulo_2woxu": 100, "sec_mrd8bulo_djttb": 100, "sec_mrd8bulo_frqyl": 0, "sec_mrd8bulo_rqbbl": 100, "sec_mrd8bulo_w8efh": 100}	draft
32	\N	\N	\N	Mozilla/5.0 (Windows NT 10.0; Win64; x64) AppleWebKit/537.36 (KHTML, like Gecko) Chrome/150.0.0.0 Safari/537.36	2026-07-13 10:44:02.212493+00	\N	0	{}	f	\N	f	f	2026-07-13 10:44:02.212626+00	561	17	{}	draft
30	\N	\N	\N	Mozilla/5.0 (Windows NT 10.0; Win64; x64) AppleWebKit/537.36 (KHTML, like Gecko) Chrome/150.0.0.0 Safari/537.36 Edg/150.0.0.0	2026-07-13 10:27:37.467222+00	\N	0	{}	f	\N	f	f	2026-07-13 10:27:37.467331+00	\N	17	{}	draft
31	\N	\N	\N	Mozilla/5.0 (Windows NT 10.0; Win64; x64) AppleWebKit/537.36 (KHTML, like Gecko) Chrome/150.0.0.0 Safari/537.36 Edg/150.0.0.0	2026-07-13 10:27:37.719774+00	\N	0	{}	f	\N	f	f	2026-07-13 10:27:37.719881+00	\N	17	{}	draft
33	\N	\N	\N	Mozilla/5.0 (Windows NT 10.0; Win64; x64) AppleWebKit/537.36 (KHTML, like Gecko) Chrome/150.0.0.0 Safari/537.36	2026-07-13 10:44:02.455618+00	\N	0	{}	f	\N	f	f	2026-07-13 10:44:02.455691+00	\N	17	{}	draft
29	\N	\N	\N	Mozilla/5.0 (Windows NT 10.0; Win64; x64) AppleWebKit/537.36 (KHTML, like Gecko) Chrome/150.0.0.0 Safari/537.36 Edg/150.0.0.0	2026-07-13 10:13:35.667958+00	2026-07-13 10:28:59.884799+00	925	{"5455": [["UBND phường Chương Mỹ", "Đặng Hoàng Long", "Chuyên viên Phòng VHXH", "Phòng Văn hóa - Xã hội", "thực hiện công tác CCHC", "0936526866", "hoanglongnguyentrai@gmail.com", "13/07/2026"]], "5457": {"data": [[null, "1", null, null, null], [null, "1", null, null, null], [null, "1", null, null, null], [null, "1", null, null, null], [null, "1", null, null, null]], "type": "grid"}, "5458": {"data": [[null, "1", null, null, null], [null, "1", null, null, null], [null, "1", null, null, null], [null, "1", null, null, null]], "type": "grid"}, "5459": {"data": [[null, "1", null, null, null], [null, null, "2", null, null], [null, "1", null, null, null]], "type": "grid"}, "5460": {"data": [[null, "1", null, null, null], [null, "1", null, null, null], [null, "1", null, null, null], [null, "1", null, null, null]], "type": "grid"}, "5461": {"data": [[null, "1", null, "Khảo sát quét mã QR"], [null, "1", null, "phần mềm hệ thống quản lý văn bản"], [null, "1", null, "phần mềm hệ thống quản lý văn bản"], [null, "1", null, "phần mềm hệ thống quản lý văn bản"], [null, "1", null, "phần mềm hệ thống quản lý văn bản"], [null, "1", null, "phần mềm hệ thống quản lý văn bản"]], "type": "grid"}, "5462": {"data": [[null, "1", null], [null, "1", null], [null, "1", null], [null, "1", null], [null, "1", null], [null, "1", null], [null, "1", null], [null, "1", null], [null, "1", null], [null, "1", null], [null, "1", null], [null, "1", null], [null, "1", null], [null, "1", null]], "type": "grid"}, "5463": {"data": [[null, "1", null, null], [null, "1", null, null], [null, "1", null, null], [null, "1", null, null], [null, "1", null, null], [null, "1", null, null]], "type": "grid"}, "5464": "Tỷ lệ phản hồi thấp và tâm lý e ngại: Người dân (SIPAS) và Doanh nghiệp (DDCI) thường có tâm lý e ngại việc đánh giá tiêu cực sẽ ảnh hưởng đến việc giải quyết hồ sơ hoặc hoạt động kinh doanh sau này của họ. Do đó, nhiều phiếu thu về có xu hướng chọn phương án \\"An toàn\\" (Hài lòng/Bình thường) hoặc từ chối tham gia.", "5465": "Kiến nghị: 1/ Tích hợp tính năng tự động kích hoạt phiếu khảo sát ngay sau khi hồ sơ của người dân được bấm \\"Trả kết quả\\" trên Hệ thống Một cửa điện tử.\\n2/ Thiết kế lại giao diện khảo sát trực tuyến theo hướng đơn giản, dễ thao tác (Mobile-first) và có chế độ hỗ trợ nhập liệu bằng giọng nói cho người lớn tuổi.\\n3/ Bổ sung các thuật toán tự động lọc và giám sát tính trung thực của phiếu khảo sát nhằm loại bỏ \\"phiếu rác\\" hoặc tình trạng cán bộ tự đánh giá thay cho người dân."}	f	\N	f	f	2026-07-13 10:13:35.668028+00	\N	17	{"sec_mrd4pof1_5zpng": 100, "sec_mrd4q93x_dv4pa": 100, "sec_mrd4q93x_hx301": 100, "sec_mrd4q93x_nhy01": 100, "sec_mrd4q93x_osn2f": 100, "sec_mrd4ty1p_o1mrs": 100, "sec_mrd4tycl_9vajl": 100}	draft
34	\N	\N	\N	Mozilla/5.0 (Windows NT 10.0; Win64; x64) AppleWebKit/537.36 (KHTML, like Gecko) Chrome/150.0.0.0 Safari/537.36	2026-07-13 10:54:06.318333+00	\N	0	{}	f	\N	f	f	2026-07-13 10:54:06.31846+00	566	17	{}	draft
78	\N	\N	test@hmail.com	Mozilla/5.0 (Windows NT 10.0; Win64; x64) AppleWebKit/537.36 (KHTML, like Gecko) Chrome/150.0.0.0 Safari/537.36 Edg/150.0.0.0	2026-07-13 18:24:52.459325+00	\N	60	{"6537": "Dữ liệu Test", "6538": "Dữ liệu test", "6539": "Dữ liệu test", "6540": "dữ liệu test", "6541": [["", "", "", "", "", "", "", "", "", "", "", "", ""]], "6543": [["Thấp", "Thấp", "Thấp", "Thấp", "Thấp", "Thấp", "Thấp", "Thấp", "Thấp", "Thấp", "Thấp", "Thấp", "Thấp", "Thấp", "Thấp", "Thấp", "Thấp", "Thấp", "Thấp", "Thấp", "Thấp", "Thấp", "Thấp", "Thấp", "Thấp", "Thấp"]], "6544": [["", "", "", "", "", "", "", "", ""]], "6545": {"data": [[null, null, null, null], [null, null, null, null], [null, null, null, null], [null, null, null, null], [null, null, null, null], [null, null, null, null], [null, null, null, null], [null, null, null, null], [null, null, null, null], [null, null, null, null], [null, null, null, null]], "type": "grid"}, "6546": {"data": [[null, null, null], [null, null, null], [null, null, null], [null, null, null], [null, null, null], [null, null, null], [null, null, null], [null, null, null], [null, null, null], [null, null, null], [null, null, null]], "type": "grid"}, "6547": [["Hiệu năng hệ thống", "Khả năng mở rộng", "Tính sẵn sàng", "An toàn thông tin", "Sao lưu và phục hồi dữ liệu", "Khả năng tích hợp", "Khả năng khai thác trên thiết bị di động", "Khả năng sử dụng", "Khả năng bảo trì", "Khả năng nâng cấp", "Khả năng mở rộng tích hợp", "Khả năng truy cập đa nền tảng(Web/Mobile/Tablet)", "Tính thân thiện giao diện"]], "6552": [["", "", ""]], "6555": "Dữ liệu test", "6556": "Dữ liệu test", "6557": "test", "6558": "ádasd", "6559": [["", "", "", "", "", "", "", "", "", "", "", "", ""]], "6561": [["Thấp", "Thấp", "Thấp", "Thấp", "Thấp", "Thấp", "Thấp", "Thấp", "Thấp", "Thấp", "Thấp", "Thấp", "Thấp", "Thấp", "Thấp", "Thấp", "Thấp", "Thấp", "Thấp", "Thấp", "Thấp", "Thấp", "Thấp", "Thấp", "Thấp", "Thấp"]], "6562": [["", "", "", "", "", "", "", "", ""]], "6563": {"data": [[null, null, null, null], [null, null, null, null], [null, null, null, null], [null, null, null, null], [null, null, null, null], [null, null, null, null], [null, null, null, null], [null, null, null, null], [null, null, null, null], [null, null, null, null], [null, null, null, null]], "type": "grid"}, "6564": {"data": [[null, null, null], [null, null, null], [null, null, null], [null, null, null], [null, null, null], [null, null, null], [null, null, null], [null, null, null], [null, null, null], [null, null, null], [null, null, null]], "type": "grid"}, "6565": [["Hiệu năng hệ thống", "Khả năng mở rộng", "Tính sẵn sàng", "An toàn thông tin", "Sao lưu và phục hồi dữ liệu", "Khả năng tích hợp", "Khả năng khai thác trên thiết bị di động", "Khả năng sử dụng", "Khả năng bảo trì", "Khả năng nâng cấp", "Khả năng mở rộng tích hợp", "Khả năng truy cập đa nền tảng(Web/Mobile/Tablet)", "Tính thân thiện giao diện"]], "6570": [["", "", ""]], "email": "test@hmail.com", "phone": "", "agency": "", "position": "", "full_name": "test", "department": "", "organization": ""}	f	\N	f	f	2026-07-13 18:24:52.459515+00	582	21	{"sec_mrji32jc_02myx": 100, "sec_mrji3pol_08ygj": 100, "sec_mrji3pol_kjxj5": 100, "sec_mrji3pom_xwahu": 100, "sec_mrji4ctm_06kdb": 0, "sec_mrji4ctm_gtanp": 0, "sec_mrji4ctm_w2j5m": 0, "sec_mrji4zz8_b0vue": 0, "sec_mrji4zz8_eyyqa": 0, "sec_mrji4zz8_qvwvf": 0}	draft
35	\N	\N	\N	Mozilla/5.0 (Windows NT 10.0; Win64; x64) AppleWebKit/537.36 (KHTML, like Gecko) Chrome/150.0.0.0 Safari/537.36	2026-07-13 10:54:06.65133+00	2026-07-13 11:02:43.003265+00	516	{"5538": [["UBND xã Ngọc Hồi", "Lê Thị Ánh Hồng", "Chuyên viên", "Phòng Văn hóa - Xã hội", "Phụ trách công tác Cải cách hành chính", "0912291395", "hongbanvh.tt@gmail.com", "13/7/2026"]], "5540": {"data": [[null, null, "2", null, null], [null, null, "2", null, null], [null, null, null, "3", null], [null, null, null, "3", null], [null, null, null, "3", null]], "type": "grid"}, "5541": {"data": [[null, null, "2", null, null], [null, null, "2", null, null], [null, null, "2", null, null], [null, null, "2", null, null]], "type": "grid"}, "5542": {"data": [[null, null, "2", null, null], [null, null, "2", null, null], [null, null, "2", null, null]], "type": "grid"}, "5543": {"data": [[null, null, "2", null, null], [null, null, "2", null, null], [null, null, "2", null, null], [null, null, "2", null, null]], "type": "grid"}, "5544": {"data": [[null, null, "2", null], [null, "1", null, null], [null, "1", null, null], [null, "1", null, null], [null, null, "2", null], [null, "1", null, null]], "type": "grid"}, "5545": {"data": [[null, "1", null], [null, "1", null], [null, "1", null], [null, "1", null], [null, "1", null], [null, "1", null], [null, "1", null], [null, "1", null], [null, "1", null], [null, "1", null], [null, "1", null], [null, "1", null], [null, "1", null], [null, "1", null]], "type": "grid"}, "5546": {"data": [[null, "1", null, null], [null, "1", null, null], [null, null, "2", null], [null, "1", null, null], [null, null, "2", null], [null, "1", null, null]], "type": "grid"}}	f	\N	f	f	2026-07-13 10:54:06.651474+00	\N	17	{"sec_mrd4pof1_5zpng": 100, "sec_mrd4q93x_dv4pa": 100, "sec_mrd4q93x_hx301": 100, "sec_mrd4q93x_nhy01": 100, "sec_mrd4q93x_osn2f": 100, "sec_mrd4ty1p_o1mrs": 0, "sec_mrd4tycl_9vajl": 0}	submitted
44	\N	\N	\N	Mozilla/5.0 (Windows NT 10.0; Win64; x64) AppleWebKit/537.36 (KHTML, like Gecko) Chrome/150.0.0.0 Safari/537.36 Edg/150.0.0.0	2026-07-13 11:35:53.656072+00	\N	0	{}	f	\N	f	f	2026-07-13 11:35:53.656266+00	560	17	{}	draft
54	\N	\N		Mozilla/5.0 (Windows NT 10.0; Win64; x64) AppleWebKit/537.36 (KHTML, like Gecko) Chrome/150.0.0.0 Safari/537.36	2026-07-13 11:45:37.283047+00	\N	60	{"5580": [["", "", "", "", "", "", "", "", ""]], "5581": {"data": [[null, null, null, null], [null, null, null, null], [null, null, null, null], [null, null, null, null], [null, null, null, null], [null, null, null, null], [null, null, null, null], [null, null, null, null], [null, null, null, null], [null, null, null, null], [null, null, null, null]], "type": "grid"}, "5583": {"data": [[null, null, null], [null, null, null], [null, null, null], [null, null, null], [null, null, null], [null, null, null], [null, null, null], [null, null, null], [null, null, null], [null, null, null], [null, null, null]], "type": "grid"}, "5584": [["Thấp", "Thấp", "Thấp", "Thấp", "Thấp", "Thấp", "Thấp", "Thấp", "Thấp", "Thấp", "Thấp", "Thấp", "Thấp"]], "5588": [["", "", ""]], "5592": [["", "", "", "", "", "", "", "", "", "", "", "", ""]], "email": "", "phone": "", "agency": "Sơn Đồng", "position": "", "full_name": "ks2_sondong", "department": "Sơn Đồng", "organization": "Sơn Đồng"}	f	\N	f	f	2026-07-13 11:45:37.283127+00	529	21	{"sec_mrd8b91s_6w42v": 0, "sec_mrd8b91s_lt38n": 0, "sec_mrd8b91s_myjiw": 0, "sec_mrd8b91s_uidqk": 0, "sec_mrd8bulo_210ie": 0, "sec_mrd8bulo_2woxu": 0, "sec_mrd8bulo_djttb": 0, "sec_mrd8bulo_frqyl": 0, "sec_mrd8bulo_rqbbl": 0, "sec_mrd8bulo_w8efh": 0}	draft
37	\N	\N	\N	Mozilla/5.0 (Windows NT 10.0; Win64; x64) AppleWebKit/537.36 (KHTML, like Gecko) Chrome/150.0.0.0 Safari/537.36	2026-07-13 10:59:22.18998+00	\N	150	{"5379": [["", "", "", "", "", "", ""]], "5381": {"data": [[null, null, null, null, null], [null, null, null, null, null], [null, null, null, null, null], [null, null, null, null, null]], "type": "grid"}, "5382": {"data": [[null, null, null, null, null], [null, null, null, null, null], [null, null, null, null, null], [null, null, null, null, null]], "type": "grid"}, "5383": {"data": [[null, null, null], [null, null, null], [null, null, null], [null, null, null], [null, null, null], [null, null, null]], "type": "grid"}, "5384": {"data": [[null, null, null], [null, null, null], [null, null, null], [null, null, null], [null, null, null], [null, null, null], [null, null, null], [null, null, null], [null, null, null], [null, null, null], [null, null, null], [null, null, null], [null, null, null], [null, null, null], [null, null, null]], "type": "grid"}, "5385": {"data": [[null, null, null, null], [null, null, null, null], [null, null, null, null], [null, null, null, null], [null, null, null, null], [null, null, null, null]], "type": "grid"}}	f	\N	f	f	2026-07-13 10:59:22.190063+00	\N	16	{"sec_mrd3lxb1_4sre5": 0, "sec_mrd3mk79_mf9ln": 0, "sec_mrd3y4v6_12wu0": 0, "sec_mrd3y4v6_1oowr": 0, "sec_mrd4dtgl_a57uj": 0, "sec_mrd4dtgl_kpp08": 0, "sec_mrd4dtgl_qprnt": 0}	draft
38	\N	\N	\N	Mozilla/5.0 (Windows NT 10.0; Win64; x64) AppleWebKit/537.36 (KHTML, like Gecko) Chrome/150.0.0.0 Safari/537.36	2026-07-13 11:03:20.3709+00	\N	0	{}	f	\N	f	f	2026-07-13 11:03:20.371001+00	566	21	{}	draft
79	\N	\N	\N	Mozilla/5.0 (Windows NT 10.0; Win64; x64) AppleWebKit/537.36 (KHTML, like Gecko) Chrome/150.0.0.0 Safari/537.36 Edg/150.0.0.0	2026-07-13 18:35:06.030312+00	\N	0	{}	f	\N	f	f	2026-07-13 18:35:06.030431+00	582	18	{}	draft
36	\N	\N	\N	Mozilla/5.0 (Windows NT 10.0; Win64; x64) AppleWebKit/537.36 (KHTML, like Gecko) Chrome/150.0.0.0 Safari/537.36	2026-07-13 10:59:21.952204+00	\N	0	{}	f	\N	f	f	2026-07-13 10:59:21.952408+00	529	16	{}	draft
60	\N	\N		Mozilla/5.0 (Windows NT 10.0; Win64; x64) AppleWebKit/537.36 (KHTML, like Gecko) Chrome/149.0.0.0 Safari/537.36 OPR/133.0.0.0 (Edition std-2)	2026-07-13 14:30:44.597378+00	2026-07-13 14:43:07.670652+00	743	{"5518": [["UBND xã Mê Linh", "Nguyễn Thị Dung", "Công chức", "Văn phòng HĐND và UBND xã", "Công nghệ thông tin", "0975375828", "dungnguyentv16@gmai.com", "13/07/2026"]], "5520": {"data": [[null, null, "2"], [null, null, "2"], [null, null, "2"], [null, null, "2"], [null, null, "2"]], "type": "grid"}, "5521": {"data": [[null, null, "2", null, null], [null, null, "2", null, null], [null, null, "2", null, null], [null, null, "2", null, null], [null, null, "2", null, null], [null, null, "2", null, null], [null, null, "2", null, null], [null, null, null, null, "4"], [null, null, null, null, "4"], [null, null, null, "3", null], [null, null, null, "3", null], [null, null, null, "3", null], [null, null, null, "3", null]], "type": "grid"}, "5522": {"data": [[null, null, "2"], [null, null, "2"], [null, null, "2"], [null, null, "2"], [null, "1", null], [null, null, "2"], [null, "1", null]], "type": "grid"}, "5523": {"data": [[null, null, null, "3", null], [null, null, null, "3", null], [null, null, null, "3", null], [null, "1", null, null, null], [null, "1", null, null, null], [null, null, "2", null, null], [null, null, "2", null, null], [null, null, "2", null, null]], "type": "grid"}, "5524": {"data": [[null, null, "2", null, null], [null, null, "2", null, null], [null, null, null, "3", null], [null, null, "2", null, null], [null, null, "2", null, null], [null, null, "2", null, null], [null, null, "2", null, null], [null, null, null, "3", null]], "type": "grid"}, "5525": {"data": [[null, "1", null], [null, "1", null], [null, null, "2"], [null, "1", null], [null, "1", null], [null, "1", null], [null, "1", null]], "type": "grid"}, "5526": {"data": [[null, "1", null], [null, "1", null], [null, "1", null], [null, "1", null], [null, null, "2"], [null, "1", null]], "type": "grid"}, "5527": {"data": [[null, null, "2"], [null, "1", null], [null, null, "2"], [null, "1", null], [null, "1", null], [null, null, "2"], [null, "1", null], [null, "1", null], [null, "1", null], [null, null, "2"], [null, "1", null]], "type": "grid"}, "5528": {"data": [[null, "1", null], [null, "1", null], [null, "1", null], [null, "1", null], [null, "1", null], [null, "1", null], [null, "1", null], [null, "1", null], [null, "1", null]], "type": "grid"}, "5529": {"data": [[null, null, "2"], [null, null, "2"], [null, "1", null], [null, "1", null], [null, null, "2"], [null, null, "2"]], "type": "grid"}, "5530": {"data": [[null, "1", null, null], [null, "1", null, null], [null, "1", null, null], [null, "1", null, null], [null, "1", null, null], [null, "1", null, null], [null, "1", null, null], [null, "1", null, null], [null, "1", null, null], [null, "1", null, null], [null, "1", null, null], [null, "1", null, null], [null, "1", null, null], [null, "1", null, null], [null, "1", null, null], [null, "1", null, null], [null, "1", null, null], [null, "1", null, null], [null, "1", null, null]], "type": "grid"}, "5531": {"data": [[null, "1", null], [null, "1", null], [null, "1", null], [null, "1", null], [null, "1", null], [null, "1", null], [null, "1", null], [null, "1", null], [null, "1", null]], "type": "grid"}, "5532": {"data": [[null, "1", null, null], [null, "1", null, null], [null, "1", null, null], [null, "1", null, null], [null, "1", null, null], [null, "1", null, null], [null, "1", null, null], [null, "1", null, null], [null, "1", null, null], [null, "1", null, null], [null, "1", null, null]], "type": "grid"}, "5533": "Đáp ứng", "5536": {"data": [[null, null, null, "Mê Linh"], [null, null, null, "Mê Linh"], [null, null, null, "Mê Linh"], [null, null, null, "Mê Linh"], [null, null, null, "Mê Linh"], [null, null, null, "Mê Linh"], [null, null, null, "Mê Linh"], [null, null, null, "Mê Linh"], [null, null, null, "Mê Linh"], [null, null, null, "Mê Linh"], [null, null, null, "Mê Linh"], [null, null, null, "Mê Linh"], [null, null, null, "Mê Linh"], [null, null, null, "Mê Linh"], [null, null, null, "Mê Linh"], [null, null, null, "Mê Linh"], [null, null, null, "Mê Linh"]], "type": "grid"}, "email": "", "phone": "", "agency": "Mê Linh", "position": "", "full_name": "ks2_melinh", "department": "Mê Linh", "organization": "Mê Linh"}	f	\N	f	f	2026-07-13 14:30:44.597458+00	512	18	{"sec_mrd51u8k_s7xvx": 100, "sec_mrd52i20_bxs8q": 100, "sec_mrd589py_n4ccb": 100, "sec_mrd58wv7_h9r0m": 100, "sec_mrd5h8uk_83ljt": 100, "sec_mrd5h8uk_lb1ld": 100, "sec_mrd5h8uk_q8t9f": 100, "sec_mrd5h8uk_zlvj1": 100, "sec_mrd5h8uk_znbx8": 100, "sec_mrd5hvzu_sb784": 100, "sec_mrd5hvzv_7jcz3": 100, "sec_mrd5hvzv_a4wue": 100, "sec_mrd5hvzv_ae5ra": 100, "sec_mrd5hvzv_vsvm8": 0, "sec_mrd5hvzv_ztdcy": 100, "sec_mrd5ij53_k401z": 100, "sec_mrd5ij53_lxnd3": 0}	submitted
70	\N	\N	test@hmail.com	Mozilla/5.0 (Windows NT 10.0; Win64; x64) AppleWebKit/537.36 (KHTML, like Gecko) Chrome/150.0.0.0 Safari/537.36 Edg/150.0.0.0	2026-07-13 18:13:22.147453+00	2026-07-13 18:15:00.926803+00	100	{"6502": {"data": [[null, "1", null], [null, null, "2"], [null, "1", null], [null, null, "2"], [null, "1", null]], "type": "grid"}, "6503": {"data": [[null, ["1"], null, null, null], [null, ["1"], null, null, null], [null, null, ["2"], null, null], [null, null, null, ["3"], null], [null, null, null, null, ["4"]], [null, null, null, ["3"], null], [null, null, ["2"], null, null], [null, ["1"], null, null, null], [null, null, ["2"], null, null], [null, null, null, ["3"], null], [null, null, null, null, ["4"]], [null, null, null, ["3"], null], [null, null, ["2"], null, null]], "type": "grid"}, "6504": {"data": [[null, "1", null], [null, null, "2"], [null, "1", null], [null, null, "2"], [null, "1", null], [null, null, "2"], [null, "1", null]], "type": "grid"}, "6505": {"data": [[null, ["1"], null, null, null], [null, null, ["2"], null, null], [null, null, null, ["3"], null], [null, null, null, null, ["4"]], [null, null, null, ["3"], null], [null, null, ["2"], null, null], [null, ["1"], null, null, null], [null, null, ["2"], null, null]], "type": "grid"}, "6506": {"data": [[null, ["1"], null, null, null], [null, null, ["2"], null, null], [null, null, null, ["3"], null], [null, null, null, null, ["4"]], [null, null, null, ["3"], null], [null, null, ["2"], null, null], [null, ["1"], null, null, null], [null, null, ["2"], null, null]], "type": "grid"}, "6507": {"data": [[null, "1", null], [null, null, "2"], [null, "1", null], [null, null, "2"], [null, "1", null], [null, null, "2"], [null, "1", null]], "type": "grid"}, "6508": {"data": [[null, "1", null], [null, null, "2"], [null, null, "2"], [null, "1", null], [null, "1", null], [null, "1", null]], "type": "grid"}, "6509": {"data": [[null, "1", null], [null, "1", null], [null, "1", null], [null, "1", null], [null, "1", null], [null, "1", null], [null, null, "2"], [null, null, "2"], [null, null, "2"], [null, null, "2"], [null, null, "2"]], "type": "grid"}, "6510": {"data": [[null, "1", null], [null, "1", null], [null, "1", null], [null, "1", null], [null, "1", null], [null, "1", null], [null, "1", null], [null, "1", null], [null, "1", null]], "type": "grid"}, "6511": {"data": [[null, "1", null], [null, "1", null], [null, "1", null], [null, "1", null], [null, "1", null], [null, null, "2"]], "type": "grid"}, "6512": {"data": [[null, ["1"], null, null], [null, null, ["2"], null], [null, null, null, ["3"]], [null, null, null, ["3"]], [null, null, null, ["3"]], [null, null, null, ["3"]], [null, null, null, ["3"]], [null, null, null, ["3"]], [null, null, null, ["3"]], [null, null, null, ["3"]], [null, null, null, ["3"]], [null, null, null, ["3"]], [null, null, null, ["3"]], [null, null, null, ["3"]], [null, null, null, ["3"]], [null, null, null, ["3"]], [null, null, null, ["3"]], [null, null, null, ["3"]], [null, null, null, ["3"]]], "type": "grid"}, "6513": {"data": [[null, ["1"], null], [null, null, ["2"]], [null, ["1"], null], [null, null, ["2"]], [null, ["1"], null], [null, ["1"], null], [null, null, ["2"]], [null, null, ["2"]], [null, ["1"], null]], "type": "grid"}, "6514": {"data": [[null, ["1"], null, null], [null, null, ["2"], null], [null, null, ["2"], null], [null, null, ["2"], null], [null, null, ["2"], null], [null, null, ["2"], null], [null, null, ["2"], null], [null, null, null, ["3"]], [null, null, null, ["3"]], [null, null, null, ["3"]], [null, null, null, ["3"]]], "type": "grid"}, "6515": "Đáp ứng tốt", "6516": "OKe", "6517": "OKe", "6518": {"data": [[null, "1", null, "OKE"], [null, null, "2", "OKE"], [null, "1", null, "e"], [null, null, "2", "e"], [null, "1", null, "e"], [null, null, null, "e"], [null, "1", null, "e"], [null, null, "2", "e"], [null, null, "2", "e"], [null, null, "2", "e"], [null, null, "2", "e"], [null, null, "2", "e"], [null, null, "2", "e"], [null, null, "2", "e"], [null, null, "2", "e"], [null, null, "2", "e"], [null, null, "2", "e"]], "type": "grid"}, "email": "test@hmail.com", "phone": "", "agency": "", "position": "", "full_name": "test", "department": "", "organization": ""}	f	\N	f	f	2026-07-13 18:13:22.147534+00	582	18	{"sec_mrd51u8k_s7xvx": 0, "sec_mrd52i20_bxs8q": 100, "sec_mrd589py_n4ccb": 100, "sec_mrd58wv7_h9r0m": 100, "sec_mrd5h8uk_83ljt": 100, "sec_mrd5h8uk_lb1ld": 100, "sec_mrd5h8uk_q8t9f": 100, "sec_mrd5h8uk_zlvj1": 100, "sec_mrd5h8uk_znbx8": 100, "sec_mrd5hvzu_sb784": 100, "sec_mrd5hvzv_7jcz3": 100, "sec_mrd5hvzv_a4wue": 100, "sec_mrd5hvzv_ae5ra": 100, "sec_mrd5hvzv_vsvm8": 100, "sec_mrd5hvzv_ztdcy": 100, "sec_mrd5ij53_k401z": 100, "sec_mrd5ij53_lxnd3": 100}	draft
45	\N	\N		Mozilla/5.0 (Windows NT 10.0; Win64; x64) AppleWebKit/537.36 (KHTML, like Gecko) Chrome/150.0.0.0 Safari/537.36 Edg/150.0.0.0	2026-07-13 11:35:53.867158+00	2026-07-13 11:37:29.841855+00	97	{"5538": [["Xã Thường Tín", "Dương Thị Mơ", "Chuyên viên", "Phòng Văn hóa - Xã hội", "Cải cách hành chính", "0974842090", "duongthimo_thuongtin@hanoi.gov.vn", "13/07/2026"]], "5540": {"data": [[null, "1", null, null, null], [null, "1", null, null, null], [null, "1", null, null, null], [null, "1", null, null, null], [null, "1", null, null, null]], "type": "grid"}, "5541": {"data": [[null, "1", null, null, null], [null, "1", null, null, null], [null, "1", null, null, null], [null, "1", null, null, null]], "type": "grid"}, "5542": {"data": [[null, "1", null, null, null], [null, "1", null, null, null], [null, "1", null, null, null]], "type": "grid"}, "5543": {"data": [[null, "1", null, null, null], [null, "1", null, null, null], [null, "1", null, null, null], [null, "1", null, null, null]], "type": "grid"}, "5544": {"data": [[null, null, "2", null], [null, null, "2", null], [null, null, "2", null], [null, null, "2", null], [null, null, "2", null], [null, null, "2", null]], "type": "grid"}, "5545": {"data": [[null, "1", null], [null, "1", null], [null, "1", null], [null, "1", null], [null, "1", null], [null, "1", null], [null, "1", null], [null, "1", null], [null, "1", null], [null, "1", null], [null, "1", null], [null, "1", null], [null, "1", null], [null, "1", null]], "type": "grid"}, "5546": {"data": [[null, "1", null, null], [null, "1", null, null], [null, "1", null, null], [null, "1", null, null], [null, "1", null, null], [null, "1", null, null]], "type": "grid"}, "5547": "Không", "5548": "Không", "email": "", "phone": "", "agency": "Thường Tín", "position": "", "full_name": "ks2_thuongtin", "department": "Thường Tín", "organization": "Thường Tín"}	f	\N	f	f	2026-07-13 11:35:53.867234+00	560	17	{"sec_mrd4pof1_5zpng": 100, "sec_mrd4q93x_dv4pa": 100, "sec_mrd4q93x_hx301": 100, "sec_mrd4q93x_nhy01": 100, "sec_mrd4q93x_osn2f": 100, "sec_mrd4ty1p_o1mrs": 100, "sec_mrd4tycl_9vajl": 100}	draft
50	\N	\N	test@hmail.com	Mozilla/5.0 (Windows NT 10.0; Win64; x64) AppleWebKit/537.36 (KHTML, like Gecko) Chrome/150.0.0.0 Safari/537.36 Edg/150.0.0.0	2026-07-13 11:44:23.295985+00	2026-07-13 11:45:21.689087+00	3	{"5580": [["", "", "", "", "", "", "", "", ""]], "5581": {"data": [[null, null, null, null], [null, null, null, null], [null, null, null, null], [null, null, null, null], [null, null, null, null], [null, null, null, null], [null, null, null, null], [null, null, null, null], [null, null, null, null], [null, null, null, null], [null, null, null, null]], "type": "grid"}, "5583": {"data": [[null, null, null], [null, null, null], [null, null, null], [null, null, null], [null, null, null], [null, null, null], [null, null, null], [null, null, null], [null, null, null], [null, null, null], [null, null, null]], "type": "grid"}, "5584": [["Thấp", "Thấp", "Thấp", "Thấp", "Thấp", "Thấp", "Thấp", "Thấp", "Thấp", "Thấp", "Thấp", "Thấp", "Thấp"]], "5588": [["", "", ""]], "5590": "Các yêu cầu trên đã được thống nhất.", "5592": [["", "", "", "", "", "", "", "", "", "", "", "", ""]], "email": "test@hmail.com", "phone": "", "agency": "An Khánh", "position": "", "full_name": "test", "department": "An Khánh", "organization": "An Khánh"}	f	\N	f	f	2026-07-13 11:44:23.296073+00	\N	21	{"sec_mrd8b91s_6w42v": 0, "sec_mrd8b91s_lt38n": 0, "sec_mrd8b91s_myjiw": 0, "sec_mrd8b91s_uidqk": 0, "sec_mrd8bulo_210ie": 0, "sec_mrd8bulo_2woxu": 0, "sec_mrd8bulo_djttb": 100, "sec_mrd8bulo_frqyl": 0, "sec_mrd8bulo_rqbbl": 0, "sec_mrd8bulo_w8efh": 0}	submitted
61	\N	\N	\N	Mozilla/5.0 (Windows NT 10.0; Win64; x64) AppleWebKit/537.36 (KHTML, like Gecko) Chrome/149.0.0.0 Safari/537.36 OPR/133.0.0.0 (Edition std-2)	2026-07-13 14:43:17.255035+00	\N	0	{}	f	\N	f	f	2026-07-13 14:43:17.255195+00	512	21	{}	draft
46	\N	\N	\N	Mozilla/5.0 (Windows NT 10.0; Win64; x64) AppleWebKit/537.36 (KHTML, like Gecko) Chrome/150.0.0.0 Safari/537.36 Edg/150.0.0.0	2026-07-13 11:36:35.175462+00	\N	0	{}	f	\N	f	f	2026-07-13 11:36:35.175559+00	\N	21	{}	draft
55	\N	\N	\N	Mozilla/5.0 (Windows NT 10.0; Win64; x64) AppleWebKit/537.36 (KHTML, like Gecko) Chrome/150.0.0.0 Safari/537.36 Edg/150.0.0.0	2026-07-13 12:24:15.659407+00	\N	0	{}	f	\N	f	f	2026-07-13 12:24:15.659592+00	522	17	{}	draft
71	\N	\N	\N	Mozilla/5.0 (Windows NT 10.0; Win64; x64) AppleWebKit/537.36 (KHTML, like Gecko) Chrome/150.0.0.0 Safari/537.36 Edg/150.0.0.0	2026-07-13 18:18:09.829557+00	\N	0	{}	f	\N	f	f	2026-07-13 18:18:09.829712+00	582	21	{}	draft
86	\N	\N	test@hmail.com	Mozilla/5.0 (Windows NT 10.0; Win64; x64) AppleWebKit/537.36 (KHTML, like Gecko) Chrome/150.0.0.0 Safari/537.36 Edg/150.0.0.0	2026-07-13 18:57:49.91646+00	2026-07-13 18:58:56.400937+00	35	{"6770": {"data": [[null, null, null], [null, null, null], [null, null, null], [null, null, null], [null, null, null]], "type": "grid"}, "6771": {"data": [[null, null, null, null, null], [null, null, null, null, null], [null, null, null, null, null], [null, null, null, null, null], [null, null, null, null, null], [null, null, null, null, null], [null, null, null, null, null], [null, null, null, null, null], [null, null, null, null, null], [null, null, null, null, null], [null, null, null, null, null], [null, null, null, null, null], [null, null, null, null, null]], "type": "grid"}, "6772": {"data": [[null, null, null], [null, null, null], [null, null, null], [null, null, null], [null, null, null], [null, null, null], [null, null, null]], "type": "grid"}, "6773": {"data": [[null, null, null, null, null], [null, null, null, null, null], [null, null, null, null, null], [null, null, null, null, null], [null, null, null, null, null], [null, null, null, null, null], [null, null, null, null, null], [null, null, null, null, null]], "type": "grid"}, "6774": {"data": [[null, null, null, null, null], [null, null, null, null, null], [null, null, null, null, null], [null, null, null, null, null], [null, null, null, null, null], [null, null, null, null, null], [null, null, null, null, null], [null, null, null, null, null]], "type": "grid"}, "6775": {"data": [[null, null, null], [null, null, null], [null, null, null], [null, null, null], [null, null, null], [null, null, null], [null, null, null]], "type": "grid"}, "6776": {"data": [[null, null, null], [null, null, null], [null, null, null], [null, null, null], [null, null, null], [null, null, null]], "type": "grid"}, "6777": {"data": [[null, null, null], [null, null, null], [null, null, null], [null, null, null], [null, null, null], [null, null, null], [null, null, null], [null, null, null], [null, null, null], [null, null, null], [null, null, null]], "type": "grid"}, "6778": {"data": [[null, null, null], [null, null, null], [null, null, null], [null, null, null], [null, null, null], [null, null, null], [null, null, null], [null, null, null], [null, null, null]], "type": "grid"}, "6779": {"data": [[null, null, null], [null, null, null], [null, null, null], [null, null, null], [null, null, null], [null, null, null]], "type": "grid"}, "6780": {"data": [[null, "1", null, null], [null, null, "2", null], [null, null, null, "3"], [null, null, null, "3"], [null, null, null, "3"], [null, null, null, "3"], [null, null, null, "3"], [null, null, null, "3"], [null, null, null, "3"], [null, null, null, "3"], [null, null, null, "3"], [null, null, null, "3"], [null, null, null, "3"], [null, null, null, "3"], [null, null, null, "3"], [null, null, null, "3"], [null, null, null, "3"], [null, null, null, "3"], [null, null, null, "3"]], "type": "grid"}, "6781": {"data": [[null, null, null], [null, null, null], [null, null, null], [null, null, null], [null, null, null], [null, null, null], [null, null, null], [null, null, null], [null, null, null]], "type": "grid"}, "6782": {"data": [[null, null, null, null], [null, null, null, null], [null, null, null, null], [null, null, null, null], [null, null, null, null], [null, null, null, null], [null, null, null, null], [null, null, null, null], [null, null, null, null], [null, null, null, null], [null, null, null, null]], "type": "grid"}, "6783": "Đáp ứng tốt", "6784": "HHH", "6786": {"data": [[null, null, "2", null], [null, null, "2", null], [null, null, "2", null], [null, null, "2", null], [null, null, "2", null], [null, null, "2", null], [null, null, "2", null], [null, null, "2", null], [null, null, "2", null], [null, null, "2", null], [null, null, "2", null], [null, null, "2", null], [null, null, "2", null], [null, null, "2", null], [null, null, "2", null], [null, null, "2", null], [null, null, "2", null]], "type": "grid"}, "6789": {"data": [[null, null, null], [null, null, null], [null, null, null], [null, null, null], [null, null, null]], "type": "grid"}, "6790": {"data": [[null, null, null, null, null], [null, null, null, null, null], [null, null, null, null, null], [null, null, null, null, null], [null, null, null, null, null], [null, null, null, null, null], [null, null, null, null, null], [null, null, null, null, null], [null, null, null, null, null], [null, null, null, null, null], [null, null, null, null, null], [null, null, null, null, null], [null, null, null, null, null]], "type": "grid"}, "6791": {"data": [[null, null, null], [null, null, null], [null, null, null], [null, null, null], [null, null, null], [null, null, null], [null, null, null]], "type": "grid"}, "6792": {"data": [[null, null, null, null, null], [null, null, null, null, null], [null, null, null, null, null], [null, null, null, null, null], [null, null, null, null, null], [null, null, null, null, null], [null, null, null, null, null], [null, null, null, null, null]], "type": "grid"}, "6793": {"data": [[null, null, null, null, null], [null, null, null, null, null], [null, null, null, null, null], [null, null, null, null, null], [null, null, null, null, null], [null, null, null, null, null], [null, null, null, null, null], [null, null, null, null, null]], "type": "grid"}, "6794": {"data": [[null, null, null], [null, null, null], [null, null, null], [null, null, null], [null, null, null], [null, null, null], [null, null, null]], "type": "grid"}, "6795": {"data": [[null, null, null], [null, null, null], [null, null, null], [null, null, null], [null, null, null], [null, null, null]], "type": "grid"}, "6796": {"data": [[null, null, null], [null, null, null], [null, null, null], [null, null, null], [null, null, null], [null, null, null], [null, null, null], [null, null, null], [null, null, null], [null, null, null], [null, null, null]], "type": "grid"}, "6797": {"data": [[null, null, null], [null, null, null], [null, null, null], [null, null, null], [null, null, null], [null, null, null], [null, null, null], [null, null, null], [null, null, null]], "type": "grid"}, "6798": {"data": [[null, null, null], [null, null, null], [null, null, null], [null, null, null], [null, null, null], [null, null, null]], "type": "grid"}, "email": "test@hmail.com", "phone": "", "agency": "", "position": "", "full_name": "test", "department": "", "organization": ""}	f	\N	f	f	2026-07-13 18:57:49.916551+00	582	18	{"sec_mrd51u8k_s7xvx": 0, "sec_mrd52i20_bxs8q": 0, "sec_mrd589py_n4ccb": 0, "sec_mrd58wv7_h9r0m": 0, "sec_mrd5h8uk_83ljt": 0, "sec_mrd5h8uk_lb1ld": 0, "sec_mrd5h8uk_q8t9f": 0, "sec_mrd5h8uk_zlvj1": 0, "sec_mrd5h8uk_znbx8": 0, "sec_mrd5hvzu_sb784": 0, "sec_mrd5hvzv_7jcz3": 100, "sec_mrd5hvzv_a4wue": 0, "sec_mrd5hvzv_ae5ra": 0, "sec_mrd5hvzv_vsvm8": 100, "sec_mrd5hvzv_ztdcy": 100, "sec_mrd5ij53_k401z": 100, "sec_mrd5ij53_lxnd3": 0}	submitted
39	\N	\N	\N	Mozilla/5.0 (Windows NT 10.0; Win64; x64) AppleWebKit/537.36 (KHTML, like Gecko) Chrome/150.0.0.0 Safari/537.36	2026-07-13 11:03:20.64296+00	2026-07-13 11:10:24.400752+00	424	{"5483": [["", "", "", "", "", "", "", "", "", "", "", "", ""]], "5484": [["Thấp", "Thấp", "Thấp", "Thấp", "Thấp", "Thấp", "Thấp", "Thấp", "Thấp", "Thấp", "Thấp", "Thấp", "Thấp", "Thấp", "Thấp", "Thấp", "Thấp", "Thấp", "Thấp", "Thấp", "Thấp", "Thấp", "Thấp", "Thấp", "Thấp", "Thấp"]], "5485": [["", "", "", "", "", "", "", "", ""]], "5486": {"data": [[null, "1", null, null], [null, "1", null, null], [null, "1", null, null], [null, "1", null, null], [null, "1", null, null], [null, "1", null, null], [null, "1", null, null], [null, "1", null, null], [null, "1", null, null], [null, "1", null, null], [null, "1", null, null]], "type": "grid"}, "5488": {"data": [[null, "1", null], [null, "1", null], [null, "1", null], [null, "1", null], [null, "1", null], [null, "1", null], [null, "1", null], [null, "1", null], [null, "1", null], [null, "1", null], [null, "1", null]], "type": "grid"}, "5489": [["Thấp", "Thấp", "Thấp", "Thấp", "Thấp", "Thấp", "Thấp", "Thấp", "Thấp", "Thấp", "Thấp", "Thấp", "Thấp"]], "5493": [["", "", ""]], "5495": "Cần tổ chức cuộc họp chuyên đề."}	f	\N	f	f	2026-07-13 11:03:20.643066+00	\N	21	{"sec_mrd8b91s_6w42v": 100, "sec_mrd8b91s_lt38n": 0, "sec_mrd8b91s_myjiw": 100, "sec_mrd8b91s_uidqk": 100, "sec_mrd8bulo_210ie": 100, "sec_mrd8bulo_2woxu": 100, "sec_mrd8bulo_djttb": 100, "sec_mrd8bulo_frqyl": 0, "sec_mrd8bulo_rqbbl": 0, "sec_mrd8bulo_w8efh": 0}	submitted
62	\N	\N		Mozilla/5.0 (Windows NT 10.0; Win64; x64) AppleWebKit/537.36 (KHTML, like Gecko) Chrome/149.0.0.0 Safari/537.36 OPR/133.0.0.0 (Edition std-2)	2026-07-13 14:43:17.547989+00	2026-07-13 14:44:42.002719+00	84	{"5580": [["", "", "", "", "", "", "", "", ""]], "5581": {"data": [[null, null, null, null], [null, null, null, null], [null, null, null, null], [null, null, null, null], [null, null, null, null], [null, null, null, null], [null, null, null, null], [null, null, null, null], [null, null, null, null], [null, null, null, null], [null, null, null, null]], "type": "grid"}, "5583": {"data": [[null, null, null], [null, null, null], [null, null, null], [null, null, null], [null, null, null], [null, null, null], [null, null, null], [null, null, null], [null, null, null], [null, null, null], [null, null, null]], "type": "grid"}, "5584": [["Thấp", "Thấp", "Thấp", "Thấp", "Thấp", "Thấp", "Thấp", "Thấp", "Thấp", "Thấp", "Thấp", "Thấp", "Thấp"]], "5588": [["", "", ""]], "5590": "Các yêu cầu trên đã được thống nhất.", "5592": [["", "", "", "", "", "", "", "", "", "", "", "", ""]], "email": "", "phone": "", "agency": "Mê Linh", "position": "", "full_name": "ks2_melinh", "department": "Mê Linh", "organization": "Mê Linh"}	f	\N	f	f	2026-07-13 14:43:17.548065+00	512	21	{"sec_mrd8b91s_6w42v": 0, "sec_mrd8b91s_lt38n": 0, "sec_mrd8b91s_myjiw": 0, "sec_mrd8b91s_uidqk": 0, "sec_mrd8bulo_210ie": 0, "sec_mrd8bulo_2woxu": 0, "sec_mrd8bulo_djttb": 100, "sec_mrd8bulo_frqyl": 0, "sec_mrd8bulo_rqbbl": 0, "sec_mrd8bulo_w8efh": 0}	draft
72	\N	\N	test@hmail.com	Mozilla/5.0 (Windows NT 10.0; Win64; x64) AppleWebKit/537.36 (KHTML, like Gecko) Chrome/150.0.0.0 Safari/537.36 Edg/150.0.0.0	2026-07-13 18:18:10.132539+00	\N	17	{"6257": "test@hmail.com", "6258": [["", "", "", "", "", "", "", "", "", "", "", "", ""]], "6260": [["Thấp", "Thấp", "Thấp", "Thấp", "Thấp", "Thấp", "Thấp", "Thấp", "Thấp", "Thấp", "Thấp", "Thấp", "Thấp", "Thấp", "Thấp", "Thấp", "Thấp", "Thấp", "Thấp", "Thấp", "Thấp", "Thấp", "Thấp", "Thấp", "Thấp", "Thấp"]], "6261": [["", "", "", "", "", "", "", "", ""]], "6262": {"data": [[null, null, null, null], [null, null, null, null], [null, null, null, null], [null, null, null, null], [null, null, null, null], [null, null, null, null], [null, null, null, null], [null, null, null, null], [null, null, null, null], [null, null, null, null], [null, null, null, null]], "type": "grid"}, "6263": {"data": [[null, null, null], [null, null, null], [null, null, null], [null, null, null], [null, null, null], [null, null, null], [null, null, null], [null, null, null], [null, null, null], [null, null, null], [null, null, null]], "type": "grid"}, "6264": [["Hiệu năng hệ thống", "Khả năng mở rộng", "Tính sẵn sàng", "An toàn thông tin", "Sao lưu và phục hồi dữ liệu", "Khả năng tích hợp", "Khả năng khai thác trên thiết bị di động", "Khả năng sử dụng", "Khả năng bảo trì", "Khả năng nâng cấp", "Khả năng mở rộng tích hợp", "Khả năng truy cập đa nền tảng(Web/Mobile/Tablet)", "Tính thân thiện giao diện"]], "6269": [["", "", ""]], "email": "test@hmail.com", "phone": "", "agency": "", "position": "", "full_name": "test", "department": "", "organization": ""}	f	\N	f	f	2026-07-13 18:18:10.132594+00	582	21	{"sec_mrji32jc_02myx": 100, "sec_mrji3pol_08ygj": 0, "sec_mrji3pol_kjxj5": 0, "sec_mrji3pom_xwahu": 0, "sec_mrji4ctm_06kdb": 0, "sec_mrji4ctm_gtanp": 0, "sec_mrji4ctm_w2j5m": 0, "sec_mrji4zz8_b0vue": 0, "sec_mrji4zz8_eyyqa": 0, "sec_mrji4zz8_qvwvf": 0}	draft
87	\N	\N	\N	Mozilla/5.0 (Windows NT 10.0; Win64; x64) AppleWebKit/537.36 (KHTML, like Gecko) Chrome/150.0.0.0 Safari/537.36 Edg/150.0.0.0	2026-07-13 19:04:03.576931+00	\N	0	{}	f	\N	f	f	2026-07-13 19:04:03.577208+00	582	18	{}	draft
\.


--
-- Data for Name: survey_section; Type: TABLE DATA; Schema: public; Owner: survey_user
--

COPY public.survey_section (id, code, title, description, icon, "order", created_at, updated_at, survey_id) FROM stdin;
70	sec_mrd5p4ay_3aj1d	I. THÔNG TIN CHUNG	Mô tả phần...		0	2026-07-09 06:59:23.593+00	2026-07-09 07:03:43.873+00	19
71	sec_mrd5prgj_7sqyz	II. KẾT QUẢ KHẢO SÁT HIỆN TRẠNG NGHIỆP VỤ	Mô tả phần...		1	2026-07-09 06:59:54.318+00	2026-07-09 07:03:43.984+00	19
72	sec_mrd5qell_ejhot	III. KẾT QUẢ KHẢO SÁT HIỆN TRẠNG CNTT	Mô tả phần...		2	2026-07-09 07:00:24.344+00	2026-07-09 07:03:44.065+00	19
73	sec_mrd5qell_6cxnd	IV. KHÓ KHĂN, VƯỚNG MẮC	Mô tả phần...		3	2026-07-09 07:00:24.386+00	2026-07-09 07:03:44.147+00	19
74	sec_mrd5qell_wwlyz	V. NHU CẦU CỦA ĐƠN VỊ	Mô tả phần...		4	2026-07-09 07:00:24.441+00	2026-07-09 07:03:44.22+00	19
75	sec_mrd5sc1j_upqkj	VI. YÊU CẦU ĐỀ XUẤT ĐỐI VỚI HỆ THỐNG	Mô tả phần...		5	2026-07-09 07:01:54.525+00	2026-07-09 07:03:44.293+00	19
76	sec_mrd5sc1j_bdrd5	VII. ĐÁNH GIÁ CỦA ĐOÀN KHẢO SÁT	Mô tả phần...		6	2026-07-09 07:01:54.585+00	2026-07-09 07:03:44.414+00	19
77	sec_mrd5sc1j_9kkon	VIII. KẾT LUẬN	Mô tả phần...		7	2026-07-09 07:01:54.721+00	2026-07-09 07:03:44.65+00	19
86	sec_mrd81wmu_0jswl	I. THÔNG TIN CHUNG	Mô tả phần...		0	2026-07-09 08:05:19.474+00	2026-07-10 16:15:20.7+00	20
40	sec_mrd4dtgl_kpp08	IV. NHU CẦU XÂY DỰNG HỆ THỐNG	Mô tả phần...		3	2026-07-09 06:22:37.313+00	2026-07-13 16:20:47.828236+00	16
41	sec_mrd4dtgl_qprnt	V. MỨC ĐỘ ƯU TIÊN	Mô tả phần...		4	2026-07-09 06:22:37.365+00	2026-07-13 16:20:48.203835+00	16
62	sec_mrd5hvzu_sb784	X. HỒ SƠ KỸ THUẬT	Mô tả phần...		9	2026-07-09 06:53:47.619+00	2026-07-13 18:58:38.873074+00	18
63	sec_mrd5hvzv_7jcz3	XI. NHU CẦU KỸ THUẬT	Mô tả phần...		10	2026-07-09 06:53:47.683+00	2026-07-13 18:58:39.248364+00	18
51	sec_mrd4ty1p_o1mrs	VI.\nKHÓ KHĂN, VƯỚNG MẮC TRONG QUÁ\nTRÌNH THỰC HIỆN ĐIỀU TRA XÃ HỘI HỌC, KHẢO SÁT SIPAS VÀ KHẢO SÁT DDCI			5	2026-07-09 06:35:21.117+00	2026-07-13 10:30:30.589759+00	17
37	sec_mrd3y4v6_1oowr	VI. KHÓ KHĂN, VƯỚNG MẮC TRONG CÔNG TÁC QUẢN LÝ, ĐIỀU HÀNH			5	2026-07-09 06:10:25.95+00	2026-07-13 16:20:48.571938+00	16
53	sec_mrd51u8k_s7xvx	I.THÔNG TIN CHUNG	Mô tả phần...		0	2026-07-09 06:41:17.43+00	2026-07-13 18:58:35.357763+00	18
64	sec_mrd5hvzv_a4wue	XII. NHU CẦU ĐẦU TƯ	Mô tả phần...		11	2026-07-09 06:53:47.731+00	2026-07-13 18:58:39.638414+00	18
54	sec_mrd52i20_bxs8q	II. HIỆN TRẠNG HẠ TẦNG CNTT	Mô tả phần...		1	2026-07-09 06:41:49.732+00	2026-07-13 18:58:35.88244+00	18
65	sec_mrd5hvzv_ae5ra	XIII. MỨC ĐỘ ƯU TIÊN	Mô tả phần...		12	2026-07-09 06:53:47.779+00	2026-07-13 18:58:40.096949+00	18
66	sec_mrd5hvzv_ztdcy	XIV. ĐÁNH GIÁ CHUNG	Mô tả phần...		13	2026-07-09 06:53:47.822+00	2026-07-13 18:58:40.477366+00	18
67	sec_mrd5hvzv_vsvm8	XV. KHÓ KHĂN, VƯỚNG MẮC TRONG CÔNG TÁC QUẢN LÝ, VẬN HÀNH HỆ THỐNG CÔNG NGHỆ THÔNG TIN	Mô tả phần...		14	2026-07-09 06:53:47.87+00	2026-07-13 18:58:40.850368+00	18
68	sec_mrd5ij53_lxnd3	XVI. KIẾN NGHỊ, ĐỀ XUẤT ĐỐI VỚI HỆ THỐNG	Mô tả phần...		15	2026-07-09 06:54:18.17+00	2026-07-13 18:58:41.223426+00	18
52	sec_mrd4tycl_9vajl	VII.\nKIẾN NGHỊ, ĐỀ XUẤT ĐỐI VỚI HỆ\nTHỐNG			6	2026-07-09 06:35:21.143+00	2026-07-13 10:30:30.934931+00	17
38	sec_mrd3y4v6_12wu0	VII. KIẾN NGHỊ, ĐỀ XUẤT ĐỐI VỚI HỆ THỐNG			6	2026-07-09 06:10:25.999+00	2026-07-13 16:20:48.947411+00	16
69	sec_mrd5ij53_k401z	XVII. TÀI LIỆU ĐƠN VỊ CUNG CẤP	Mô tả phần...		16	2026-07-09 06:54:18.222+00	2026-07-13 18:58:41.587439+00	18
55	sec_mrd589py_n4ccb	III. HIỆN TRẠNG KIẾN TRÚC HỆ THỐNG	Mô tả phần...		2	2026-07-09 06:46:18.722+00	2026-07-13 18:58:36.423298+00	18
35	sec_mrd3mk79_mf9ln	I. THÔNG TIN CHUNG			0	2026-07-09 06:05:25.06+00	2026-07-13 16:20:46.212587+00	16
30	sec_mrd3lxb1_4sre5	II. ĐÁNH GIÁ HIỆN TRẠNG	Đánh dấu ☑\nvào ô tương ứng		1	2026-07-09 06:00:55.424+00	2026-07-13 16:20:46.9249+00	16
47	sec_mrd4q93x_hx301	I. THÔNG TIN CHUNG	Mô tả phần...		0	2026-07-09 06:32:16.958+00	2026-07-13 10:30:28.121695+00	17
48	sec_mrd4q93x_osn2f	II. HIỆN TRẠNG THỰC HIỆN NGHIỆP VỤ	Mô tả phần...		1	2026-07-09 06:32:17.069+00	2026-07-13 10:30:28.801075+00	17
49	sec_mrd4q93x_nhy01	III. HIỆN TRẠNG ỨNG DỤNG CÔNG NGHỆ THÔNG TIN TRONG NGHIỆP VỤ	Mô tả phần...		2	2026-07-09 06:32:17.196+00	2026-07-13 10:30:29.610501+00	17
50	sec_mrd4q93x_dv4pa	IV. NHU CẦU NGHIỆP VỤ ĐỐI VỚI HỆ THỐNG	Mô tả phần...		3	2026-07-09 06:32:17.254+00	2026-07-13 10:30:29.940424+00	17
45	sec_mrd4pof1_5zpng	V. MỨC ĐỘ ƯU TIÊN	Mô tả phần...		4	2026-07-09 06:31:50.107+00	2026-07-13 10:30:30.267073+00	17
56	sec_mrd58wv7_h9r0m	IV. HIỆN TRẠNG PHẦN MỀM	Mô tả phần...		3	2026-07-09 06:46:49.038+00	2026-07-13 18:58:36.776375+00	18
57	sec_mrd5h8uk_znbx8	V. HIỆN TRẠNG DỮ LIỆU	Mô tả phần...		4	2026-07-09 06:53:17.529+00	2026-07-13 18:58:37.145195+00	18
58	sec_mrd5h8uk_zlvj1	VI. KẾT NỐI VÀ TÍCH HỢP	Mô tả phần...		5	2026-07-09 06:53:17.574+00	2026-07-13 18:58:37.4729+00	18
39	sec_mrd4dtgl_a57uj	III. NHU CẦU QUẢN LÝ VÀ ĐIỀU HÀNH	Mô tả phần...		2	2026-07-09 06:22:37.257+00	2026-07-13 16:20:47.43119+00	16
59	sec_mrd5h8uk_83ljt	VII. QUẢN LÝ NGƯỜI DÙNG	Mô tả phần...		6	2026-07-09 06:53:17.623+00	2026-07-13 18:58:37.819494+00	18
60	sec_mrd5h8uk_q8t9f	VIII. AN TOÀN THÔNG TIN	Mô tả phần...		7	2026-07-09 06:53:17.672+00	2026-07-13 18:58:38.130638+00	18
61	sec_mrd5h8uk_lb1ld	IX. QUẢN TRỊ VẬN HÀNH	Mô tả phần...		8	2026-07-09 06:53:17.721+00	2026-07-13 18:58:38.503347+00	18
87	sec_mrd81wmu_30sgb	II. DANH MỤC TÀI LIỆU TIẾP NHẬN	Mô tả phần...		1	2026-07-09 08:05:19.53+00	2026-07-10 16:15:20.817+00	20
88	sec_mrd81wmu_mj8dx	III. DANH MỤC DỮ LIỆU TIẾP NHẬN	Mô tả phần...		2	2026-07-09 08:05:19.584+00	2026-07-10 16:15:20.892+00	20
89	sec_mrd81wmu_9hh1f	IV. DANH MỤC HỆ THỐNG THÔNG TIN LIÊN QUAN	Mô tả phần...		3	2026-07-09 08:05:19.644+00	2026-07-10 16:15:20.955+00	20
90	sec_mrd81wmu_fm0nw	V. DANH MỤC CƠ SỞ DỮ LIỆU	Mô tả phần...		4	2026-07-09 08:05:19.695+00	2026-07-10 16:15:21.053+00	20
91	sec_mrd81wmu_ofv9g	VI. DANH MỤC HỒ SƠ KỸ THUẬT	Mô tả phần...		5	2026-07-09 08:05:19.758+00	2026-07-10 16:15:21.161+00	20
92	sec_mrd82js8_n03dg	VII. ĐÁNH GIÁ MỨC ĐỘ ĐẦY ĐỦ CỦA TÀI LIỆU	Mô tả phần...		6	2026-07-09 08:05:50.246+00	2026-07-10 16:15:21.265+00	20
93	sec_mrd82js8_u2nuv	VIII. TÀI LIỆU CẦN BỔ SUNG	Mô tả phần...		7	2026-07-09 08:05:50.288+00	2026-07-10 16:15:21.345+00	20
94	sec_mrd82wx8_ys6sh	IX.\nKẾT LUẬN	IX.\nKẾT LUẬN		8	2026-07-09 08:06:20.91+00	2026-07-10 16:15:21.44+00	20
184	sec_mrip5gv9_wxiw1	I. THÔNG TIN CHUNG	Mô tả phần...		0	2026-07-13 04:02:49.546969+00	2026-07-13 04:06:57.493187+00	15
108	sec_mrd8izin_dipqb	I. THÔNG TIN ĐƠN VỊ	Mô tả phần...		0	2026-07-09 08:18:36.372+00	2026-07-13 04:01:10.964041+00	14
178	sec_mrgi99qs_nktl6	I. THÔNG TIN CHUNG	Mô tả phần...		0	2026-07-11 15:14:18.222488+00	2026-07-11 15:16:04.202492+00	22
179	sec_mrgi99qs_qchj8	II. TỔNG HỢP CÁC YÊU CẦU NGHIỆP VỤ	Mô tả phần...		1	2026-07-11 15:14:18.503845+00	2026-07-11 15:16:04.786397+00	22
180	sec_mrgi99qs_z1f2n	III. TỔNG HỢP YÊU CẦU CHỨC NĂNG	Mô tả phần...		2	2026-07-11 15:14:18.686081+00	2026-07-11 15:16:05.170067+00	22
181	sec_mrgi99qs_20mll	IV. TỔNG HỢP YÊU CẦU DỮ LIỆU	Mô tả phần...		3	2026-07-11 15:14:18.867778+00	2026-07-11 15:16:05.552431+00	22
171	sec_mrgi8z55_dnk7b	V. TỔNG HỢP YÊU CẦU KẾT NỐI	Mô tả phần...		4	2026-07-11 15:14:04.395264+00	2026-07-11 15:16:05.92943+00	22
172	sec_mrgi8z55_14pvq	VI. TỔNG HỢP YÊU CẦU HẠ TẦNG	Mô tả phần...		5	2026-07-11 15:14:05.365077+00	2026-07-11 15:16:06.301237+00	22
173	sec_mrgi8z55_m03o5	VII. TỔNG HỢP YÊU CẦU AN TOÀN THÔNG TIN	Mô tả phần...		6	2026-07-11 15:14:05.521698+00	2026-07-11 15:16:06.714636+00	22
174	sec_mrgi8z55_cdwts	VIII. PHÂN LOẠI YÊU CẦU ĐẦU TƯ	Mô tả phần...		7	2026-07-11 15:14:05.691636+00	2026-07-11 15:16:07.337308+00	22
175	sec_mrgi8z55_f9d80	IX. ĐÁNH GIÁ VÀ ĐỀ XUẤT CỦA ĐOÀN KHẢO SÁT	Mô tả phần...		8	2026-07-11 15:14:05.877124+00	2026-07-11 15:16:08.007085+00	22
176	sec_mrgi8z55_wvjge	X. MA TRẬN ƯU TIÊN TRIỂN KHAI	Mô tả phần...		9	2026-07-11 15:14:06.334666+00	2026-07-11 15:16:09.004032+00	22
177	sec_mrgi8z55_dp91f	XI. KẾT LUẬN	Mô tả phần...		10	2026-07-11 15:14:06.515562+00	2026-07-11 15:16:09.369912+00	22
182	sec_mrip1ioa_pkcx9	NHÓM BIỂU MẪU QUẢN LÝ KHẢO SÁT	Mô tả phần...		0	2026-07-13 03:59:45.138713+00	2026-07-13 03:59:56.960928+00	13
192	sec_mrji3pol_kjxj5	III. YÊU CẦU CHỨC NĂNG HỆ THỐNG	Mô tả phần...		2	2026-07-13 17:33:20.05224+00	2026-07-13 18:24:58.319445+00	21
193	sec_mrji3pom_xwahu	IV. YÊU CẦU VỀ DỮ LIỆU	Mô tả phần...		3	2026-07-13 17:33:20.450859+00	2026-07-13 18:24:58.860783+00	21
109	sec_mrd8izin_gwucs	II. DANH MỤC TÀI LIỆU ĐỀ NGHỊ CUNG CẤP	Mô tả phần...		1	2026-07-09 08:18:36.45+00	2026-07-13 04:01:11.271988+00	14
110	sec_mrd8jmo0_i3jdb	III. DỮ LIỆU ĐIỆN TỬ ĐỀ NGHỊ CUNG CẤP	Mô tả phần...		2	2026-07-09 08:19:07.077+00	2026-07-13 04:01:12.718266+00	14
113	sec_mrd8lfp0_iozvi	IV. KẾT QUẢ TIẾP NHẬN TÀI LIỆU	IV. KẾT QUẢ TIẾP NHẬN TÀI LIỆU		3	2026-07-09 08:20:36.979+00	2026-07-13 04:01:13.101839+00	14
194	sec_mrji4ctm_gtanp	V. YÊU CẦU KẾT NỐI, CHIA SẺ DỮ LIỆU	Mô tả phần...		4	2026-07-13 17:33:50.269208+00	2026-07-13 18:24:59.20944+00	21
195	sec_mrji4ctm_06kdb	VI. YÊU CẦU VỀ BÁO CÁO, THỐNG KÊ	Mô tả phần...		5	2026-07-13 17:33:50.464872+00	2026-07-13 18:24:59.566603+00	21
185	sec_mrip5gv9_hoiqt	II. THÀNH PHẦN THAM DỰ	Mô tả phần...		1	2026-07-13 04:02:49.803533+00	2026-07-13 04:06:47.375442+00	15
186	sec_mrip640m_qf8ks	III. CÁC NỘI DUNG ĐÃ KHẢO SÁT	Mô tả phần...		2	2026-07-13 04:03:22.721464+00	2026-07-13 04:06:47.934044+00	15
187	sec_mrip8om1_abqw9	IV. TÀI LIỆU ĐÃ TIẾP NHẬN	Mô tả phần...		3	2026-07-13 04:05:23.235184+00	2026-07-13 04:06:48.403452+00	15
188	sec_mrip9brm_bmsiu	V. KẾT QUẢ KHẢO SÁT	Mô tả phần...		4	2026-07-13 04:05:53.246254+00	2026-07-13 04:06:48.823575+00	15
189	sec_mrip9pz5_jmqfl	VI. CÔNG VIỆC CẦN THỰC HIỆN TIẾP	Mô tả phần...		5	2026-07-13 04:06:22.427961+00	2026-07-13 04:06:49.847778+00	15
196	sec_mrji4ctm_w2j5m	VII. YÊU CẦU PHI CHỨC NĂNG	Mô tả phần...		6	2026-07-13 17:33:50.696539+00	2026-07-13 18:24:59.923083+00	21
197	sec_mrji4zz8_b0vue	IX. KIẾN NGHỊ ƯU TIÊN TRIỂN KHAI	Mô tả phần...		7	2026-07-13 17:34:21.131636+00	2026-07-13 18:25:01.018355+00	21
198	sec_mrji4zz8_eyyqa	X. KẾT LUẬN	Mô tả phần...		8	2026-07-13 17:34:21.312473+00	2026-07-13 18:25:01.364906+00	21
199	sec_mrji4zz8_qvwvf	XI. XÁC NHẬN YÊU CẦU	Mô tả phần...		9	2026-07-13 17:34:21.480742+00	2026-07-13 18:25:01.993339+00	21
190	sec_mrji32jc_02myx	I. THÔNG TIN CHUNG	Mô tả phần...		0	2026-07-13 17:32:46.539639+00	2026-07-13 18:24:57.040793+00	21
191	sec_mrji3pol_08ygj	II. YÊU CẦU NGHIỆP VỤ	Mô tả phần...		1	2026-07-13 17:33:19.852436+00	2026-07-13 18:24:57.991672+00	21
\.


--
-- Data for Name: survey_survey; Type: TABLE DATA; Schema: public; Owner: survey_user
--

COPY public.survey_survey (id, title, slug, description, start_date, end_date, allow_after_deadline, status, target_groups, settings, created_at, updated_at, category_id, code) FROM stdin;
19	BẢNG TỔNG HỢP KẾT QUẢ KHẢO SÁT ĐƠN VỊ	bang-tong-hop-ket-qua-khao-sat-on-vi		2026-07-09 05:56:00+00	2026-08-08 05:56:00+00	f	active	[]	{}	2026-07-09 05:56:31.75+00	2026-07-09 08:32:04.275+00	1	SIPAS-BM-07
20	DANH MỤC TÀI LIỆU, HỒ SƠ VÀ DỮ LIỆU TIẾP NHẬN	danh-muc-tai-lieu-ho-so-va-du-lieu-tiep-nhan		2026-07-09 05:56:00+00	2026-08-08 05:56:00+00	f	active	[]	{}	2026-07-09 05:56:47.359+00	2026-07-10 16:15:20.56+00	1	SIPAS-BM-08
17	PHIẾU KHẢO SÁT DÀNH CHO CÁN BỘ CHUYÊN MÔN, ĐẦU MỐI THỰC HIỆN NGHIỆP VỤ	phieu-khao-sat-danh-cho-can-bo-chuyen-mon-au-moi-thuc-hien-nghiep-vu		2026-07-09 05:56:00+00	2026-08-08 05:56:00+00	f	active	[]	{}	2026-07-09 05:56:08.998+00	2026-07-13 10:30:27.715569+00	1	SIPAS-BM-05
15	Biên bản khảo sát hiện trạng	bien-ban-khao-sat-hien-trang		2026-07-09 05:55:00+00	2026-08-08 05:55:00+00	f	active	[]	{}	2026-07-09 05:55:20.621+00	2026-07-13 04:06:57.211617+00	1	SIPAS-BM-03
22	Bảng tổng hợp yêu cầu xây dựng hệ thống	bang-tong-hop-yeu-cau-xay-dung-he-thong		2026-07-09 08:15:00+00	2026-08-08 08:15:00+00	f	active	[]	{}	2026-07-09 08:15:28.75+00	2026-07-11 15:16:03.781585+00	1	SIPAS-BM-10
18	PHIẾU KHẢO SÁT DÀNH CHO CÁN BỘ PHỤ TRÁCH CÔNG NGHỆ THÔNG TIN	phieu-khao-sat-danh-cho-can-bo-phu-trach-cong-nghe-thong-tin		2026-07-09 05:56:00+00	2026-08-08 05:56:00+00	f	active	[]	{}	2026-07-09 05:56:17.9+00	2026-07-13 18:58:34.92554+00	1	SIPAS-BM-06
16	PHIẾU KHẢO SÁT DÀNH CHO LÃNH ĐẠO QUẢN LÝ	phieu-khao-sat-danh-cho-lanh-ao-quan-ly		2026-07-09 05:55:00+00	2026-08-08 05:55:00+00	f	active	[]	{}	2026-07-09 05:55:44.284+00	2026-07-13 16:20:45.914197+00	1	SIPAS-BM-04
13	Kế hoạch khảo sát chi tiết	ke-hoach-khao-sat-chi-tiet		2026-07-09 05:54:00+00	2026-08-08 05:54:00+00	f	active	[]	{}	2026-07-09 05:54:52.239+00	2026-07-13 03:59:56.746954+00	1	SIPAS-BM-01
14	Danh mục tài liệu đề nghị cung cấp phục vụ khảo sát	danh-muc-tai-lieu-e-nghi-cung-cap-phuc-vu-khao-sat		2026-07-09 05:55:00+00	2026-08-08 05:55:00+00	f	active	[]	{}	2026-07-09 05:55:09.046+00	2026-07-13 04:01:10.573384+00	1	SIPAS-BM-02
21	PHIẾU KHẢO SÁT YÊU CẦU NGHIỆP VỤ VÀ CHỨC NĂNG HỆ THỐNG	phieu-khao-sat-yeu-cau-nghiep-vu-va-chuc-nang-he-thong		2026-07-09 05:57:00+00	2026-08-08 05:57:00+00	f	active	[]	{}	2026-07-09 05:57:07.221+00	2026-07-13 18:24:56.655717+00	1	SIPAS-BM-09
\.


--
-- Data for Name: survey_surveyassignment; Type: TABLE DATA; Schema: public; Owner: survey_user
--

COPY public.survey_surveyassignment (id, form_code, form_name, form_description, target_group_code, target_group_name, target_group_description, is_active, "order", created_at, updated_at, section_id, survey_id) FROM stdin;
\.


--
-- Data for Name: survey_surveycategory; Type: TABLE DATA; Schema: public; Owner: survey_user
--

COPY public.survey_surveycategory (id, name, description, icon, created_at) FROM stdin;
1	SIPAS	Khảo sát sự hài lòng của người dân đối với dịch vụ hành chính công (SIPAS)	bi-clipboard-check	2026-07-09 05:19:21.754+00
2	CCHC	Khảo sát về cải cách hành chính (CCHC)	bi-building-gear	2026-07-09 05:19:21.762+00
\.


--
-- Data for Name: survey_surveyparticipant; Type: TABLE DATA; Schema: public; Owner: survey_user
--

COPY public.survey_surveyparticipant (id, agency, target_group_code, target_group_name, full_name, "position", department, phone, email, notes, assigned_forms, ip_address, user_agent, session_key, status, submitted_at, created_at, updated_at, response_id, survey_id, user_id) FROM stdin;
1	Sở Nội vụ	SIPAS-NHOM_DOI_TUONG_1	Nhóm đối tượng 1	Test User	Cán bộ test tại Sở Nội vụ	Sở Nội vụ		test@example.com	\N	["SIPAS-BM-04"]	127.0.0.1	Mozilla/5.0 (Windows NT 10.0; Win64; x64) AppleWebKit/537.36 (KHTML, like Gecko) Chrome/150.0.0.0 Safari/537.36 Edg/150.0.0.0	3fn4p01h37rqs1w506gup37j1ar4yebe	draft	\N	2026-07-09 06:21:02.29+00	2026-07-09 06:21:34.927+00	1	16	\N
2	Sở Nội vụ	SIPAS-DOAN_KHAO_SAT	Đoàn khảo sát	ks_cchc_sonoivu	Cán bộ Sở Nội vụ	Sở Nội vụ			\N	["SIPAS-BM-10", "SIPAS-BM-09", "SIPAS-BM-08", "SIPAS-BM-07", "SIPAS-BM-03", "SIPAS-BM-01"]	127.0.0.1	Mozilla/5.0 (Windows NT 10.0; Win64; x64) AppleWebKit/537.36 (KHTML, like Gecko) Chrome/150.0.0.0 Safari/537.36 Edg/150.0.0.0	omwv5iu7tj4hwz04kbw03vseunlkylk1	draft	\N	2026-07-09 08:38:42.909+00	2026-07-09 08:38:42.909+00	\N	22	\N
3	Sở Nội vụ	SIPAS-DON_VI_DUOC_KHAO_SAT	Đơn vị được khảo sát	Test User	Cán bộ test tại Sở Nội vụ	Sở Nội vụ		test@example.com	\N	["SIPAS-BM-09", "SIPAS-BM-08", "SIPAS-BM-03", "SIPAS-BM-02"]	127.0.0.1	Mozilla/5.0 (Windows NT 10.0; Win64; x64) AppleWebKit/537.36 (KHTML, like Gecko) Chrome/150.0.0.0 Safari/537.36 Edg/150.0.0.0	t9ek78i0i0auyz1ad48q3mtqe7wbelam	submitted	2026-07-10 14:31:53.729+00	2026-07-09 09:02:00.292+00	2026-07-10 14:31:53.729+00	12	22	\N
5	Sở Nội vụ	CCHC-TEST	TEST	Test User	Cán bộ test tại Sở Nội vụ	Sở Nội vụ		test@example.com	\N	["CCHC-BM-01"]	127.0.0.1	Mozilla/5.0 (Windows NT 10.0; Win64; x64) AppleWebKit/537.36 (KHTML, like Gecko) Chrome/150.0.0.0 Safari/537.36 Edg/150.0.0.0	rhp1utplhjo7rl9oixnhy10brq2fddr4	draft	\N	2026-07-10 10:09:55.196+00	2026-07-10 10:09:55.196+00	\N	22	\N
23	Thường Tín	SIPAS-NHOM_DOI_TUONG_1	Nhóm đối tượng 1	ks2_thuongtin		Thường Tín			\N	["SIPAS-BM-09", "SIPAS-BM-04"]	\N	Mozilla/5.0 (Windows NT 10.0; Win64; x64) AppleWebKit/537.36 (KHTML, like Gecko) Chrome/150.0.0.0 Safari/537.36 Edg/150.0.0.0	0njh89t6sj80eo2r82kwr81uhllff7dn	draft	\N	2026-07-13 11:11:03.772682+00	2026-07-13 11:35:31.904312+00	\N	22	560
15		SIPAS-NHOM_DOI_TUONG_3	Nhóm đối tượng 3	test				test@hmail.com	\N	["SIPAS-BM-09", "SIPAS-BM-06"]	\N	Mozilla/5.0 (Windows NT 10.0; Win64; x64) AppleWebKit/537.36 (KHTML, like Gecko) Chrome/150.0.0.0 Safari/537.36 Edg/150.0.0.0	xthmx368p2r6sw6m2f2wkexvknfrg6wb	draft	\N	2026-07-13 06:17:34.674143+00	2026-07-13 06:17:34.674185+00	\N	22	\N
16		SIPAS-NHOM_DOI_TUONG_1	Nhóm đối tượng 1	test				test@hmail.com	\N	["SIPAS-BM-09", "SIPAS-BM-04"]	\N	Mozilla/5.0 (Windows NT 10.0; Win64; x64) AppleWebKit/537.36 (KHTML, like Gecko) Chrome/148.0.0.0 Safari/537.36	06p70qjngh64aaypatceatnifbit5ub1	draft	\N	2026-07-13 08:31:15.231572+00	2026-07-13 08:31:15.231593+00	\N	22	\N
17		SIPAS-NHOM_DOI_TUONG_2	Nhóm đối tượng 2	test				test@hmail.com	\N	["SIPAS-BM-09", "SIPAS-BM-05"]	\N	Mozilla/5.0 (Windows NT 10.0; Win64; x64) AppleWebKit/537.36 (KHTML, like Gecko) Chrome/150.0.0.0 Safari/537.36 Edg/150.0.0.0	h2ei9u0pk0wc3axfyr535d8sy5z5ugkh	draft	\N	2026-07-13 08:37:22.214856+00	2026-07-13 08:37:22.214874+00	\N	22	\N
19		SIPAS-NHOM_DOI_TUONG_2	Nhóm đối tượng 2	test				test@hmail.com	\N	["SIPAS-BM-09", "SIPAS-BM-05"]	\N	Mozilla/5.0 (Windows NT 10.0; Win64; x64) AppleWebKit/537.36 (KHTML, like Gecko) Chrome/150.0.0.0 Safari/537.36 Edg/150.0.0.0	ag7czx2y7h57zk6lczss52bgez80kpug	draft	\N	2026-07-13 10:27:35.203356+00	2026-07-13 10:27:35.203372+00	\N	22	\N
25		SIPAS-NHOM_DOI_TUONG_3	Nhóm đối tượng 3	test				test@hmail.com	\N	["SIPAS-BM-09", "SIPAS-BM-06"]	\N	Mozilla/5.0 (Windows NT 10.0; Win64; x64) AppleWebKit/537.36 (KHTML, like Gecko) Chrome/150.0.0.0 Safari/537.36 Edg/150.0.0.0	uzile0ogg3v25b0x22t3a6namci82uh5	draft	\N	2026-07-13 11:36:31.701378+00	2026-07-13 11:36:31.701395+00	\N	22	\N
26	An Khánh	SIPAS-NHOM_DOI_TUONG_1	Nhóm đối tượng 1	test		An Khánh		test@hmail.com	\N	["SIPAS-BM-09", "SIPAS-BM-04"]	\N	Mozilla/5.0 (Windows NT 10.0; Win64; x64) AppleWebKit/537.36 (KHTML, like Gecko) Chrome/150.0.0.0 Safari/537.36 Edg/150.0.0.0	kbfd2tvz4d71ubq040a9z6n81x0hfh9y	draft	\N	2026-07-13 11:44:20.058648+00	2026-07-13 11:44:20.058668+00	\N	22	\N
31	Tây Phương	SIPAS-NHOM_DOI_TUONG_1	Nhóm đối tượng 1	test		Tây Phương		tgd	\N	["SIPAS-BM-09", "SIPAS-BM-04"]	\N	Mozilla/5.0 (Windows NT 10.0; Win64; x64) AppleWebKit/537.36 (KHTML, like Gecko) Chrome/150.0.0.0 Safari/537.36 Edg/150.0.0.0	fe4yhgnhnn7kucynyjbbcotoco6d7foq	draft	\N	2026-07-13 15:50:09.335966+00	2026-07-13 15:50:09.335985+00	\N	22	\N
32		SIPAS-NHOM_DOI_TUONG_1	Nhóm đối tượng 1	test				test@hmail.com	\N	["SIPAS-BM-09", "SIPAS-BM-04"]	\N	Mozilla/5.0 (Linux; Android 10; K) AppleWebKit/537.36 (KHTML, like Gecko) Chrome/149.0.0.0 Mobile Safari/537.36	1uyvcnsyu7aaod9ltpc8v6frkxl3y6fv	draft	\N	2026-07-13 16:21:06.486796+00	2026-07-13 16:21:06.486817+00	\N	22	582
33		SIPAS-NHOM_DOI_TUONG_3	Nhóm đối tượng 3	test				test@hmail.com	\N	["SIPAS-BM-09", "SIPAS-BM-06"]	\N	Mozilla/5.0 (Windows NT 10.0; Win64; x64) AppleWebKit/537.36 (KHTML, like Gecko) Chrome/150.0.0.0 Safari/537.36 Edg/150.0.0.0	4h5pvqdxsu3y7xll6nrqwlja89kmugyz	draft	\N	2026-07-13 18:13:18.184671+00	2026-07-13 18:13:18.18469+00	\N	22	582
34		SIPAS-NHOM_DOI_TUONG_3	Nhóm đối tượng 3	test				test@hmail.com	\N	["SIPAS-BM-09", "SIPAS-BM-06"]	\N	Mozilla/5.0 (Windows NT 10.0; Win64; x64) AppleWebKit/537.36 (KHTML, like Gecko) Chrome/150.0.0.0 Safari/537.36 Edg/150.0.0.0	d0xorbuoz3hvancz1e5c1k7xm9zw5n7i	draft	\N	2026-07-13 18:18:48.801639+00	2026-07-13 18:18:48.801657+00	\N	22	582
35		SIPAS-NHOM_DOI_TUONG_3	Nhóm đối tượng 3	test				test@hmail.com	\N	["SIPAS-BM-09", "SIPAS-BM-06"]	\N	Mozilla/5.0 (Windows NT 10.0; Win64; x64) AppleWebKit/537.36 (KHTML, like Gecko) Chrome/150.0.0.0 Safari/537.36 Edg/150.0.0.0	zjpuctfwh6paesxbj8zqif3zafcuh8gr	draft	\N	2026-07-13 18:24:49.209011+00	2026-07-13 18:24:49.209032+00	\N	22	582
36		SIPAS-NHOM_DOI_TUONG_3	Nhóm đối tượng 3	test				test@hmail.com	\N	["SIPAS-BM-09", "SIPAS-BM-06"]	\N	Mozilla/5.0 (Windows NT 10.0; Win64; x64) AppleWebKit/537.36 (KHTML, like Gecko) Chrome/150.0.0.0 Safari/537.36 Edg/150.0.0.0	ytjw314macelpq4xf73mowgrjqk3z1l7	draft	\N	2026-07-13 18:41:44.38846+00	2026-07-13 18:41:44.38848+00	\N	22	582
37		SIPAS-NHOM_DOI_TUONG_3	Nhóm đối tượng 3	test				test@hmail.com	\N	["SIPAS-BM-09", "SIPAS-BM-06"]	\N	Mozilla/5.0 (Windows NT 10.0; Win64; x64) AppleWebKit/537.36 (KHTML, like Gecko) Chrome/150.0.0.0 Safari/537.36 Edg/150.0.0.0	ud5hmfd52g8a38nj8e5f1aazek0wi89d	draft	\N	2026-07-13 18:46:15.180016+00	2026-07-13 18:46:15.180035+00	\N	22	582
38		SIPAS-NHOM_DOI_TUONG_3	Nhóm đối tượng 3	test				test@hmail.com	\N	["SIPAS-BM-09", "SIPAS-BM-06"]	\N	Mozilla/5.0 (Windows NT 10.0; Win64; x64) AppleWebKit/537.36 (KHTML, like Gecko) Chrome/150.0.0.0 Safari/537.36 Edg/150.0.0.0	nhv27m1flbgg1ut3fmnra4to28pvcbsp	draft	\N	2026-07-13 18:57:47.15489+00	2026-07-13 18:57:47.154908+00	\N	22	582
39		SIPAS-NHOM_DOI_TUONG_3	Nhóm đối tượng 3	test				test@hmail.com	\N	["SIPAS-BM-09", "SIPAS-BM-06"]	\N	Mozilla/5.0 (Windows NT 10.0; Win64; x64) AppleWebKit/537.36 (KHTML, like Gecko) Chrome/150.0.0.0 Safari/537.36 Edg/150.0.0.0	90kfh98jr17qs3mubgt6cl19jr6gsixe	draft	\N	2026-07-13 19:04:01.633872+00	2026-07-13 19:04:01.633892+00	\N	22	582
40		SIPAS-NHOM_DOI_TUONG_3	Nhóm đối tượng 3	test				test@hmail.com	\N	["SIPAS-BM-09", "SIPAS-BM-06"]	\N	Mozilla/5.0 (Windows NT 10.0; Win64; x64) AppleWebKit/537.36 (KHTML, like Gecko) Chrome/150.0.0.0 Safari/537.36 Edg/150.0.0.0	ajovfpieu106921c8nea54zwsm9ocqqf	draft	\N	2026-07-13 19:07:05.847376+00	2026-07-13 19:07:05.84743+00	\N	22	582
4	Sở Nội vụ	SIPAS-DOAN_KHAO_SAT	Đoàn khảo sát	Test User	Cán bộ test tại Sở Nội vụ	Sở Nội vụ		test@example.com	\N	["SIPAS-BM-10", "SIPAS-BM-09", "SIPAS-BM-08", "SIPAS-BM-07", "SIPAS-BM-03", "SIPAS-BM-01"]	127.0.0.1	Mozilla/5.0 (Windows NT 10.0; Win64; x64) AppleWebKit/537.36 (KHTML, like Gecko) Chrome/150.0.0.0 Safari/537.36 Edg/150.0.0.0	58aj1zfzp9x99m7xw1313c8f5sqbguey	draft	\N	2026-07-09 09:08:14.635+00	2026-07-09 09:08:14.635+00	\N	22	\N
6	Sở Nội vụ	CCHC-NHOM_DOI_TUONG_1	Nhóm đối tượng 1	Test User	Cán bộ test tại Sở Nội vụ	Sở Nội vụ		test@example.com	\N	["CCHC-BM-09", "CCHC-BM-08", "CCHC-BM-03"]	127.0.0.1	Mozilla/5.0 (Windows NT 10.0; Win64; x64) AppleWebKit/537.36 (KHTML, like Gecko) Chrome/150.0.0.0 Safari/537.36 Edg/150.0.0.0	09btfc49qzzzznkoswgfhixwu8ld1bc4	draft	\N	2026-07-10 10:41:46.596+00	2026-07-10 10:41:46.596+00	\N	22	\N
7	Sở Nội vụ	CCHC-NHOM_DOI_TUONG_1	Nhóm đối tượng 1	Test User	Cán bộ test tại Sở Nội vụ	Sở Nội vụ		test@example.com	\N	["CCHC-BM-09", "CCHC-BM-08", "CCHC-BM-03"]	127.0.0.1	Mozilla/5.0 (Windows NT 10.0; Win64; x64) AppleWebKit/537.36 (KHTML, like Gecko) Chrome/150.0.0.0 Safari/537.36 Edg/150.0.0.0	jsmddejpcrfcsb1jeo66vxco43elb922	draft	\N	2026-07-10 11:59:03.222+00	2026-07-10 11:59:03.222+00	\N	22	\N
8	Sở Nội vụ	SIPAS-DOAN_KHAO_SAT	Đoàn khảo sát	Test User	Cán bộ test tại Sở Nội vụ	Sở Nội vụ		test@example.com	\N	["SIPAS-BM-10", "SIPAS-BM-09", "SIPAS-BM-08", "SIPAS-BM-07", "SIPAS-BM-03", "SIPAS-BM-01"]	127.0.0.1	Mozilla/5.0 (Windows NT 10.0; Win64; x64) AppleWebKit/537.36 (KHTML, like Gecko) Chrome/150.0.0.0 Safari/537.36 Edg/150.0.0.0	2o5r68ywd8zsc4z086eindfek231z9rs	draft	\N	2026-07-10 13:49:03.164+00	2026-07-10 13:49:03.164+00	\N	22	\N
9	Sở Nội vụ	SIPAS-DOAN_KHAO_SAT	Đoàn khảo sát	Test User	Cán bộ test tại Sở Nội vụ	Sở Nội vụ		test@example.com	\N	["SIPAS-BM-10", "SIPAS-BM-09", "SIPAS-BM-08", "SIPAS-BM-07", "SIPAS-BM-03", "SIPAS-BM-01"]	127.0.0.1	Mozilla/5.0 (Windows NT 10.0; Win64; x64) AppleWebKit/537.36 (KHTML, like Gecko) Chrome/150.0.0.0 Safari/537.36 Edg/150.0.0.0	yeftj6faf3v758aycs20pv81sf27g6to	draft	\N	2026-07-10 14:05:31.862+00	2026-07-10 14:05:31.862+00	\N	22	\N
10	Sở Nội vụ	SIPAS-DOAN_KHAO_SAT	Đoàn khảo sát	Test User	Cán bộ test tại Sở Nội vụ	Sở Nội vụ		test@example.com	\N	["SIPAS-BM-10", "SIPAS-BM-09", "SIPAS-BM-08", "SIPAS-BM-07", "SIPAS-BM-03", "SIPAS-BM-01"]	127.0.0.1	Mozilla/5.0 (Windows NT 10.0; Win64; x64) AppleWebKit/537.36 (KHTML, like Gecko) Chrome/150.0.0.0 Safari/537.36 Edg/150.0.0.0	vve5flfcgheojeijtbfodxut43lixwxo	draft	\N	2026-07-10 14:08:18.15+00	2026-07-10 14:08:18.15+00	\N	22	\N
11	Sở Nội vụ	SIPAS-DOAN_KHAO_SAT	Đoàn khảo sát	Test User	Cán bộ test tại Sở Nội vụ	Sở Nội vụ		test@example.com	\N	["SIPAS-BM-10", "SIPAS-BM-09", "SIPAS-BM-08", "SIPAS-BM-07", "SIPAS-BM-03", "SIPAS-BM-01"]	127.0.0.1	Mozilla/5.0 (Windows NT 10.0; Win64; x64) AppleWebKit/537.36 (KHTML, like Gecko) Chrome/150.0.0.0 Safari/537.36 Edg/150.0.0.0	gw4le1vivsdeshnevc33fu68izvnbytg	draft	\N	2026-07-10 14:29:38.735+00	2026-07-10 14:29:38.735+00	\N	22	\N
12	Sở Nội vụ	SIPAS-DOAN_KHAO_SAT	Đoàn khảo sát	Test User	Cán bộ test tại Sở Nội vụ	Sở Nội vụ		test@example.com	\N	["SIPAS-BM-10", "SIPAS-BM-09", "SIPAS-BM-08", "SIPAS-BM-07", "SIPAS-BM-03", "SIPAS-BM-01"]	\N	Mozilla/5.0 (Windows NT 10.0; Win64; x64) AppleWebKit/537.36 (KHTML, like Gecko) Chrome/150.0.0.0 Safari/537.36 Edg/150.0.0.0	vb3a1l18l3kdxs54w8is28ioe2m9qzsg	draft	\N	2026-07-11 14:05:42.788788+00	2026-07-11 14:05:42.788807+00	\N	22	\N
13	Sở Nội vụ	SIPAS-NHOM_DOI_TUONG_3	Nhóm đối tượng 3	Test User	Cán bộ test tại Sở Nội vụ	Sở Nội vụ		test@example.com	\N	["SIPAS-BM-09", "SIPAS-BM-06"]	\N	Mozilla/5.0 (Windows NT 10.0; Win64; x64) AppleWebKit/537.36 (KHTML, like Gecko) Chrome/150.0.0.0 Safari/537.36 Edg/150.0.0.0	1ms40j8e1u9k4j3dn6o9iekz5eoq5vuw	draft	\N	2026-07-12 09:53:19.192135+00	2026-07-12 09:53:19.192156+00	\N	22	\N
14	Sở Nội vụ	SIPAS-DOAN_KHAO_SAT	Đoàn khảo sát	Test User	Cán bộ test tại Sở Nội vụ	Sở Nội vụ		test@example.com	\N	["SIPAS-BM-10", "SIPAS-BM-09", "SIPAS-BM-08", "SIPAS-BM-07", "SIPAS-BM-03", "SIPAS-BM-01"]	\N	Mozilla/5.0 (Windows NT 10.0; Win64; x64) AppleWebKit/537.36 (KHTML, like Gecko) Chrome/150.0.0.0 Safari/537.36 Edg/150.0.0.0	fswbjegvvykicffg7m4lefpksej6nds7	draft	\N	2026-07-12 09:57:20.502408+00	2026-07-12 09:57:20.502431+00	\N	22	\N
18	Chương Mỹ	SIPAS-NHOM_DOI_TUONG_2	Nhóm đối tượng 2	ks2_chuongmy		Chương Mỹ			\N	["SIPAS-BM-09", "SIPAS-BM-05"]	\N	Mozilla/5.0 (Windows NT 10.0; Win64; x64) AppleWebKit/537.36 (KHTML, like Gecko) Chrome/150.0.0.0 Safari/537.36 Edg/150.0.0.0	1isrzodbywjt23ymrlgzjjsqa55xbpo9	draft	\N	2026-07-13 10:13:17.491657+00	2026-07-13 10:13:17.491676+00	\N	22	540
20	Thượng Phúc	SIPAS-NHOM_DOI_TUONG_2	Nhóm đối tượng 2	ks2_thuongphuc		Thượng Phúc			\N	["SIPAS-BM-09", "SIPAS-BM-05"]	\N	Mozilla/5.0 (Windows NT 10.0; Win64; x64) AppleWebKit/537.36 (KHTML, like Gecko) Chrome/150.0.0.0 Safari/537.36	jgqc0wsu1drcumjj8lvflyzck5pk9gwa	draft	\N	2026-07-13 10:43:55.535649+00	2026-07-13 10:43:55.535677+00	\N	22	561
21	Ngọc Hồi	SIPAS-NHOM_DOI_TUONG_2	Nhóm đối tượng 2	ks2_ngochoi		Ngọc Hồi			\N	["SIPAS-BM-09", "SIPAS-BM-05"]	\N	Mozilla/5.0 (Windows NT 10.0; Win64; x64) AppleWebKit/537.36 (KHTML, like Gecko) Chrome/150.0.0.0 Safari/537.36	04ds7ikgorq4im76ggkiotn86gzbr9ng	draft	\N	2026-07-13 10:53:53.930614+00	2026-07-13 10:53:53.930628+00	\N	22	566
22	Sơn Đồng	SIPAS-NHOM_DOI_TUONG_1	Nhóm đối tượng 1	ks2_sondong		Sơn Đồng			\N	["SIPAS-BM-09", "SIPAS-BM-04"]	\N	Mozilla/5.0 (Windows NT 10.0; Win64; x64) AppleWebKit/537.36 (KHTML, like Gecko) Chrome/150.0.0.0 Safari/537.36	waznfrgp1qm6zlha2c56j0038hb8i9d4	draft	\N	2026-07-13 10:59:10.943309+00	2026-07-13 10:59:10.943327+00	\N	22	529
24	Thường Tín	SIPAS-NHOM_DOI_TUONG_2	Nhóm đối tượng 2	ks2_thuongtin		Thường Tín			\N	["SIPAS-BM-09", "SIPAS-BM-05"]	\N	Mozilla/5.0 (Windows NT 10.0; Win64; x64) AppleWebKit/537.36 (KHTML, like Gecko) Chrome/150.0.0.0 Safari/537.36 Edg/150.0.0.0	0njh89t6sj80eo2r82kwr81uhllff7dn	draft	\N	2026-07-13 11:35:50.537062+00	2026-07-13 11:35:50.537083+00	\N	22	560
27	Sơn Đồng	SIPAS-NHOM_DOI_TUONG_3	Nhóm đối tượng 3	ks2_sondong		Sơn Đồng			\N	["SIPAS-BM-09", "SIPAS-BM-06"]	\N	Mozilla/5.0 (Windows NT 10.0; Win64; x64) AppleWebKit/537.36 (KHTML, like Gecko) Chrome/150.0.0.0 Safari/537.36	waznfrgp1qm6zlha2c56j0038hb8i9d4	draft	\N	2026-07-13 11:50:55.572661+00	2026-07-13 11:50:55.572681+00	\N	22	529
28	Gia Lâm	SIPAS-NHOM_DOI_TUONG_2	Nhóm đối tượng 2	ks2_gialam		Gia Lâm			\N	["SIPAS-BM-09", "SIPAS-BM-05"]	\N	Mozilla/5.0 (Windows NT 10.0; Win64; x64) AppleWebKit/537.36 (KHTML, like Gecko) Chrome/150.0.0.0 Safari/537.36 Edg/150.0.0.0	sd1uav79s3i6hm1mr7lptu053zg6nyhq	draft	\N	2026-07-13 12:24:11.88722+00	2026-07-13 12:24:11.887241+00	\N	22	522
29	Mê Linh	SIPAS-NHOM_DOI_TUONG_3	Nhóm đối tượng 3	ks2_melinh		Mê Linh			\N	["SIPAS-BM-09", "SIPAS-BM-06"]	\N	Mozilla/5.0 (Windows NT 10.0; Win64; x64) AppleWebKit/537.36 (KHTML, like Gecko) Chrome/149.0.0.0 Safari/537.36 OPR/133.0.0.0 (Edition std-2)	hacyed7xo1t2h28coxw83m14dmy79dl7	draft	\N	2026-07-13 14:30:33.981778+00	2026-07-13 14:30:33.981797+00	\N	22	512
30		SIPAS-NHOM_DOI_TUONG_1	Nhóm đối tượng 1	test				test@hmail.com	\N	["SIPAS-BM-09", "SIPAS-BM-04"]	\N	Mozilla/5.0 (Windows NT 10.0; Win64; x64) AppleWebKit/537.36 (KHTML, like Gecko) Chrome/150.0.0.0 Safari/537.36 Edg/150.0.0.0	8q1ny5ccqcduybegxlv0j4gzm64gtuwx	draft	\N	2026-07-13 15:45:41.831014+00	2026-07-13 15:45:41.831033+00	\N	22	582
\.


--
-- Data for Name: survey_surveyprogress; Type: TABLE DATA; Schema: public; Owner: survey_user
--

COPY public.survey_surveyprogress (id, form_code, status, progress_percent, started_at, completed_at, last_accessed_at, created_at, participant_id, response_id, survey_id) FROM stdin;
1	SIPAS-BM-04	in_progress	75	2026-07-09 06:21:04.615+00	\N	2026-07-09 06:21:37.368+00	2026-07-09 06:21:02.299+00	1	1	16
2	SIPAS-BM-10	in_progress	0	2026-07-09 08:41:23.166+00	\N	2026-07-09 08:44:32.57+00	2026-07-09 08:38:42.918+00	2	3	22
3	SIPAS-BM-09	not_started	0	\N	\N	2026-07-09 08:38:42.925+00	2026-07-09 08:38:42.925+00	2	\N	21
4	SIPAS-BM-08	not_started	0	\N	\N	2026-07-09 08:38:42.933+00	2026-07-09 08:38:42.933+00	2	\N	20
5	SIPAS-BM-07	in_progress	58	2026-07-09 08:39:08.105+00	\N	2026-07-09 08:44:32.612+00	2026-07-09 08:38:42.942+00	2	2	19
6	SIPAS-BM-03	not_started	0	\N	\N	2026-07-09 08:38:42.951+00	2026-07-09 08:38:42.951+00	2	\N	15
7	SIPAS-BM-01	not_started	0	\N	\N	2026-07-09 08:38:42.96+00	2026-07-09 08:38:42.96+00	2	\N	13
8	SIPAS-BM-09	not_started	0	\N	\N	2026-07-09 09:02:00.302+00	2026-07-09 09:02:00.302+00	3	\N	21
9	SIPAS-BM-08	not_started	0	\N	\N	2026-07-09 09:02:00.31+00	2026-07-09 09:02:00.31+00	3	\N	20
10	SIPAS-BM-03	not_started	0	\N	\N	2026-07-09 09:02:00.318+00	2026-07-09 09:02:00.318+00	3	\N	15
11	SIPAS-BM-02	not_started	0	\N	\N	2026-07-09 09:02:00.325+00	2026-07-09 09:02:00.325+00	3	\N	14
12	SIPAS-BM-10	not_started	0	\N	\N	2026-07-09 09:08:14.644+00	2026-07-09 09:08:14.644+00	4	\N	22
13	SIPAS-BM-09	not_started	0	\N	\N	2026-07-09 09:08:14.651+00	2026-07-09 09:08:14.651+00	4	\N	21
14	SIPAS-BM-08	not_started	0	\N	\N	2026-07-09 09:08:14.657+00	2026-07-09 09:08:14.657+00	4	\N	20
15	SIPAS-BM-07	not_started	0	\N	\N	2026-07-09 09:08:14.663+00	2026-07-09 09:08:14.663+00	4	\N	19
16	SIPAS-BM-03	not_started	0	\N	\N	2026-07-09 09:08:14.668+00	2026-07-09 09:08:14.668+00	4	\N	15
17	SIPAS-BM-01	not_started	0	\N	\N	2026-07-09 09:08:14.674+00	2026-07-09 09:08:14.674+00	4	\N	13
77	SIPAS-BM-09	in_progress	0	2026-07-13 11:45:36.753232+00	\N	2026-07-13 11:50:25.215461+00	2026-07-13 10:59:10.950535+00	22	53	21
25	SIPAS-BM-10	in_progress	69	2026-07-10 13:49:11.878+00	\N	2026-07-10 13:49:23.589+00	2026-07-10 13:49:03.173+00	8	9	22
26	SIPAS-BM-09	not_started	0	\N	\N	2026-07-10 13:49:03.179+00	2026-07-10 13:49:03.179+00	8	\N	21
27	SIPAS-BM-08	not_started	0	\N	\N	2026-07-10 13:49:03.185+00	2026-07-10 13:49:03.185+00	8	\N	20
28	SIPAS-BM-07	not_started	0	\N	\N	2026-07-10 13:49:03.192+00	2026-07-10 13:49:03.192+00	8	\N	19
29	SIPAS-BM-03	not_started	0	\N	\N	2026-07-10 13:49:03.198+00	2026-07-10 13:49:03.198+00	8	\N	15
30	SIPAS-BM-01	not_started	0	\N	\N	2026-07-10 13:49:03.203+00	2026-07-10 13:49:03.204+00	8	\N	13
31	SIPAS-BM-10	in_progress	69	2026-07-10 14:05:37.923+00	\N	2026-07-10 14:08:01.082+00	2026-07-10 14:05:31.87+00	9	10	22
32	SIPAS-BM-09	not_started	0	\N	\N	2026-07-10 14:05:31.877+00	2026-07-10 14:05:31.878+00	9	\N	21
33	SIPAS-BM-08	not_started	0	\N	\N	2026-07-10 14:05:31.884+00	2026-07-10 14:05:31.884+00	9	\N	20
34	SIPAS-BM-07	not_started	0	\N	\N	2026-07-10 14:05:31.891+00	2026-07-10 14:05:31.891+00	9	\N	19
35	SIPAS-BM-03	not_started	0	\N	\N	2026-07-10 14:05:31.899+00	2026-07-10 14:05:31.899+00	9	\N	15
36	SIPAS-BM-01	not_started	0	\N	\N	2026-07-10 14:05:31.906+00	2026-07-10 14:05:31.906+00	9	\N	13
37	SIPAS-BM-10	in_progress	69	2026-07-10 14:08:23.396+00	\N	2026-07-10 14:08:53.582+00	2026-07-10 14:08:18.16+00	10	11	22
38	SIPAS-BM-09	not_started	0	\N	\N	2026-07-10 14:08:18.166+00	2026-07-10 14:08:18.166+00	10	\N	21
39	SIPAS-BM-08	not_started	0	\N	\N	2026-07-10 14:08:18.171+00	2026-07-10 14:08:18.173+00	10	\N	20
40	SIPAS-BM-07	not_started	0	\N	\N	2026-07-10 14:08:18.178+00	2026-07-10 14:08:18.179+00	10	\N	19
41	SIPAS-BM-03	not_started	0	\N	\N	2026-07-10 14:08:18.184+00	2026-07-10 14:08:18.184+00	10	\N	15
42	SIPAS-BM-01	not_started	0	\N	\N	2026-07-10 14:08:18.191+00	2026-07-10 14:08:18.191+00	10	\N	13
43	SIPAS-BM-10	completed	100	2026-07-10 14:29:43.286+00	2026-07-10 14:31:53.711+00	2026-07-10 16:06:17.264+00	2026-07-10 14:29:38.745+00	11	12	22
44	SIPAS-BM-09	not_started	0	\N	\N	2026-07-10 14:29:38.752+00	2026-07-10 14:29:38.752+00	11	\N	21
45	SIPAS-BM-08	not_started	0	\N	\N	2026-07-10 14:29:38.759+00	2026-07-10 14:29:38.759+00	11	\N	20
46	SIPAS-BM-07	in_progress	58	2026-07-10 14:35:51.492+00	\N	2026-07-10 16:06:17.333+00	2026-07-10 14:29:38.768+00	11	13	19
47	SIPAS-BM-03	not_started	0	\N	\N	2026-07-10 14:29:38.777+00	2026-07-10 14:29:38.777+00	11	\N	15
48	SIPAS-BM-01	not_started	0	\N	\N	2026-07-10 14:29:38.788+00	2026-07-10 14:29:38.788+00	11	\N	13
49	SIPAS-BM-10	not_started	0	\N	\N	2026-07-11 14:05:42.796365+00	2026-07-11 14:05:42.796384+00	12	\N	22
50	SIPAS-BM-09	not_started	0	\N	\N	2026-07-11 14:05:42.803469+00	2026-07-11 14:05:42.803487+00	12	\N	21
51	SIPAS-BM-08	not_started	0	\N	\N	2026-07-11 14:05:42.809535+00	2026-07-11 14:05:42.809554+00	12	\N	20
53	SIPAS-BM-03	not_started	0	\N	\N	2026-07-11 14:05:42.820948+00	2026-07-11 14:05:42.820968+00	12	\N	15
54	SIPAS-BM-01	not_started	0	\N	\N	2026-07-11 14:05:42.826666+00	2026-07-11 14:05:42.826684+00	12	\N	13
62	SIPAS-BM-01	completed	0	2026-07-12 09:57:35.260149+00	2026-07-12 09:57:49.685334+00	2026-07-12 09:57:56.38008+00	2026-07-12 09:57:20.539748+00	14	18	13
52	SIPAS-BM-07	in_progress	0	2026-07-11 14:05:45.552679+00	\N	2026-07-11 14:06:07.076461+00	2026-07-11 14:05:42.815355+00	12	14	19
55	SIPAS-BM-09	not_started	0	\N	\N	2026-07-12 09:53:19.201389+00	2026-07-12 09:53:19.201409+00	13	\N	21
56	SIPAS-BM-06	not_started	0	\N	\N	2026-07-12 09:53:19.209153+00	2026-07-12 09:53:19.209173+00	13	\N	18
57	SIPAS-BM-10	not_started	0	\N	\N	2026-07-12 09:57:20.510161+00	2026-07-12 09:57:20.510183+00	14	\N	22
58	SIPAS-BM-09	not_started	0	\N	\N	2026-07-12 09:57:20.517144+00	2026-07-12 09:57:20.517164+00	14	\N	21
59	SIPAS-BM-08	not_started	0	\N	\N	2026-07-12 09:57:20.523227+00	2026-07-12 09:57:20.523245+00	14	\N	20
61	SIPAS-BM-03	not_started	0	\N	\N	2026-07-12 09:57:20.534504+00	2026-07-12 09:57:20.534521+00	14	\N	15
63	SIPAS-BM-09	not_started	0	\N	\N	2026-07-13 06:17:34.693462+00	2026-07-13 06:17:34.693481+00	15	\N	21
68	SIPAS-BM-05	in_progress	0	2026-07-13 08:37:24.866054+00	\N	2026-07-13 08:48:54.513601+00	2026-07-13 08:37:22.228284+00	17	26	17
66	SIPAS-BM-04	completed	0	2026-07-13 08:31:28.345544+00	2026-07-13 08:33:42.386269+00	2026-07-13 08:34:20.416291+00	2026-07-13 08:31:15.246153+00	16	22	16
60	SIPAS-BM-07	in_progress	0	2026-07-12 09:57:23.329259+00	\N	2026-07-12 09:57:56.359537+00	2026-07-12 09:57:20.52921+00	14	16	19
69	SIPAS-BM-09	not_started	0	\N	\N	2026-07-13 10:13:17.500238+00	2026-07-13 10:13:17.500256+00	18	\N	21
64	SIPAS-BM-06	in_progress	0	2026-07-13 06:17:57.592488+00	\N	2026-07-13 06:40:20.152149+00	2026-07-13 06:17:34.711471+00	15	20	18
67	SIPAS-BM-09	not_started	0	\N	\N	2026-07-13 08:37:22.222076+00	2026-07-13 08:37:22.222093+00	17	\N	21
65	SIPAS-BM-09	in_progress	67	2026-07-13 08:34:40.806414+00	\N	2026-07-13 08:41:17.904679+00	2026-07-13 08:31:15.239233+00	16	24	21
71	SIPAS-BM-09	not_started	0	\N	\N	2026-07-13 10:27:35.209937+00	2026-07-13 10:27:35.209951+00	19	\N	21
70	SIPAS-BM-05	completed	100	2026-07-13 10:13:35.463466+00	2026-07-13 10:28:59.924688+00	2026-07-13 10:29:00.598356+00	2026-07-13 10:13:17.507163+00	18	28	17
74	SIPAS-BM-05	in_progress	0	2026-07-13 10:44:02.216744+00	\N	2026-07-13 10:44:02.216928+00	2026-07-13 10:43:55.550105+00	20	32	17
72	SIPAS-BM-05	in_progress	0	2026-07-13 10:27:37.471523+00	\N	2026-07-13 10:27:45.326193+00	2026-07-13 10:27:35.215662+00	19	30	17
73	SIPAS-BM-09	not_started	0	\N	\N	2026-07-13 10:43:55.543552+00	2026-07-13 10:43:55.543571+00	20	\N	21
76	SIPAS-BM-05	completed	0	2026-07-13 10:54:06.32297+00	2026-07-13 11:02:43.046794+00	2026-07-13 11:11:03.211338+00	2026-07-13 10:53:53.93939+00	21	34	17
75	SIPAS-BM-09	completed	0	2026-07-13 11:03:20.37524+00	2026-07-13 11:10:24.451382+00	2026-07-13 11:11:03.158284+00	2026-07-13 10:53:53.935326+00	21	38	21
96	SIPAS-BM-04	completed	0	2026-07-13 15:50:20.07372+00	2026-07-13 15:51:13.624559+00	2026-07-13 15:53:20.027438+00	2026-07-13 15:50:09.350583+00	31	65	16
98	SIPAS-BM-04	not_started	0	\N	\N	2026-07-13 16:21:06.500029+00	2026-07-13 16:21:06.500046+00	32	\N	16
108	SIPAS-BM-06	completed	0	2026-07-13 18:46:18.471725+00	2026-07-13 18:47:00.292705+00	2026-07-13 18:57:36.535616+00	2026-07-13 18:46:15.194645+00	37	83	18
109	SIPAS-BM-09	not_started	0	\N	\N	2026-07-13 18:57:47.162135+00	2026-07-13 18:57:47.162154+00	38	\N	21
97	SIPAS-BM-09	in_progress	0	2026-07-13 16:21:14.150374+00	\N	2026-07-13 16:21:59.940411+00	2026-07-13 16:21:06.493705+00	32	67	21
112	SIPAS-BM-06	completed	0	2026-07-13 19:04:03.582532+00	2026-07-13 19:04:54.008163+00	2026-07-13 19:06:56.57327+00	2026-07-13 19:04:01.649175+00	39	87	18
113	SIPAS-BM-09	not_started	0	\N	\N	2026-07-13 19:07:05.85452+00	2026-07-13 19:07:05.854539+00	40	\N	21
91	SIPAS-BM-09	completed	0	2026-07-13 14:43:17.259782+00	2026-07-13 14:44:42.04497+00	2026-07-13 14:45:15.949326+00	2026-07-13 14:30:33.989546+00	29	61	21
92	SIPAS-BM-06	completed	0	2026-07-13 14:30:44.338228+00	2026-07-13 14:43:07.751391+00	2026-07-13 14:45:16.023584+00	2026-07-13 14:30:33.996256+00	29	59	18
93	SIPAS-BM-09	not_started	0	\N	\N	2026-07-13 15:45:41.838389+00	2026-07-13 15:45:41.838407+00	30	\N	21
83	SIPAS-BM-09	in_progress	0	2026-07-13 11:36:35.180305+00	\N	2026-07-13 11:38:41.335281+00	2026-07-13 11:36:31.709121+00	25	46	21
89	SIPAS-BM-09	completed	0	2026-07-13 12:26:22.641413+00	2026-07-13 12:28:19.860202+00	2026-07-13 12:28:22.886715+00	2026-07-13 12:24:11.895911+00	28	57	21
90	SIPAS-BM-05	completed	0	2026-07-13 12:24:15.664884+00	2026-07-13 12:26:15.286634+00	2026-07-13 12:28:22.934907+00	2026-07-13 12:24:11.903063+00	28	55	17
101	SIPAS-BM-09	in_progress	0	2026-07-13 18:21:59.316695+00	\N	2026-07-13 18:22:22.693116+00	2026-07-13 18:18:48.808617+00	34	75	21
102	SIPAS-BM-06	in_progress	0	2026-07-13 18:18:52.047663+00	\N	2026-07-13 18:22:22.776292+00	2026-07-13 18:18:48.814743+00	34	73	18
79	SIPAS-BM-09	completed	0	2026-07-13 11:32:25.171+00	2026-07-13 11:35:16.242965+00	2026-07-13 11:35:32.926917+00	2026-07-13 11:11:03.780636+00	23	42	21
80	SIPAS-BM-04	completed	0	2026-07-13 11:30:28.421602+00	2026-07-13 11:32:19.375695+00	2026-07-13 11:35:32.958886+00	2026-07-13 11:11:03.787772+00	23	40	16
81	SIPAS-BM-09	completed	0	2026-07-13 11:37:33.911673+00	2026-07-13 11:40:11.364448+00	2026-07-13 11:40:13.862689+00	2026-07-13 11:35:50.54648+00	24	48	21
84	SIPAS-BM-06	not_started	0	\N	\N	2026-07-13 11:36:31.715878+00	2026-07-13 11:36:31.715895+00	25	\N	18
82	SIPAS-BM-05	completed	0	2026-07-13 11:35:53.660728+00	2026-07-13 11:37:29.885243+00	2026-07-13 11:40:13.905627+00	2026-07-13 11:35:50.554126+00	24	44	17
94	SIPAS-BM-04	in_progress	0	2026-07-13 15:45:45.08892+00	\N	2026-07-13 15:48:49.547012+00	2026-07-13 15:45:41.844638+00	30	63	16
95	SIPAS-BM-09	not_started	0	\N	\N	2026-07-13 15:50:09.343728+00	2026-07-13 15:50:09.343747+00	31	\N	21
78	SIPAS-BM-04	in_progress	0	2026-07-13 10:59:21.956651+00	\N	2026-07-13 11:50:25.257881+00	2026-07-13 10:59:10.956325+00	22	36	16
85	SIPAS-BM-09	completed	0	2026-07-13 11:44:22.835872+00	2026-07-13 11:45:21.722887+00	2026-07-13 11:50:37.076752+00	2026-07-13 11:44:20.065936+00	26	49	21
86	SIPAS-BM-04	completed	0	2026-07-13 11:45:00.398607+00	2026-07-13 11:45:02.520962+00	2026-07-13 11:50:37.121018+00	2026-07-13 11:44:20.072849+00	26	51	16
87	SIPAS-BM-09	not_started	0	\N	\N	2026-07-13 11:50:55.580517+00	2026-07-13 11:50:55.580537+00	27	\N	21
88	SIPAS-BM-06	not_started	0	\N	\N	2026-07-13 11:50:55.588287+00	2026-07-13 11:50:55.588314+00	27	\N	18
106	SIPAS-BM-06	completed	0	2026-07-13 18:42:04.356808+00	2026-07-13 18:43:54.605897+00	2026-07-13 18:46:06.029244+00	2026-07-13 18:41:44.403392+00	36	81	18
99	SIPAS-BM-09	in_progress	0	2026-07-13 18:18:09.83414+00	\N	2026-07-13 18:18:39.416483+00	2026-07-13 18:13:18.194431+00	33	71	21
100	SIPAS-BM-06	completed	0	2026-07-13 18:13:21.830286+00	2026-07-13 18:15:01.011481+00	2026-07-13 18:18:39.485564+00	2026-07-13 18:13:18.20202+00	33	69	18
107	SIPAS-BM-09	not_started	0	\N	\N	2026-07-13 18:46:15.187584+00	2026-07-13 18:46:15.187604+00	37	\N	21
110	SIPAS-BM-06	completed	0	2026-07-13 18:57:49.638014+00	2026-07-13 18:58:56.481326+00	2026-07-13 19:03:49.193034+00	2026-07-13 18:57:47.169072+00	38	85	18
103	SIPAS-BM-09	in_progress	0	2026-07-13 18:24:52.177602+00	\N	2026-07-13 18:41:16.08951+00	2026-07-13 18:24:49.217631+00	35	77	21
104	SIPAS-BM-06	completed	0	2026-07-13 18:35:06.035314+00	2026-07-13 18:40:12.354313+00	2026-07-13 18:41:16.131878+00	2026-07-13 18:24:49.224627+00	35	79	18
105	SIPAS-BM-09	not_started	0	\N	\N	2026-07-13 18:41:44.396105+00	2026-07-13 18:41:44.396135+00	36	\N	21
111	SIPAS-BM-09	not_started	0	\N	\N	2026-07-13 19:04:01.641961+00	2026-07-13 19:04:01.641981+00	39	\N	21
114	SIPAS-BM-06	completed	0	2026-07-13 19:07:08.201278+00	2026-07-13 19:08:33.930806+00	2026-07-13 19:08:36.339657+00	2026-07-13 19:07:05.861133+00	40	89	18
\.


--
-- Data for Name: survey_surveyunitstatus; Type: TABLE DATA; Schema: public; Owner: survey_user
--

COPY public.survey_surveyunitstatus (id, status, completed_count, total_assignees, completed_at, updated_at, organization_id, survey_id) FROM stdin;
291	pending	0	1	\N	2026-07-13 15:51:13.910905+00	436	16
292	pending	0	1	\N	2026-07-13 15:51:13.917202+00	437	16
293	pending	0	1	\N	2026-07-13 15:51:13.923785+00	438	16
294	pending	0	1	\N	2026-07-13 15:51:13.930734+00	439	16
295	pending	0	1	\N	2026-07-13 15:51:13.937847+00	440	16
296	pending	0	1	\N	2026-07-13 15:51:13.944556+00	441	16
298	pending	0	1	\N	2026-07-13 15:51:13.958668+00	443	16
299	pending	0	1	\N	2026-07-13 15:51:13.965766+00	444	16
300	pending	0	1	\N	2026-07-13 15:51:13.973724+00	445	16
301	pending	0	1	\N	2026-07-13 15:51:13.980965+00	446	16
302	pending	0	1	\N	2026-07-13 15:51:13.993345+00	447	16
303	pending	0	1	\N	2026-07-13 15:51:14.002563+00	448	16
304	pending	0	1	\N	2026-07-13 15:51:14.014082+00	449	16
305	pending	0	1	\N	2026-07-13 15:51:14.024085+00	450	16
306	pending	0	1	\N	2026-07-13 15:51:14.030599+00	451	16
307	pending	0	1	\N	2026-07-13 15:51:14.036998+00	452	16
308	pending	0	1	\N	2026-07-13 15:51:14.048609+00	453	16
309	pending	0	1	\N	2026-07-13 15:51:14.057424+00	454	16
310	pending	0	1	\N	2026-07-13 15:51:14.064221+00	455	16
311	pending	0	1	\N	2026-07-13 15:51:14.071382+00	456	16
312	pending	0	1	\N	2026-07-13 15:51:14.077888+00	457	16
313	pending	0	1	\N	2026-07-13 15:51:14.084521+00	458	16
314	pending	0	1	\N	2026-07-13 15:51:14.091692+00	459	16
315	pending	0	1	\N	2026-07-13 15:51:14.098566+00	460	16
317	pending	0	1	\N	2026-07-13 15:51:14.112675+00	462	16
318	pending	0	1	\N	2026-07-13 15:51:14.119436+00	463	16
319	pending	0	1	\N	2026-07-13 15:51:14.126696+00	464	16
320	pending	0	1	\N	2026-07-13 15:51:14.13359+00	465	16
321	pending	0	1	\N	2026-07-13 15:51:14.140984+00	466	16
322	pending	0	1	\N	2026-07-13 15:51:14.148309+00	467	16
323	pending	0	1	\N	2026-07-13 15:51:14.155348+00	468	16
324	pending	0	1	\N	2026-07-13 15:51:14.162184+00	469	16
325	pending	0	1	\N	2026-07-13 15:51:14.169694+00	470	16
326	pending	0	1	\N	2026-07-13 15:51:14.176638+00	471	16
327	pending	0	1	\N	2026-07-13 15:51:14.183401+00	472	16
328	pending	0	1	\N	2026-07-13 15:51:14.190175+00	492	16
329	pending	0	1	\N	2026-07-13 15:51:14.197006+00	473	16
330	pending	0	1	\N	2026-07-13 15:51:14.203839+00	474	16
331	pending	0	1	\N	2026-07-13 15:51:14.210446+00	493	16
332	pending	0	1	\N	2026-07-13 15:51:14.217242+00	475	16
333	pending	0	1	\N	2026-07-13 15:51:14.22463+00	476	16
334	pending	0	1	\N	2026-07-13 15:51:14.231744+00	494	16
336	pending	0	1	\N	2026-07-13 15:51:14.246362+00	478	16
337	pending	0	1	\N	2026-07-13 15:51:14.254006+00	495	16
338	pending	0	1	\N	2026-07-13 15:51:14.261271+00	479	16
339	pending	0	1	\N	2026-07-13 15:51:14.268593+00	480	16
340	pending	0	1	\N	2026-07-13 15:51:14.275803+00	496	16
341	pending	0	1	\N	2026-07-13 15:51:14.282739+00	481	16
342	pending	0	1	\N	2026-07-13 15:51:14.291057+00	482	16
343	pending	0	1	\N	2026-07-13 15:51:14.297739+00	497	16
344	pending	0	1	\N	2026-07-13 15:51:14.307793+00	483	16
345	pending	0	1	\N	2026-07-13 15:51:14.31394+00	484	16
346	pending	0	1	\N	2026-07-13 15:51:14.32043+00	498	16
347	pending	0	1	\N	2026-07-13 15:51:14.327067+00	485	16
348	pending	0	1	\N	2026-07-13 15:51:14.333841+00	486	16
349	pending	0	1	\N	2026-07-13 15:51:14.34043+00	499	16
350	pending	0	1	\N	2026-07-13 15:51:14.346987+00	487	16
351	pending	0	1	\N	2026-07-13 15:51:14.353781+00	488	16
352	pending	0	1	\N	2026-07-13 15:51:14.361575+00	500	16
353	pending	0	1	\N	2026-07-13 15:51:14.368401+00	489	16
355	pending	0	1	\N	2026-07-13 15:51:14.38317+00	501	16
356	pending	0	1	\N	2026-07-13 15:51:14.390272+00	491	16
357	pending	0	1	\N	2026-07-13 15:51:14.397189+00	502	16
358	pending	0	1	\N	2026-07-13 15:51:14.404222+00	503	16
359	pending	0	1	\N	2026-07-13 15:51:14.411052+00	504	16
360	pending	0	1	\N	2026-07-13 15:51:14.417813+00	505	16
361	pending	0	1	\N	2026-07-13 15:51:14.424346+00	506	16
362	pending	0	1	\N	2026-07-13 15:51:14.431083+00	507	16
364	pending	0	1	\N	2026-07-13 15:51:14.437773+00	509	16
365	pending	0	1	\N	2026-07-13 15:51:14.444547+00	510	16
288	pending	0	1	\N	2026-07-13 15:51:13.889708+00	433	16
366	pending	0	1	\N	2026-07-13 15:51:14.451293+00	511	16
367	pending	0	1	\N	2026-07-13 15:51:14.458353+00	512	16
368	pending	0	1	\N	2026-07-13 15:51:14.464221+00	513	16
369	pending	0	1	\N	2026-07-13 15:51:14.47077+00	514	16
370	pending	0	1	\N	2026-07-13 15:51:14.477407+00	560	16
371	pending	0	1	\N	2026-07-13 15:51:14.484772+00	515	16
381	pending	0	1	\N	2026-07-13 15:51:14.491711+00	525	16
372	pending	0	1	\N	2026-07-13 15:51:14.498539+00	516	16
374	pending	0	1	\N	2026-07-13 15:51:14.505744+00	518	16
376	pending	0	1	\N	2026-07-13 15:51:14.525991+00	520	16
377	pending	0	1	\N	2026-07-13 15:51:14.533016+00	521	16
378	pending	0	1	\N	2026-07-13 15:51:14.539735+00	522	16
379	pending	0	1	\N	2026-07-13 15:51:14.546925+00	523	16
380	pending	0	1	\N	2026-07-13 15:51:14.553873+00	524	16
382	pending	0	1	\N	2026-07-13 15:51:14.560813+00	526	16
384	pending	0	1	\N	2026-07-13 15:51:14.571729+00	528	16
375	pending	0	1	\N	2026-07-13 15:51:14.519368+00	519	16
385	pending	0	1	\N	2026-07-13 15:51:14.577544+00	529	16
386	pending	0	1	\N	2026-07-13 15:51:14.583327+00	530	16
389	pending	0	1	\N	2026-07-13 15:51:14.606709+00	533	16
390	pending	0	1	\N	2026-07-13 15:51:14.61228+00	534	16
391	pending	0	1	\N	2026-07-13 15:51:14.618069+00	535	16
393	pending	0	1	\N	2026-07-13 15:51:14.62403+00	537	16
363	pending	0	1	\N	2026-07-13 15:51:14.859825+00	508	16
289	pending	0	1	\N	2026-07-13 15:51:13.897712+00	434	16
290	pending	0	1	\N	2026-07-13 15:51:13.904262+00	435	16
383	pending	0	1	\N	2026-07-13 15:51:14.566542+00	527	16
431	pending	0	1	\N	2026-07-13 12:26:15.473071+00	432	17
432	pending	0	1	\N	2026-07-13 12:26:15.480778+00	433	17
433	pending	0	1	\N	2026-07-13 12:26:15.488309+00	434	17
434	pending	0	1	\N	2026-07-13 12:26:15.495165+00	435	17
435	pending	0	1	\N	2026-07-13 12:26:15.501684+00	436	17
436	pending	0	1	\N	2026-07-13 12:26:15.508308+00	437	17
437	pending	0	1	\N	2026-07-13 12:26:15.51496+00	438	17
438	pending	0	1	\N	2026-07-13 12:26:15.522032+00	439	17
439	pending	0	1	\N	2026-07-13 12:26:15.528727+00	440	17
440	pending	0	1	\N	2026-07-13 12:26:15.535539+00	441	17
441	pending	0	1	\N	2026-07-13 12:26:15.542687+00	442	17
442	pending	0	1	\N	2026-07-13 12:26:15.549619+00	443	17
443	pending	0	1	\N	2026-07-13 12:26:15.556698+00	444	17
444	pending	0	1	\N	2026-07-13 12:26:15.563464+00	445	17
445	pending	0	1	\N	2026-07-13 12:26:15.569995+00	446	17
454	pending	0	1	\N	2026-07-13 12:26:15.63125+00	455	17
455	pending	0	1	\N	2026-07-13 12:26:15.637732+00	456	17
456	pending	0	1	\N	2026-07-13 12:26:15.644309+00	457	17
287	pending	0	1	\N	2026-07-13 15:51:13.880985+00	432	16
297	pending	0	1	\N	2026-07-13 15:51:13.951942+00	442	16
316	pending	0	1	\N	2026-07-13 15:51:14.105369+00	461	16
335	pending	0	1	\N	2026-07-13 15:51:14.238338+00	477	16
354	pending	0	1	\N	2026-07-13 15:51:14.375907+00	490	16
373	pending	0	1	\N	2026-07-13 15:51:14.512611+00	517	16
394	pending	0	1	\N	2026-07-13 15:51:14.629896+00	538	16
395	pending	0	1	\N	2026-07-13 15:51:14.636014+00	539	16
396	pending	0	1	\N	2026-07-13 15:51:14.642608+00	540	16
397	pending	0	1	\N	2026-07-13 15:51:14.649055+00	541	16
398	pending	0	1	\N	2026-07-13 15:51:14.655516+00	542	16
399	pending	0	1	\N	2026-07-13 15:51:14.661749+00	543	16
400	pending	0	1	\N	2026-07-13 15:51:14.668336+00	544	16
401	pending	0	1	\N	2026-07-13 15:51:14.67491+00	545	16
402	pending	0	1	\N	2026-07-13 15:51:14.681741+00	546	16
403	pending	0	1	\N	2026-07-13 15:51:14.688554+00	547	16
404	pending	0	1	\N	2026-07-13 15:51:14.695231+00	548	16
405	pending	0	1	\N	2026-07-13 15:51:14.70274+00	549	16
406	pending	0	1	\N	2026-07-13 15:51:14.70974+00	550	16
408	pending	0	1	\N	2026-07-13 15:51:14.723321+00	552	16
412	pending	0	1	\N	2026-07-13 15:51:14.887121+00	556	16
446	pending	0	1	\N	2026-07-13 12:26:15.577066+00	447	17
447	pending	0	1	\N	2026-07-13 12:26:15.58417+00	448	17
448	pending	0	1	\N	2026-07-13 12:26:15.590857+00	449	17
409	pending	0	1	\N	2026-07-13 15:51:14.730112+00	553	16
410	pending	0	1	\N	2026-07-13 15:51:14.736942+00	554	16
411	pending	0	1	\N	2026-07-13 15:51:14.744083+00	555	16
413	pending	0	1	\N	2026-07-13 15:51:14.750685+00	561	16
415	pending	0	1	\N	2026-07-13 15:51:14.757892+00	558	16
417	pending	0	1	\N	2026-07-13 15:51:14.764788+00	559	16
418	pending	0	1	\N	2026-07-13 15:51:14.771647+00	563	16
419	pending	0	1	\N	2026-07-13 15:51:14.778372+00	564	16
420	pending	0	1	\N	2026-07-13 15:51:14.785151+00	565	16
421	pending	0	1	\N	2026-07-13 15:51:14.7918+00	566	16
422	pending	0	1	\N	2026-07-13 15:51:14.798508+00	567	16
423	pending	0	1	\N	2026-07-13 15:51:14.805226+00	568	16
424	pending	0	1	\N	2026-07-13 15:51:14.81207+00	569	16
425	pending	0	1	\N	2026-07-13 15:51:14.818915+00	570	16
426	pending	0	1	\N	2026-07-13 15:51:14.825514+00	571	16
427	pending	0	1	\N	2026-07-13 15:51:14.83216+00	572	16
428	pending	0	1	\N	2026-07-13 15:51:14.838721+00	573	16
429	pending	0	1	\N	2026-07-13 15:51:14.845734+00	574	16
430	in_progress	1	2	\N	2026-07-13 15:51:14.852718+00	575	16
392	pending	0	1	\N	2026-07-13 15:51:14.86656+00	536	16
414	pending	0	1	\N	2026-07-13 15:51:14.873232+00	557	16
416	pending	0	1	\N	2026-07-13 15:51:14.880213+00	562	16
449	pending	0	1	\N	2026-07-13 12:26:15.597488+00	450	17
450	pending	0	1	\N	2026-07-13 12:26:15.604247+00	451	17
451	pending	0	1	\N	2026-07-13 12:26:15.610825+00	452	17
452	pending	0	1	\N	2026-07-13 12:26:15.617842+00	453	17
453	pending	0	1	\N	2026-07-13 12:26:15.624617+00	454	17
407	pending	0	1	\N	2026-07-13 15:51:14.716362+00	551	16
461	pending	0	1	\N	2026-07-13 12:26:15.68003+00	462	17
462	pending	0	1	\N	2026-07-13 12:26:15.686682+00	463	17
463	pending	0	1	\N	2026-07-13 12:26:15.693945+00	464	17
464	pending	0	1	\N	2026-07-13 12:26:15.701252+00	465	17
465	pending	0	1	\N	2026-07-13 12:26:15.708183+00	466	17
466	pending	0	1	\N	2026-07-13 12:26:15.715375+00	467	17
468	pending	0	1	\N	2026-07-13 12:26:15.728978+00	469	17
471	pending	0	1	\N	2026-07-13 12:26:15.749437+00	472	17
472	pending	0	1	\N	2026-07-13 12:26:15.757112+00	492	17
473	pending	0	1	\N	2026-07-13 12:26:15.763888+00	473	17
474	pending	0	1	\N	2026-07-13 12:26:15.771007+00	474	17
475	pending	0	1	\N	2026-07-13 12:26:15.778218+00	493	17
476	pending	0	1	\N	2026-07-13 12:26:15.78525+00	475	17
477	pending	0	1	\N	2026-07-13 12:26:15.792381+00	476	17
478	pending	0	1	\N	2026-07-13 12:26:15.799439+00	494	17
479	pending	0	1	\N	2026-07-13 12:26:15.806772+00	477	17
480	pending	0	1	\N	2026-07-13 12:26:15.813835+00	478	17
481	pending	0	1	\N	2026-07-13 12:26:15.821305+00	495	17
482	pending	0	1	\N	2026-07-13 12:26:15.828354+00	479	17
483	pending	0	1	\N	2026-07-13 12:26:15.835146+00	480	17
484	pending	0	1	\N	2026-07-13 12:26:15.841941+00	496	17
485	pending	0	1	\N	2026-07-13 12:26:15.848957+00	481	17
487	pending	0	1	\N	2026-07-13 12:26:15.862601+00	497	17
488	pending	0	1	\N	2026-07-13 12:26:15.869887+00	483	17
489	pending	0	1	\N	2026-07-13 12:26:15.876647+00	484	17
490	pending	0	1	\N	2026-07-13 12:26:15.88359+00	498	17
491	pending	0	1	\N	2026-07-13 12:26:15.890259+00	485	17
492	pending	0	1	\N	2026-07-13 12:26:15.897681+00	486	17
493	pending	0	1	\N	2026-07-13 12:26:15.904592+00	499	17
494	pending	0	1	\N	2026-07-13 12:26:15.911299+00	487	17
495	pending	0	1	\N	2026-07-13 12:26:15.918386+00	488	17
496	pending	0	1	\N	2026-07-13 12:26:15.925146+00	500	17
497	pending	0	1	\N	2026-07-13 12:26:15.932131+00	489	17
498	pending	0	1	\N	2026-07-13 12:26:15.939218+00	490	17
499	pending	0	1	\N	2026-07-13 12:26:15.946001+00	501	17
500	pending	0	1	\N	2026-07-13 12:26:15.953159+00	491	17
501	pending	0	1	\N	2026-07-13 12:26:15.960235+00	502	17
502	pending	0	1	\N	2026-07-13 12:26:15.966897+00	503	17
503	pending	0	1	\N	2026-07-13 12:26:15.974078+00	504	17
504	pending	0	1	\N	2026-07-13 12:26:15.981013+00	505	17
505	pending	0	1	\N	2026-07-13 12:26:15.987377+00	506	17
506	pending	0	1	\N	2026-07-13 12:26:15.994681+00	507	17
508	pending	0	1	\N	2026-07-13 12:26:16.001727+00	509	17
555	pending	0	1	\N	2026-07-13 12:26:16.466882+00	556	17
509	pending	0	1	\N	2026-07-13 12:26:16.00832+00	510	17
510	pending	0	1	\N	2026-07-13 12:26:16.015119+00	511	17
511	pending	0	1	\N	2026-07-13 12:26:16.022382+00	512	17
512	pending	0	1	\N	2026-07-13 12:26:16.030181+00	513	17
513	pending	0	1	\N	2026-07-13 12:26:16.037435+00	514	17
514	pending	0	1	\N	2026-07-13 12:26:16.044236+00	560	17
515	pending	0	1	\N	2026-07-13 12:26:16.051248+00	515	17
525	pending	0	1	\N	2026-07-13 12:26:16.058488+00	525	17
516	pending	0	1	\N	2026-07-13 12:26:16.065742+00	516	17
518	completed	1	1	2026-07-13 12:26:16.072366+00	2026-07-13 12:26:16.072488+00	518	17
517	pending	0	1	\N	2026-07-13 12:26:16.080246+00	517	17
520	pending	0	1	\N	2026-07-13 12:26:16.094319+00	520	17
523	pending	0	1	\N	2026-07-13 12:26:16.1158+00	523	17
524	pending	0	1	\N	2026-07-13 12:26:16.122629+00	524	17
526	pending	0	1	\N	2026-07-13 12:26:16.129428+00	526	17
527	pending	0	1	\N	2026-07-13 12:26:16.136369+00	527	17
528	pending	0	1	\N	2026-07-13 12:26:16.143252+00	528	17
529	pending	0	1	\N	2026-07-13 12:26:16.150817+00	529	17
530	pending	0	1	\N	2026-07-13 12:26:16.15829+00	530	17
519	pending	0	1	\N	2026-07-13 12:26:16.08714+00	519	17
531	pending	0	1	\N	2026-07-13 12:26:16.165209+00	531	17
532	pending	0	1	\N	2026-07-13 12:26:16.172315+00	532	17
533	pending	0	1	\N	2026-07-13 12:26:16.179671+00	533	17
534	pending	0	1	\N	2026-07-13 12:26:16.186408+00	534	17
535	pending	0	1	\N	2026-07-13 12:26:16.193235+00	535	17
536	pending	0	1	\N	2026-07-13 12:26:16.200012+00	537	17
537	pending	0	1	\N	2026-07-13 12:26:16.20685+00	538	17
538	pending	0	1	\N	2026-07-13 12:26:16.213515+00	539	17
539	pending	0	1	\N	2026-07-13 12:26:16.220807+00	540	17
540	pending	0	1	\N	2026-07-13 12:26:16.227438+00	541	17
541	pending	0	1	\N	2026-07-13 12:26:16.234202+00	542	17
542	pending	0	1	\N	2026-07-13 12:26:16.240732+00	543	17
544	pending	0	1	\N	2026-07-13 12:26:16.253989+00	545	17
545	pending	0	1	\N	2026-07-13 12:26:16.261098+00	546	17
546	pending	0	1	\N	2026-07-13 12:26:16.268291+00	547	17
547	pending	0	1	\N	2026-07-13 12:26:16.275316+00	548	17
548	pending	0	1	\N	2026-07-13 12:26:16.281729+00	549	17
549	pending	0	1	\N	2026-07-13 12:26:16.28818+00	550	17
550	pending	0	1	\N	2026-07-13 12:26:16.2948+00	551	17
551	pending	0	1	\N	2026-07-13 12:26:16.301316+00	552	17
552	pending	0	1	\N	2026-07-13 12:26:16.307961+00	553	17
553	pending	0	1	\N	2026-07-13 12:26:16.314747+00	554	17
554	pending	0	1	\N	2026-07-13 12:26:16.32155+00	555	17
556	pending	0	1	\N	2026-07-13 12:26:16.328134+00	561	17
558	pending	0	1	\N	2026-07-13 12:26:16.334971+00	558	17
560	pending	0	1	\N	2026-07-13 12:26:16.341722+00	559	17
561	pending	0	1	\N	2026-07-13 12:26:16.348579+00	563	17
458	pending	0	1	\N	2026-07-13 12:26:15.658646+00	459	17
563	pending	0	1	\N	2026-07-13 12:26:16.362076+00	565	17
507	pending	0	1	\N	2026-07-13 12:26:16.440704+00	508	17
459	pending	0	1	\N	2026-07-13 12:26:15.666379+00	460	17
460	pending	0	1	\N	2026-07-13 12:26:15.673164+00	461	17
557	pending	0	1	\N	2026-07-13 12:26:16.454318+00	557	17
559	pending	0	1	\N	2026-07-13 12:26:16.460737+00	562	17
576	pending	0	1	\N	2026-07-13 14:44:42.170927+00	433	21
577	pending	0	1	\N	2026-07-13 14:44:42.174394+00	434	21
578	pending	0	1	\N	2026-07-13 14:44:42.178215+00	435	21
579	pending	0	1	\N	2026-07-13 14:44:42.181628+00	436	21
580	pending	0	1	\N	2026-07-13 14:44:42.184916+00	437	21
581	pending	0	1	\N	2026-07-13 14:44:42.188347+00	438	21
582	pending	0	1	\N	2026-07-13 14:44:42.191775+00	439	21
486	pending	0	1	\N	2026-07-13 12:26:15.855865+00	482	17
543	pending	0	1	\N	2026-07-13 12:26:16.247421+00	544	17
562	pending	0	1	\N	2026-07-13 12:26:16.355431+00	564	17
564	pending	0	1	\N	2026-07-13 12:26:16.368654+00	566	17
591	pending	0	1	\N	2026-07-13 14:44:42.220609+00	448	21
592	pending	0	1	\N	2026-07-13 14:44:42.2239+00	449	21
593	pending	0	1	\N	2026-07-13 14:44:42.22707+00	450	21
594	pending	0	1	\N	2026-07-13 14:44:42.230276+00	451	21
595	pending	0	1	\N	2026-07-13 14:44:42.233435+00	452	21
596	pending	0	1	\N	2026-07-13 14:44:42.236684+00	453	21
597	pending	0	1	\N	2026-07-13 14:44:42.23998+00	454	21
565	pending	0	1	\N	2026-07-13 12:26:16.375103+00	567	17
566	pending	0	1	\N	2026-07-13 12:26:16.382003+00	568	17
567	pending	0	1	\N	2026-07-13 12:26:16.389505+00	569	17
568	pending	0	1	\N	2026-07-13 12:26:16.397243+00	570	17
569	pending	0	1	\N	2026-07-13 12:26:16.404569+00	571	17
570	pending	0	1	\N	2026-07-13 12:26:16.411888+00	572	17
571	pending	0	1	\N	2026-07-13 12:26:16.419231+00	573	17
598	pending	0	1	\N	2026-07-13 14:44:42.243105+00	455	21
606	pending	0	1	\N	2026-07-13 14:44:42.269007+00	463	21
607	pending	0	1	\N	2026-07-13 14:44:42.272883+00	464	21
608	pending	0	1	\N	2026-07-13 14:44:42.276486+00	465	21
609	pending	0	1	\N	2026-07-13 14:44:42.279836+00	466	21
610	pending	0	1	\N	2026-07-13 14:44:42.283208+00	467	21
611	pending	0	1	\N	2026-07-13 14:44:42.286724+00	468	21
612	pending	0	1	\N	2026-07-13 14:44:42.29034+00	469	21
613	pending	0	1	\N	2026-07-13 14:44:42.293733+00	470	21
614	pending	0	1	\N	2026-07-13 14:44:42.297028+00	471	21
615	pending	0	1	\N	2026-07-13 14:44:42.300893+00	472	21
616	pending	0	1	\N	2026-07-13 14:44:42.304668+00	492	21
617	pending	0	1	\N	2026-07-13 14:44:42.308119+00	473	21
621	pending	0	1	\N	2026-07-13 14:44:42.323097+00	476	21
622	pending	0	1	\N	2026-07-13 14:44:42.32687+00	494	21
623	pending	0	1	\N	2026-07-13 14:44:42.330479+00	477	21
624	pending	0	1	\N	2026-07-13 14:44:42.334568+00	478	21
625	pending	0	1	\N	2026-07-13 14:44:42.338822+00	495	21
626	pending	0	1	\N	2026-07-13 14:44:42.343876+00	479	21
627	pending	0	1	\N	2026-07-13 14:44:42.349198+00	480	21
628	pending	0	1	\N	2026-07-13 14:44:42.354836+00	496	21
629	pending	0	1	\N	2026-07-13 14:44:42.359047+00	481	21
630	pending	0	1	\N	2026-07-13 14:44:42.362367+00	482	21
631	pending	0	1	\N	2026-07-13 14:44:42.365753+00	497	21
632	pending	0	1	\N	2026-07-13 14:44:42.369147+00	483	21
633	pending	0	1	\N	2026-07-13 14:44:42.374443+00	484	21
634	pending	0	1	\N	2026-07-13 14:44:42.377592+00	498	21
572	pending	0	1	\N	2026-07-13 12:26:16.425789+00	574	17
573	pending	0	1	\N	2026-07-13 12:26:16.433299+00	575	17
574	pending	0	1	\N	2026-07-13 12:26:16.447497+00	536	17
583	pending	0	1	\N	2026-07-13 14:44:42.194877+00	440	21
599	pending	0	1	\N	2026-07-13 14:44:42.246246+00	456	21
600	pending	0	1	\N	2026-07-13 14:44:42.249432+00	457	21
601	pending	0	1	\N	2026-07-13 14:44:42.252539+00	458	21
602	pending	0	1	\N	2026-07-13 14:44:42.255749+00	459	21
603	pending	0	1	\N	2026-07-13 14:44:42.259069+00	460	21
604	pending	0	1	\N	2026-07-13 14:44:42.262364+00	461	21
605	pending	0	1	\N	2026-07-13 14:44:42.265705+00	462	21
575	pending	0	1	\N	2026-07-13 14:44:42.167009+00	432	21
584	pending	0	1	\N	2026-07-13 14:44:42.198071+00	441	21
585	pending	0	1	\N	2026-07-13 14:44:42.201363+00	442	21
586	pending	0	1	\N	2026-07-13 14:44:42.204729+00	443	21
587	pending	0	1	\N	2026-07-13 14:44:42.207871+00	444	21
588	pending	0	1	\N	2026-07-13 14:44:42.21102+00	445	21
589	pending	0	1	\N	2026-07-13 14:44:42.214177+00	446	21
590	pending	0	1	\N	2026-07-13 14:44:42.217367+00	447	21
457	pending	0	1	\N	2026-07-13 12:26:15.651568+00	458	17
467	pending	0	1	\N	2026-07-13 12:26:15.721737+00	468	17
469	pending	0	1	\N	2026-07-13 12:26:15.735558+00	470	17
470	pending	0	1	\N	2026-07-13 12:26:15.742934+00	471	17
618	pending	0	1	\N	2026-07-13 14:44:42.311566+00	474	21
619	pending	0	1	\N	2026-07-13 14:44:42.315151+00	493	21
620	pending	0	1	\N	2026-07-13 14:44:42.319182+00	475	21
646	pending	0	1	\N	2026-07-13 14:44:42.420864+00	503	21
655	pending	0	1	\N	2026-07-13 14:44:42.451528+00	512	21
656	pending	0	1	\N	2026-07-13 14:44:42.455309+00	513	21
659	pending	0	1	\N	2026-07-13 14:44:42.466567+00	515	21
662	pending	0	1	\N	2026-07-13 14:44:42.481859+00	517	21
664	pending	0	1	\N	2026-07-13 14:44:42.485542+00	519	21
667	pending	0	1	\N	2026-07-13 14:44:42.497023+00	522	21
668	pending	0	1	\N	2026-07-13 14:44:42.501671+00	523	21
672	pending	0	1	\N	2026-07-13 14:44:42.51639+00	528	21
675	pending	0	1	\N	2026-07-13 14:44:42.529915+00	531	21
676	pending	0	1	\N	2026-07-13 14:44:42.534843+00	532	21
677	pending	0	1	\N	2026-07-13 14:44:42.540262+00	533	21
679	pending	0	1	\N	2026-07-13 14:44:42.552476+00	535	21
680	pending	0	1	\N	2026-07-13 14:44:42.556746+00	537	21
681	pending	0	1	\N	2026-07-13 14:44:42.561377+00	538	21
683	pending	0	1	\N	2026-07-13 14:44:42.571581+00	540	21
684	pending	0	1	\N	2026-07-13 14:44:42.575137+00	541	21
685	pending	0	1	\N	2026-07-13 14:44:42.578738+00	542	21
686	pending	0	1	\N	2026-07-13 14:44:42.582267+00	543	21
687	pending	0	1	\N	2026-07-13 14:44:42.585877+00	544	21
688	pending	0	1	\N	2026-07-13 14:44:42.589493+00	545	21
689	pending	0	1	\N	2026-07-13 14:44:42.593206+00	546	21
690	pending	0	1	\N	2026-07-13 14:44:42.596937+00	547	21
691	pending	0	1	\N	2026-07-13 14:44:42.600543+00	548	21
692	pending	0	1	\N	2026-07-13 14:44:42.6043+00	549	21
693	pending	0	1	\N	2026-07-13 14:44:42.607843+00	550	21
694	pending	0	1	\N	2026-07-13 14:44:42.611325+00	551	21
695	pending	0	1	\N	2026-07-13 14:44:42.614878+00	552	21
696	pending	0	1	\N	2026-07-13 14:44:42.618462+00	553	21
697	pending	0	1	\N	2026-07-13 14:44:42.622431+00	554	21
698	pending	0	1	\N	2026-07-13 14:44:42.626187+00	555	21
700	pending	0	1	\N	2026-07-13 14:44:42.629868+00	561	21
701	pending	0	1	\N	2026-07-13 14:44:42.633638+00	558	21
702	pending	0	1	\N	2026-07-13 14:44:42.637382+00	559	21
703	pending	0	1	\N	2026-07-13 14:44:42.641165+00	563	21
704	pending	0	1	\N	2026-07-13 14:44:42.644883+00	564	21
705	pending	0	1	\N	2026-07-13 14:44:42.648561+00	565	21
706	pending	0	1	\N	2026-07-13 14:44:42.652317+00	566	21
707	pending	0	1	\N	2026-07-13 14:44:42.656187+00	567	21
708	pending	0	1	\N	2026-07-13 14:44:42.659973+00	568	21
709	pending	0	1	\N	2026-07-13 14:44:42.663616+00	569	21
710	pending	0	1	\N	2026-07-13 14:44:42.66724+00	570	21
711	pending	0	1	\N	2026-07-13 14:44:42.670993+00	571	21
712	pending	0	1	\N	2026-07-13 14:44:42.674749+00	572	21
713	pending	0	1	\N	2026-07-13 14:44:42.678832+00	573	21
714	pending	0	1	\N	2026-07-13 14:44:42.682447+00	574	21
715	pending	0	1	\N	2026-07-13 14:44:42.686127+00	575	21
651	pending	0	1	\N	2026-07-13 14:44:42.689889+00	508	21
716	pending	0	1	\N	2026-07-13 14:44:42.693677+00	536	21
717	pending	0	1	\N	2026-07-13 14:44:42.697431+00	557	21
718	pending	0	1	\N	2026-07-13 14:44:42.700915+00	562	21
699	pending	0	1	2026-07-13 11:35:17.219742+00	2026-07-13 14:44:42.704569+00	556	21
387	pending	0	1	\N	2026-07-13 15:51:14.589688+00	531	16
726	pending	0	1	\N	2026-07-13 19:08:34.08842+00	439	18
727	pending	0	1	\N	2026-07-13 19:08:34.093304+00	440	18
521	pending	0	1	\N	2026-07-13 12:26:16.101275+00	521	17
522	pending	0	1	\N	2026-07-13 12:26:16.108454+00	522	17
636	pending	0	1	\N	2026-07-13 14:44:42.384245+00	486	21
637	pending	0	1	\N	2026-07-13 14:44:42.387556+00	499	21
638	pending	0	1	\N	2026-07-13 14:44:42.391223+00	487	21
639	pending	0	1	\N	2026-07-13 14:44:42.394262+00	488	21
642	pending	0	1	\N	2026-07-13 14:44:42.405002+00	490	21
643	pending	0	1	\N	2026-07-13 14:44:42.409453+00	501	21
644	pending	0	1	\N	2026-07-13 14:44:42.413142+00	491	21
645	pending	0	1	\N	2026-07-13 14:44:42.41702+00	502	21
647	pending	0	1	\N	2026-07-13 14:44:42.424886+00	504	21
650	pending	0	1	\N	2026-07-13 14:44:42.436596+00	507	21
652	pending	0	1	\N	2026-07-13 14:44:42.440335+00	509	21
653	pending	0	1	\N	2026-07-13 14:44:42.444078+00	510	21
657	pending	0	1	\N	2026-07-13 14:44:42.459077+00	514	21
658	pending	0	1	\N	2026-07-13 14:44:42.462734+00	560	21
660	pending	0	1	\N	2026-07-13 14:44:42.470398+00	525	21
661	pending	0	1	\N	2026-07-13 14:44:42.474193+00	516	21
663	pending	0	1	\N	2026-07-13 14:44:42.478162+00	518	21
665	pending	0	1	\N	2026-07-13 14:44:42.489296+00	520	21
666	pending	0	1	\N	2026-07-13 14:44:42.493083+00	521	21
669	pending	0	1	\N	2026-07-13 14:44:42.505149+00	524	21
670	pending	0	1	\N	2026-07-13 14:44:42.508791+00	526	21
673	pending	0	1	\N	2026-07-13 14:44:42.519861+00	529	21
648	pending	0	1	\N	2026-07-13 14:44:42.428988+00	505	21
674	pending	0	1	\N	2026-07-13 14:44:42.524788+00	530	21
682	pending	0	1	\N	2026-07-13 14:44:42.566338+00	539	21
654	pending	0	1	\N	2026-07-13 14:44:42.447772+00	511	21
640	pending	0	1	\N	2026-07-13 14:44:42.397537+00	500	21
649	pending	0	1	\N	2026-07-13 14:44:42.432753+00	506	21
641	pending	0	1	\N	2026-07-13 14:44:42.40133+00	489	21
678	pending	0	1	\N	2026-07-13 14:44:42.54422+00	534	21
728	pending	0	1	\N	2026-07-13 19:08:34.097696+00	441	18
729	pending	0	1	\N	2026-07-13 19:08:34.102024+00	442	18
730	pending	0	1	\N	2026-07-13 19:08:34.106672+00	443	18
719	pending	0	1	\N	2026-07-13 19:08:34.061058+00	432	18
720	pending	0	1	\N	2026-07-13 19:08:34.065031+00	433	18
721	pending	0	1	\N	2026-07-13 19:08:34.068875+00	434	18
722	pending	0	1	\N	2026-07-13 19:08:34.072717+00	435	18
723	pending	0	1	\N	2026-07-13 19:08:34.07658+00	436	18
724	pending	0	1	\N	2026-07-13 19:08:34.080598+00	437	18
635	pending	0	1	\N	2026-07-13 14:44:42.380881+00	485	21
671	pending	0	1	\N	2026-07-13 14:44:42.512541+00	527	21
388	pending	0	1	\N	2026-07-13 15:51:14.600349+00	532	16
725	pending	0	1	\N	2026-07-13 19:08:34.084497+00	438	18
739	pending	0	1	\N	2026-07-13 19:08:34.141942+00	452	18
740	pending	0	1	\N	2026-07-13 19:08:34.145687+00	453	18
742	pending	0	1	\N	2026-07-13 19:08:34.153965+00	455	18
743	pending	0	1	\N	2026-07-13 19:08:34.157746+00	456	18
744	pending	0	1	\N	2026-07-13 19:08:34.161864+00	457	18
745	pending	0	1	\N	2026-07-13 19:08:34.165738+00	458	18
746	pending	0	1	\N	2026-07-13 19:08:34.169608+00	459	18
747	pending	0	1	\N	2026-07-13 19:08:34.1735+00	460	18
748	pending	0	1	\N	2026-07-13 19:08:34.177226+00	461	18
749	pending	0	1	\N	2026-07-13 19:08:34.181179+00	462	18
750	pending	0	1	\N	2026-07-13 19:08:34.185015+00	463	18
751	pending	0	1	\N	2026-07-13 19:08:34.188732+00	464	18
752	pending	0	1	\N	2026-07-13 19:08:34.19271+00	465	18
753	pending	0	1	\N	2026-07-13 19:08:34.196694+00	466	18
754	pending	0	1	\N	2026-07-13 19:08:34.200755+00	467	18
755	pending	0	1	\N	2026-07-13 19:08:34.204718+00	468	18
756	pending	0	1	\N	2026-07-13 19:08:34.208653+00	469	18
757	pending	0	1	\N	2026-07-13 19:08:34.212688+00	470	18
758	pending	0	1	\N	2026-07-13 19:08:34.216602+00	471	18
759	pending	0	1	\N	2026-07-13 19:08:34.220536+00	472	18
761	pending	0	1	\N	2026-07-13 19:08:34.228556+00	473	18
762	pending	0	1	\N	2026-07-13 19:08:34.232593+00	474	18
763	pending	0	1	\N	2026-07-13 19:08:34.236633+00	493	18
764	pending	0	1	\N	2026-07-13 19:08:34.240752+00	475	18
765	pending	0	1	\N	2026-07-13 19:08:34.245653+00	476	18
766	pending	0	1	\N	2026-07-13 19:08:34.250842+00	494	18
767	pending	0	1	\N	2026-07-13 19:08:34.255725+00	477	18
768	pending	0	1	\N	2026-07-13 19:08:34.260943+00	478	18
769	pending	0	1	\N	2026-07-13 19:08:34.265864+00	495	18
770	pending	0	1	\N	2026-07-13 19:08:34.270921+00	479	18
771	pending	0	1	\N	2026-07-13 19:08:34.276197+00	480	18
772	pending	0	1	\N	2026-07-13 19:08:34.281321+00	496	18
773	pending	0	1	\N	2026-07-13 19:08:34.285169+00	481	18
774	pending	0	1	\N	2026-07-13 19:08:34.289493+00	482	18
775	pending	0	1	\N	2026-07-13 19:08:34.29352+00	497	18
776	pending	0	1	\N	2026-07-13 19:08:34.297333+00	483	18
777	pending	0	1	\N	2026-07-13 19:08:34.301187+00	484	18
778	pending	0	1	\N	2026-07-13 19:08:34.305031+00	498	18
780	pending	0	1	\N	2026-07-13 19:08:34.312772+00	486	18
781	pending	0	1	\N	2026-07-13 19:08:34.3168+00	499	18
782	pending	0	1	\N	2026-07-13 19:08:34.320977+00	487	18
783	pending	0	1	\N	2026-07-13 19:08:34.324683+00	488	18
784	pending	0	1	\N	2026-07-13 19:08:34.328509+00	500	18
785	pending	0	1	\N	2026-07-13 19:08:34.33365+00	489	18
786	pending	0	1	\N	2026-07-13 19:08:34.338659+00	490	18
787	pending	0	1	\N	2026-07-13 19:08:34.343297+00	501	18
788	pending	0	1	\N	2026-07-13 19:08:34.347921+00	491	18
789	pending	0	1	\N	2026-07-13 19:08:34.352026+00	502	18
790	pending	0	1	\N	2026-07-13 19:08:34.357541+00	503	18
791	pending	0	1	\N	2026-07-13 19:08:34.361715+00	504	18
792	pending	0	1	\N	2026-07-13 19:08:34.3659+00	505	18
793	pending	0	1	\N	2026-07-13 19:08:34.370813+00	506	18
794	pending	0	1	\N	2026-07-13 19:08:34.374671+00	507	18
795	pending	0	1	\N	2026-07-13 19:08:34.379867+00	509	18
796	pending	0	1	\N	2026-07-13 19:08:34.384986+00	510	18
797	pending	0	1	\N	2026-07-13 19:08:34.388733+00	511	18
799	pending	0	1	\N	2026-07-13 19:08:34.397265+00	513	18
800	pending	0	1	\N	2026-07-13 19:08:34.401288+00	514	18
801	pending	0	1	\N	2026-07-13 19:08:34.4053+00	560	18
802	pending	0	1	\N	2026-07-13 19:08:34.409382+00	515	18
803	pending	0	1	\N	2026-07-13 19:08:34.415077+00	525	18
804	pending	0	1	\N	2026-07-13 19:08:34.421734+00	516	18
805	pending	0	1	\N	2026-07-13 19:08:34.428235+00	518	18
806	pending	0	1	\N	2026-07-13 19:08:34.43464+00	517	18
807	pending	0	1	\N	2026-07-13 19:08:34.442132+00	519	18
808	pending	0	1	\N	2026-07-13 19:08:34.448769+00	520	18
809	pending	0	1	\N	2026-07-13 19:08:34.456888+00	521	18
810	pending	0	1	\N	2026-07-13 19:08:34.463511+00	522	18
811	pending	0	1	\N	2026-07-13 19:08:34.470949+00	523	18
812	pending	0	1	\N	2026-07-13 19:08:34.477653+00	524	18
813	pending	0	1	\N	2026-07-13 19:08:34.484945+00	526	18
814	pending	0	1	\N	2026-07-13 19:08:34.491939+00	527	18
815	pending	0	1	\N	2026-07-13 19:08:34.498937+00	528	18
816	pending	0	1	\N	2026-07-13 19:08:34.506052+00	529	18
818	pending	0	1	\N	2026-07-13 19:08:34.520789+00	531	18
819	pending	0	1	\N	2026-07-13 19:08:34.527908+00	532	18
820	pending	0	1	\N	2026-07-13 19:08:34.536085+00	533	18
821	pending	0	1	\N	2026-07-13 19:08:34.543081+00	534	18
822	pending	0	1	\N	2026-07-13 19:08:34.550861+00	535	18
823	pending	0	1	\N	2026-07-13 19:08:34.557686+00	537	18
824	pending	0	1	\N	2026-07-13 19:08:34.564706+00	538	18
825	pending	0	1	\N	2026-07-13 19:08:34.571614+00	539	18
826	pending	0	1	\N	2026-07-13 19:08:34.578595+00	540	18
827	pending	0	1	\N	2026-07-13 19:08:34.585633+00	541	18
828	pending	0	1	\N	2026-07-13 19:08:34.59263+00	542	18
829	pending	0	1	\N	2026-07-13 19:08:34.599344+00	543	18
830	pending	0	1	\N	2026-07-13 19:08:34.60679+00	544	18
831	pending	0	1	\N	2026-07-13 19:08:34.613488+00	545	18
832	pending	0	1	\N	2026-07-13 19:08:34.620137+00	546	18
833	pending	0	1	\N	2026-07-13 19:08:34.626819+00	547	18
834	pending	0	1	\N	2026-07-13 19:08:34.633657+00	548	18
835	pending	0	1	\N	2026-07-13 19:08:34.640423+00	549	18
837	pending	0	1	\N	2026-07-13 19:08:34.653655+00	551	18
732	pending	0	1	\N	2026-07-13 19:08:34.114671+00	445	18
733	pending	0	1	\N	2026-07-13 19:08:34.118513+00	446	18
734	pending	0	1	\N	2026-07-13 19:08:34.122336+00	447	18
735	pending	0	1	\N	2026-07-13 19:08:34.12604+00	448	18
736	pending	0	1	\N	2026-07-13 19:08:34.130293+00	449	18
737	pending	0	1	\N	2026-07-13 19:08:34.134355+00	450	18
738	pending	0	1	\N	2026-07-13 19:08:34.138072+00	451	18
731	pending	0	1	\N	2026-07-13 19:08:34.110754+00	444	18
741	pending	0	1	\N	2026-07-13 19:08:34.150112+00	454	18
760	pending	0	1	\N	2026-07-13 19:08:34.224484+00	492	18
779	pending	0	1	\N	2026-07-13 19:08:34.309066+00	485	18
798	pending	0	1	\N	2026-07-13 19:08:34.392731+00	512	18
817	pending	0	1	\N	2026-07-13 19:08:34.513451+00	530	18
836	pending	0	1	\N	2026-07-13 19:08:34.646904+00	550	18
838	pending	0	1	\N	2026-07-13 19:08:34.660315+00	552	18
839	pending	0	1	\N	2026-07-13 19:08:34.666944+00	553	18
840	pending	0	1	\N	2026-07-13 19:08:34.67362+00	554	18
841	pending	0	1	\N	2026-07-13 19:08:34.680939+00	555	18
842	pending	0	1	\N	2026-07-13 19:08:34.687628+00	561	18
843	pending	0	1	\N	2026-07-13 19:08:34.694896+00	558	18
844	pending	0	1	\N	2026-07-13 19:08:34.701753+00	559	18
845	pending	0	1	\N	2026-07-13 19:08:34.708534+00	563	18
846	pending	0	1	\N	2026-07-13 19:08:34.715276+00	564	18
847	pending	0	1	\N	2026-07-13 19:08:34.722331+00	565	18
848	pending	0	1	\N	2026-07-13 19:08:34.729128+00	566	18
849	pending	0	1	\N	2026-07-13 19:08:34.736249+00	567	18
850	pending	0	1	\N	2026-07-13 19:08:34.743077+00	568	18
851	pending	0	1	\N	2026-07-13 19:08:34.749827+00	569	18
852	pending	0	1	\N	2026-07-13 19:08:34.756694+00	570	18
853	pending	0	1	\N	2026-07-13 19:08:34.76334+00	571	18
854	pending	0	1	\N	2026-07-13 19:08:34.769847+00	572	18
855	pending	0	1	\N	2026-07-13 19:08:34.776689+00	573	18
856	pending	0	1	\N	2026-07-13 19:08:34.783466+00	574	18
857	pending	0	1	\N	2026-07-13 19:08:34.790913+00	575	18
858	completed	1	1	2026-07-13 14:43:09.358764+00	2026-07-13 19:08:34.797651+00	508	18
859	pending	0	1	\N	2026-07-13 19:08:34.804766+00	536	18
860	pending	0	1	\N	2026-07-13 19:08:34.811631+00	557	18
861	pending	0	1	\N	2026-07-13 19:08:34.818465+00	562	18
862	pending	0	1	\N	2026-07-13 19:08:34.82522+00	556	18
\.


--
-- Name: accounts_organization_id_seq; Type: SEQUENCE SET; Schema: public; Owner: survey_user
--

SELECT pg_catalog.setval('public.accounts_organization_id_seq', 575, true);


--
-- Name: accounts_user_groups_id_seq; Type: SEQUENCE SET; Schema: public; Owner: survey_user
--

SELECT pg_catalog.setval('public.accounts_user_groups_id_seq', 1, false);


--
-- Name: accounts_user_id_seq; Type: SEQUENCE SET; Schema: public; Owner: survey_user
--

SELECT pg_catalog.setval('public.accounts_user_id_seq', 583, true);


--
-- Name: accounts_user_target_groups_id_seq; Type: SEQUENCE SET; Schema: public; Owner: survey_user
--

SELECT pg_catalog.setval('public.accounts_user_target_groups_id_seq', 1, false);


--
-- Name: accounts_user_user_permissions_id_seq; Type: SEQUENCE SET; Schema: public; Owner: survey_user
--

SELECT pg_catalog.setval('public.accounts_user_user_permissions_id_seq', 1, false);


--
-- Name: analytics_aggregatedresult_id_seq; Type: SEQUENCE SET; Schema: public; Owner: survey_user
--

SELECT pg_catalog.setval('public.analytics_aggregatedresult_id_seq', 1, false);


--
-- Name: analytics_comparisonreport_id_seq; Type: SEQUENCE SET; Schema: public; Owner: survey_user
--

SELECT pg_catalog.setval('public.analytics_comparisonreport_id_seq', 1, false);


--
-- Name: analytics_scoringconfig_id_seq; Type: SEQUENCE SET; Schema: public; Owner: survey_user
--

SELECT pg_catalog.setval('public.analytics_scoringconfig_id_seq', 1, false);


--
-- Name: analytics_targetgroup_id_seq; Type: SEQUENCE SET; Schema: public; Owner: survey_user
--

SELECT pg_catalog.setval('public.analytics_targetgroup_id_seq', 9, true);


--
-- Name: analytics_targetgroup_surveys_id_seq; Type: SEQUENCE SET; Schema: public; Owner: survey_user
--

SELECT pg_catalog.setval('public.analytics_targetgroup_surveys_id_seq', 1, false);


--
-- Name: auth_group_id_seq; Type: SEQUENCE SET; Schema: public; Owner: survey_user
--

SELECT pg_catalog.setval('public.auth_group_id_seq', 1, false);


--
-- Name: auth_group_permissions_id_seq; Type: SEQUENCE SET; Schema: public; Owner: survey_user
--

SELECT pg_catalog.setval('public.auth_group_permissions_id_seq', 1, false);


--
-- Name: auth_permission_id_seq; Type: SEQUENCE SET; Schema: public; Owner: survey_user
--

SELECT pg_catalog.setval('public.auth_permission_id_seq', 92, true);


--
-- Name: django_admin_log_id_seq; Type: SEQUENCE SET; Schema: public; Owner: survey_user
--

SELECT pg_catalog.setval('public.django_admin_log_id_seq', 1, false);


--
-- Name: django_content_type_id_seq; Type: SEQUENCE SET; Schema: public; Owner: survey_user
--

SELECT pg_catalog.setval('public.django_content_type_id_seq', 23, true);


--
-- Name: django_migrations_id_seq; Type: SEQUENCE SET; Schema: public; Owner: survey_user
--

SELECT pg_catalog.setval('public.django_migrations_id_seq', 33, true);


--
-- Name: survey_blocklist_id_seq; Type: SEQUENCE SET; Schema: public; Owner: survey_user
--

SELECT pg_catalog.setval('public.survey_blocklist_id_seq', 1, false);


--
-- Name: survey_question_id_seq; Type: SEQUENCE SET; Schema: public; Owner: survey_user
--

SELECT pg_catalog.setval('public.survey_question_id_seq', 6824, true);


--
-- Name: survey_questiontype_id_seq; Type: SEQUENCE SET; Schema: public; Owner: survey_user
--

SELECT pg_catalog.setval('public.survey_questiontype_id_seq', 10, true);


--
-- Name: survey_response_id_seq; Type: SEQUENCE SET; Schema: public; Owner: survey_user
--

SELECT pg_catalog.setval('public.survey_response_id_seq', 90, true);


--
-- Name: survey_section_id_seq; Type: SEQUENCE SET; Schema: public; Owner: survey_user
--

SELECT pg_catalog.setval('public.survey_section_id_seq', 199, true);


--
-- Name: survey_survey_id_seq; Type: SEQUENCE SET; Schema: public; Owner: survey_user
--

SELECT pg_catalog.setval('public.survey_survey_id_seq', 23, true);


--
-- Name: survey_surveyassignment_id_seq; Type: SEQUENCE SET; Schema: public; Owner: survey_user
--

SELECT pg_catalog.setval('public.survey_surveyassignment_id_seq', 1, false);


--
-- Name: survey_surveycategory_id_seq; Type: SEQUENCE SET; Schema: public; Owner: survey_user
--

SELECT pg_catalog.setval('public.survey_surveycategory_id_seq', 2, true);


--
-- Name: survey_surveyparticipant_id_seq; Type: SEQUENCE SET; Schema: public; Owner: survey_user
--

SELECT pg_catalog.setval('public.survey_surveyparticipant_id_seq', 40, true);


--
-- Name: survey_surveyprogress_id_seq; Type: SEQUENCE SET; Schema: public; Owner: survey_user
--

SELECT pg_catalog.setval('public.survey_surveyprogress_id_seq', 114, true);


--
-- Name: survey_surveyunitstatus_id_seq; Type: SEQUENCE SET; Schema: public; Owner: survey_user
--

SELECT pg_catalog.setval('public.survey_surveyunitstatus_id_seq', 862, true);


--
-- Name: accounts_organization accounts_organization_code_key; Type: CONSTRAINT; Schema: public; Owner: survey_user
--

ALTER TABLE ONLY public.accounts_organization
    ADD CONSTRAINT accounts_organization_code_key UNIQUE (code);


--
-- Name: accounts_organization accounts_organization_pkey; Type: CONSTRAINT; Schema: public; Owner: survey_user
--

ALTER TABLE ONLY public.accounts_organization
    ADD CONSTRAINT accounts_organization_pkey PRIMARY KEY (id);


--
-- Name: accounts_user_groups accounts_user_groups_pkey; Type: CONSTRAINT; Schema: public; Owner: survey_user
--

ALTER TABLE ONLY public.accounts_user_groups
    ADD CONSTRAINT accounts_user_groups_pkey PRIMARY KEY (id);


--
-- Name: accounts_user_groups accounts_user_groups_user_id_group_id_59c0b32f_uniq; Type: CONSTRAINT; Schema: public; Owner: survey_user
--

ALTER TABLE ONLY public.accounts_user_groups
    ADD CONSTRAINT accounts_user_groups_user_id_group_id_59c0b32f_uniq UNIQUE (user_id, group_id);


--
-- Name: accounts_user accounts_user_pkey; Type: CONSTRAINT; Schema: public; Owner: survey_user
--

ALTER TABLE ONLY public.accounts_user
    ADD CONSTRAINT accounts_user_pkey PRIMARY KEY (id);


--
-- Name: accounts_user_target_groups accounts_user_target_gro_user_id_targetgroup_id_42657da2_uniq; Type: CONSTRAINT; Schema: public; Owner: survey_user
--

ALTER TABLE ONLY public.accounts_user_target_groups
    ADD CONSTRAINT accounts_user_target_gro_user_id_targetgroup_id_42657da2_uniq UNIQUE (user_id, targetgroup_id);


--
-- Name: accounts_user_target_groups accounts_user_target_groups_pkey; Type: CONSTRAINT; Schema: public; Owner: survey_user
--

ALTER TABLE ONLY public.accounts_user_target_groups
    ADD CONSTRAINT accounts_user_target_groups_pkey PRIMARY KEY (id);


--
-- Name: accounts_user_user_permissions accounts_user_user_permi_user_id_permission_id_2ab516c2_uniq; Type: CONSTRAINT; Schema: public; Owner: survey_user
--

ALTER TABLE ONLY public.accounts_user_user_permissions
    ADD CONSTRAINT accounts_user_user_permi_user_id_permission_id_2ab516c2_uniq UNIQUE (user_id, permission_id);


--
-- Name: accounts_user_user_permissions accounts_user_user_permissions_pkey; Type: CONSTRAINT; Schema: public; Owner: survey_user
--

ALTER TABLE ONLY public.accounts_user_user_permissions
    ADD CONSTRAINT accounts_user_user_permissions_pkey PRIMARY KEY (id);


--
-- Name: accounts_user accounts_user_username_key; Type: CONSTRAINT; Schema: public; Owner: survey_user
--

ALTER TABLE ONLY public.accounts_user
    ADD CONSTRAINT accounts_user_username_key UNIQUE (username);


--
-- Name: analytics_aggregatedresult analytics_aggregatedresu_survey_id_level_entity_n_094979a6_uniq; Type: CONSTRAINT; Schema: public; Owner: survey_user
--

ALTER TABLE ONLY public.analytics_aggregatedresult
    ADD CONSTRAINT analytics_aggregatedresu_survey_id_level_entity_n_094979a6_uniq UNIQUE (survey_id, level, entity_name, year, quarter);


--
-- Name: analytics_aggregatedresult analytics_aggregatedresult_pkey; Type: CONSTRAINT; Schema: public; Owner: survey_user
--

ALTER TABLE ONLY public.analytics_aggregatedresult
    ADD CONSTRAINT analytics_aggregatedresult_pkey PRIMARY KEY (id);


--
-- Name: analytics_comparisonreport analytics_comparisonreport_pkey; Type: CONSTRAINT; Schema: public; Owner: survey_user
--

ALTER TABLE ONLY public.analytics_comparisonreport
    ADD CONSTRAINT analytics_comparisonreport_pkey PRIMARY KEY (id);


--
-- Name: analytics_scoringconfig analytics_scoringconfig_pkey; Type: CONSTRAINT; Schema: public; Owner: survey_user
--

ALTER TABLE ONLY public.analytics_scoringconfig
    ADD CONSTRAINT analytics_scoringconfig_pkey PRIMARY KEY (id);


--
-- Name: analytics_targetgroup analytics_targetgroup_code_key; Type: CONSTRAINT; Schema: public; Owner: survey_user
--

ALTER TABLE ONLY public.analytics_targetgroup
    ADD CONSTRAINT analytics_targetgroup_code_key UNIQUE (code);


--
-- Name: analytics_targetgroup analytics_targetgroup_pkey; Type: CONSTRAINT; Schema: public; Owner: survey_user
--

ALTER TABLE ONLY public.analytics_targetgroup
    ADD CONSTRAINT analytics_targetgroup_pkey PRIMARY KEY (id);


--
-- Name: analytics_targetgroup_surveys analytics_targetgroup_su_targetgroup_id_survey_id_03c02e7e_uniq; Type: CONSTRAINT; Schema: public; Owner: survey_user
--

ALTER TABLE ONLY public.analytics_targetgroup_surveys
    ADD CONSTRAINT analytics_targetgroup_su_targetgroup_id_survey_id_03c02e7e_uniq UNIQUE (targetgroup_id, survey_id);


--
-- Name: analytics_targetgroup_surveys analytics_targetgroup_surveys_pkey; Type: CONSTRAINT; Schema: public; Owner: survey_user
--

ALTER TABLE ONLY public.analytics_targetgroup_surveys
    ADD CONSTRAINT analytics_targetgroup_surveys_pkey PRIMARY KEY (id);


--
-- Name: auth_group auth_group_name_key; Type: CONSTRAINT; Schema: public; Owner: survey_user
--

ALTER TABLE ONLY public.auth_group
    ADD CONSTRAINT auth_group_name_key UNIQUE (name);


--
-- Name: auth_group_permissions auth_group_permissions_group_id_permission_id_0cd325b0_uniq; Type: CONSTRAINT; Schema: public; Owner: survey_user
--

ALTER TABLE ONLY public.auth_group_permissions
    ADD CONSTRAINT auth_group_permissions_group_id_permission_id_0cd325b0_uniq UNIQUE (group_id, permission_id);


--
-- Name: auth_group_permissions auth_group_permissions_pkey; Type: CONSTRAINT; Schema: public; Owner: survey_user
--

ALTER TABLE ONLY public.auth_group_permissions
    ADD CONSTRAINT auth_group_permissions_pkey PRIMARY KEY (id);


--
-- Name: auth_group auth_group_pkey; Type: CONSTRAINT; Schema: public; Owner: survey_user
--

ALTER TABLE ONLY public.auth_group
    ADD CONSTRAINT auth_group_pkey PRIMARY KEY (id);


--
-- Name: auth_permission auth_permission_content_type_id_codename_01ab375a_uniq; Type: CONSTRAINT; Schema: public; Owner: survey_user
--

ALTER TABLE ONLY public.auth_permission
    ADD CONSTRAINT auth_permission_content_type_id_codename_01ab375a_uniq UNIQUE (content_type_id, codename);


--
-- Name: auth_permission auth_permission_pkey; Type: CONSTRAINT; Schema: public; Owner: survey_user
--

ALTER TABLE ONLY public.auth_permission
    ADD CONSTRAINT auth_permission_pkey PRIMARY KEY (id);


--
-- Name: django_admin_log django_admin_log_pkey; Type: CONSTRAINT; Schema: public; Owner: survey_user
--

ALTER TABLE ONLY public.django_admin_log
    ADD CONSTRAINT django_admin_log_pkey PRIMARY KEY (id);


--
-- Name: django_content_type django_content_type_app_label_model_76bd3d3b_uniq; Type: CONSTRAINT; Schema: public; Owner: survey_user
--

ALTER TABLE ONLY public.django_content_type
    ADD CONSTRAINT django_content_type_app_label_model_76bd3d3b_uniq UNIQUE (app_label, model);


--
-- Name: django_content_type django_content_type_pkey; Type: CONSTRAINT; Schema: public; Owner: survey_user
--

ALTER TABLE ONLY public.django_content_type
    ADD CONSTRAINT django_content_type_pkey PRIMARY KEY (id);


--
-- Name: django_migrations django_migrations_pkey; Type: CONSTRAINT; Schema: public; Owner: survey_user
--

ALTER TABLE ONLY public.django_migrations
    ADD CONSTRAINT django_migrations_pkey PRIMARY KEY (id);


--
-- Name: django_session django_session_pkey; Type: CONSTRAINT; Schema: public; Owner: survey_user
--

ALTER TABLE ONLY public.django_session
    ADD CONSTRAINT django_session_pkey PRIMARY KEY (session_key);


--
-- Name: survey_blocklist survey_blocklist_block_type_value_ee945a1b_uniq; Type: CONSTRAINT; Schema: public; Owner: survey_user
--

ALTER TABLE ONLY public.survey_blocklist
    ADD CONSTRAINT survey_blocklist_block_type_value_ee945a1b_uniq UNIQUE (block_type, value);


--
-- Name: survey_blocklist survey_blocklist_pkey; Type: CONSTRAINT; Schema: public; Owner: survey_user
--

ALTER TABLE ONLY public.survey_blocklist
    ADD CONSTRAINT survey_blocklist_pkey PRIMARY KEY (id);


--
-- Name: survey_question survey_question_pkey; Type: CONSTRAINT; Schema: public; Owner: survey_user
--

ALTER TABLE ONLY public.survey_question
    ADD CONSTRAINT survey_question_pkey PRIMARY KEY (id);


--
-- Name: survey_questiontype survey_questiontype_code_key; Type: CONSTRAINT; Schema: public; Owner: survey_user
--

ALTER TABLE ONLY public.survey_questiontype
    ADD CONSTRAINT survey_questiontype_code_key UNIQUE (code);


--
-- Name: survey_questiontype survey_questiontype_name_key; Type: CONSTRAINT; Schema: public; Owner: survey_user
--

ALTER TABLE ONLY public.survey_questiontype
    ADD CONSTRAINT survey_questiontype_name_key UNIQUE (name);


--
-- Name: survey_questiontype survey_questiontype_pkey; Type: CONSTRAINT; Schema: public; Owner: survey_user
--

ALTER TABLE ONLY public.survey_questiontype
    ADD CONSTRAINT survey_questiontype_pkey PRIMARY KEY (id);


--
-- Name: survey_response survey_response_pkey; Type: CONSTRAINT; Schema: public; Owner: survey_user
--

ALTER TABLE ONLY public.survey_response
    ADD CONSTRAINT survey_response_pkey PRIMARY KEY (id);


--
-- Name: survey_section survey_section_pkey; Type: CONSTRAINT; Schema: public; Owner: survey_user
--

ALTER TABLE ONLY public.survey_section
    ADD CONSTRAINT survey_section_pkey PRIMARY KEY (id);


--
-- Name: survey_section survey_section_survey_id_code_568d3dbf_uniq; Type: CONSTRAINT; Schema: public; Owner: survey_user
--

ALTER TABLE ONLY public.survey_section
    ADD CONSTRAINT survey_section_survey_id_code_568d3dbf_uniq UNIQUE (survey_id, code);


--
-- Name: survey_survey survey_survey_code_key; Type: CONSTRAINT; Schema: public; Owner: survey_user
--

ALTER TABLE ONLY public.survey_survey
    ADD CONSTRAINT survey_survey_code_key UNIQUE (code);


--
-- Name: survey_survey survey_survey_pkey; Type: CONSTRAINT; Schema: public; Owner: survey_user
--

ALTER TABLE ONLY public.survey_survey
    ADD CONSTRAINT survey_survey_pkey PRIMARY KEY (id);


--
-- Name: survey_survey survey_survey_slug_key; Type: CONSTRAINT; Schema: public; Owner: survey_user
--

ALTER TABLE ONLY public.survey_survey
    ADD CONSTRAINT survey_survey_slug_key UNIQUE (slug);


--
-- Name: survey_surveyassignment survey_surveyassignment_pkey; Type: CONSTRAINT; Schema: public; Owner: survey_user
--

ALTER TABLE ONLY public.survey_surveyassignment
    ADD CONSTRAINT survey_surveyassignment_pkey PRIMARY KEY (id);


--
-- Name: survey_surveyassignment survey_surveyassignment_survey_id_form_code_targ_e35871c4_uniq; Type: CONSTRAINT; Schema: public; Owner: survey_user
--

ALTER TABLE ONLY public.survey_surveyassignment
    ADD CONSTRAINT survey_surveyassignment_survey_id_form_code_targ_e35871c4_uniq UNIQUE (survey_id, form_code, target_group_code);


--
-- Name: survey_surveycategory survey_surveycategory_name_key; Type: CONSTRAINT; Schema: public; Owner: survey_user
--

ALTER TABLE ONLY public.survey_surveycategory
    ADD CONSTRAINT survey_surveycategory_name_key UNIQUE (name);


--
-- Name: survey_surveycategory survey_surveycategory_pkey; Type: CONSTRAINT; Schema: public; Owner: survey_user
--

ALTER TABLE ONLY public.survey_surveycategory
    ADD CONSTRAINT survey_surveycategory_pkey PRIMARY KEY (id);


--
-- Name: survey_surveyparticipant survey_surveyparticipant_pkey; Type: CONSTRAINT; Schema: public; Owner: survey_user
--

ALTER TABLE ONLY public.survey_surveyparticipant
    ADD CONSTRAINT survey_surveyparticipant_pkey PRIMARY KEY (id);


--
-- Name: survey_surveyparticipant survey_surveyparticipant_response_id_key; Type: CONSTRAINT; Schema: public; Owner: survey_user
--

ALTER TABLE ONLY public.survey_surveyparticipant
    ADD CONSTRAINT survey_surveyparticipant_response_id_key UNIQUE (response_id);


--
-- Name: survey_surveyprogress survey_surveyprogress_participant_id_form_code_bc8f7eb1_uniq; Type: CONSTRAINT; Schema: public; Owner: survey_user
--

ALTER TABLE ONLY public.survey_surveyprogress
    ADD CONSTRAINT survey_surveyprogress_participant_id_form_code_bc8f7eb1_uniq UNIQUE (participant_id, form_code);


--
-- Name: survey_surveyprogress survey_surveyprogress_pkey; Type: CONSTRAINT; Schema: public; Owner: survey_user
--

ALTER TABLE ONLY public.survey_surveyprogress
    ADD CONSTRAINT survey_surveyprogress_pkey PRIMARY KEY (id);


--
-- Name: survey_surveyprogress survey_surveyprogress_response_id_key; Type: CONSTRAINT; Schema: public; Owner: survey_user
--

ALTER TABLE ONLY public.survey_surveyprogress
    ADD CONSTRAINT survey_surveyprogress_response_id_key UNIQUE (response_id);


--
-- Name: survey_surveyunitstatus survey_surveyunitstatus_pkey; Type: CONSTRAINT; Schema: public; Owner: survey_user
--

ALTER TABLE ONLY public.survey_surveyunitstatus
    ADD CONSTRAINT survey_surveyunitstatus_pkey PRIMARY KEY (id);


--
-- Name: survey_surveyunitstatus survey_surveyunitstatus_survey_id_organization_id_71ad0385_uniq; Type: CONSTRAINT; Schema: public; Owner: survey_user
--

ALTER TABLE ONLY public.survey_surveyunitstatus
    ADD CONSTRAINT survey_surveyunitstatus_survey_id_organization_id_71ad0385_uniq UNIQUE (survey_id, organization_id);


--
-- Name: accounts_organization_code_cad13a1a_like; Type: INDEX; Schema: public; Owner: survey_user
--

CREATE INDEX accounts_organization_code_cad13a1a_like ON public.accounts_organization USING btree (code varchar_pattern_ops);


--
-- Name: accounts_organization_parent_id_fe6d2ff2; Type: INDEX; Schema: public; Owner: survey_user
--

CREATE INDEX accounts_organization_parent_id_fe6d2ff2 ON public.accounts_organization USING btree (parent_id);


--
-- Name: accounts_user_groups_group_id_bd11a704; Type: INDEX; Schema: public; Owner: survey_user
--

CREATE INDEX accounts_user_groups_group_id_bd11a704 ON public.accounts_user_groups USING btree (group_id);


--
-- Name: accounts_user_groups_user_id_52b62117; Type: INDEX; Schema: public; Owner: survey_user
--

CREATE INDEX accounts_user_groups_user_id_52b62117 ON public.accounts_user_groups USING btree (user_id);


--
-- Name: accounts_user_organization_id_d808f5ca; Type: INDEX; Schema: public; Owner: survey_user
--

CREATE INDEX accounts_user_organization_id_d808f5ca ON public.accounts_user USING btree (organization_id);


--
-- Name: accounts_user_target_groups_targetgroup_id_0ad6a048; Type: INDEX; Schema: public; Owner: survey_user
--

CREATE INDEX accounts_user_target_groups_targetgroup_id_0ad6a048 ON public.accounts_user_target_groups USING btree (targetgroup_id);


--
-- Name: accounts_user_target_groups_user_id_defcb7db; Type: INDEX; Schema: public; Owner: survey_user
--

CREATE INDEX accounts_user_target_groups_user_id_defcb7db ON public.accounts_user_target_groups USING btree (user_id);


--
-- Name: accounts_user_user_permissions_permission_id_113bb443; Type: INDEX; Schema: public; Owner: survey_user
--

CREATE INDEX accounts_user_user_permissions_permission_id_113bb443 ON public.accounts_user_user_permissions USING btree (permission_id);


--
-- Name: accounts_user_user_permissions_user_id_e4f0a161; Type: INDEX; Schema: public; Owner: survey_user
--

CREATE INDEX accounts_user_user_permissions_user_id_e4f0a161 ON public.accounts_user_user_permissions USING btree (user_id);


--
-- Name: accounts_user_username_6088629e_like; Type: INDEX; Schema: public; Owner: survey_user
--

CREATE INDEX accounts_user_username_6088629e_like ON public.accounts_user USING btree (username varchar_pattern_ops);


--
-- Name: analytics_a_survey__9befcb_idx; Type: INDEX; Schema: public; Owner: survey_user
--

CREATE INDEX analytics_a_survey__9befcb_idx ON public.analytics_aggregatedresult USING btree (survey_id, level, entity_name);


--
-- Name: analytics_aggregatedresult_survey_id_7c8ee715; Type: INDEX; Schema: public; Owner: survey_user
--

CREATE INDEX analytics_aggregatedresult_survey_id_7c8ee715 ON public.analytics_aggregatedresult USING btree (survey_id);


--
-- Name: analytics_comparisonreport_survey_id_072a2dde; Type: INDEX; Schema: public; Owner: survey_user
--

CREATE INDEX analytics_comparisonreport_survey_id_072a2dde ON public.analytics_comparisonreport USING btree (survey_id);


--
-- Name: analytics_scoringconfig_survey_id_8388cbe6; Type: INDEX; Schema: public; Owner: survey_user
--

CREATE INDEX analytics_scoringconfig_survey_id_8388cbe6 ON public.analytics_scoringconfig USING btree (survey_id);


--
-- Name: analytics_targetgroup_category_id_543dc5fe; Type: INDEX; Schema: public; Owner: survey_user
--

CREATE INDEX analytics_targetgroup_category_id_543dc5fe ON public.analytics_targetgroup USING btree (category_id);


--
-- Name: analytics_targetgroup_code_71b55395_like; Type: INDEX; Schema: public; Owner: survey_user
--

CREATE INDEX analytics_targetgroup_code_71b55395_like ON public.analytics_targetgroup USING btree (code varchar_pattern_ops);


--
-- Name: analytics_targetgroup_surveys_survey_id_615de1a9; Type: INDEX; Schema: public; Owner: survey_user
--

CREATE INDEX analytics_targetgroup_surveys_survey_id_615de1a9 ON public.analytics_targetgroup_surveys USING btree (survey_id);


--
-- Name: analytics_targetgroup_surveys_targetgroup_id_0a75863e; Type: INDEX; Schema: public; Owner: survey_user
--

CREATE INDEX analytics_targetgroup_surveys_targetgroup_id_0a75863e ON public.analytics_targetgroup_surveys USING btree (targetgroup_id);


--
-- Name: auth_group_name_a6ea08ec_like; Type: INDEX; Schema: public; Owner: survey_user
--

CREATE INDEX auth_group_name_a6ea08ec_like ON public.auth_group USING btree (name varchar_pattern_ops);


--
-- Name: auth_group_permissions_group_id_b120cbf9; Type: INDEX; Schema: public; Owner: survey_user
--

CREATE INDEX auth_group_permissions_group_id_b120cbf9 ON public.auth_group_permissions USING btree (group_id);


--
-- Name: auth_group_permissions_permission_id_84c5c92e; Type: INDEX; Schema: public; Owner: survey_user
--

CREATE INDEX auth_group_permissions_permission_id_84c5c92e ON public.auth_group_permissions USING btree (permission_id);


--
-- Name: auth_permission_content_type_id_2f476e4b; Type: INDEX; Schema: public; Owner: survey_user
--

CREATE INDEX auth_permission_content_type_id_2f476e4b ON public.auth_permission USING btree (content_type_id);


--
-- Name: django_admin_log_content_type_id_c4bce8eb; Type: INDEX; Schema: public; Owner: survey_user
--

CREATE INDEX django_admin_log_content_type_id_c4bce8eb ON public.django_admin_log USING btree (content_type_id);


--
-- Name: django_admin_log_user_id_c564eba6; Type: INDEX; Schema: public; Owner: survey_user
--

CREATE INDEX django_admin_log_user_id_c564eba6 ON public.django_admin_log USING btree (user_id);


--
-- Name: django_session_expire_date_a5c62663; Type: INDEX; Schema: public; Owner: survey_user
--

CREATE INDEX django_session_expire_date_a5c62663 ON public.django_session USING btree (expire_date);


--
-- Name: django_session_session_key_c0390e0f_like; Type: INDEX; Schema: public; Owner: survey_user
--

CREATE INDEX django_session_session_key_c0390e0f_like ON public.django_session USING btree (session_key varchar_pattern_ops);


--
-- Name: survey_ques_compone_07dab6_idx; Type: INDEX; Schema: public; Owner: survey_user
--

CREATE INDEX survey_ques_compone_07dab6_idx ON public.survey_question USING btree (component_type);


--
-- Name: survey_question_question_type_id_aa3f05b2; Type: INDEX; Schema: public; Owner: survey_user
--

CREATE INDEX survey_question_question_type_id_aa3f05b2 ON public.survey_question USING btree (question_type_id);


--
-- Name: survey_question_section_id_85e91c07; Type: INDEX; Schema: public; Owner: survey_user
--

CREATE INDEX survey_question_section_id_85e91c07 ON public.survey_question USING btree (section_id);


--
-- Name: survey_questiontype_code_371c570a_like; Type: INDEX; Schema: public; Owner: survey_user
--

CREATE INDEX survey_questiontype_code_371c570a_like ON public.survey_questiontype USING btree (code varchar_pattern_ops);


--
-- Name: survey_questiontype_name_345d9ff4_like; Type: INDEX; Schema: public; Owner: survey_user
--

CREATE INDEX survey_questiontype_name_345d9ff4_like ON public.survey_questiontype USING btree (name varchar_pattern_ops);


--
-- Name: survey_resp_is_clea_29ef78_idx; Type: INDEX; Schema: public; Owner: survey_user
--

CREATE INDEX survey_resp_is_clea_29ef78_idx ON public.survey_response USING btree (is_cleaned, is_duplicate);


--
-- Name: survey_resp_respond_addc01_idx; Type: INDEX; Schema: public; Owner: survey_user
--

CREATE INDEX survey_resp_respond_addc01_idx ON public.survey_response USING btree (respondent_ip, respondent_device_id);


--
-- Name: survey_resp_survey__5eac70_idx; Type: INDEX; Schema: public; Owner: survey_user
--

CREATE INDEX survey_resp_survey__5eac70_idx ON public.survey_response USING btree (survey_id, submitted_at);


--
-- Name: survey_resp_survey__bc9fe9_idx; Type: INDEX; Schema: public; Owner: survey_user
--

CREATE INDEX survey_resp_survey__bc9fe9_idx ON public.survey_response USING btree (survey_id, status);


--
-- Name: survey_response_survey_id_be749458; Type: INDEX; Schema: public; Owner: survey_user
--

CREATE INDEX survey_response_survey_id_be749458 ON public.survey_response USING btree (survey_id);


--
-- Name: survey_response_user_id_3e2a2e81; Type: INDEX; Schema: public; Owner: survey_user
--

CREATE INDEX survey_response_user_id_3e2a2e81 ON public.survey_response USING btree (user_id);


--
-- Name: survey_section_survey_id_73b84f3b; Type: INDEX; Schema: public; Owner: survey_user
--

CREATE INDEX survey_section_survey_id_73b84f3b ON public.survey_section USING btree (survey_id);


--
-- Name: survey_surv_organiz_a8ae25_idx; Type: INDEX; Schema: public; Owner: survey_user
--

CREATE INDEX survey_surv_organiz_a8ae25_idx ON public.survey_surveyunitstatus USING btree (organization_id, status);


--
-- Name: survey_surv_slug_b1e903_idx; Type: INDEX; Schema: public; Owner: survey_user
--

CREATE INDEX survey_surv_slug_b1e903_idx ON public.survey_survey USING btree (slug, status);


--
-- Name: survey_surv_survey__11b93f_idx; Type: INDEX; Schema: public; Owner: survey_user
--

CREATE INDEX survey_surv_survey__11b93f_idx ON public.survey_surveyparticipant USING btree (survey_id, session_key);


--
-- Name: survey_surv_survey__5013f5_idx; Type: INDEX; Schema: public; Owner: survey_user
--

CREATE INDEX survey_surv_survey__5013f5_idx ON public.survey_surveyunitstatus USING btree (survey_id, status);


--
-- Name: survey_surv_survey__ef19be_idx; Type: INDEX; Schema: public; Owner: survey_user
--

CREATE INDEX survey_surv_survey__ef19be_idx ON public.survey_surveyparticipant USING btree (survey_id, email);


--
-- Name: survey_surv_survey__f9460a_idx; Type: INDEX; Schema: public; Owner: survey_user
--

CREATE INDEX survey_surv_survey__f9460a_idx ON public.survey_surveyparticipant USING btree (survey_id, target_group_code);


--
-- Name: survey_survey_category_id_2d32ba53; Type: INDEX; Schema: public; Owner: survey_user
--

CREATE INDEX survey_survey_category_id_2d32ba53 ON public.survey_survey USING btree (category_id);


--
-- Name: survey_survey_code_9d40cd9c_like; Type: INDEX; Schema: public; Owner: survey_user
--

CREATE INDEX survey_survey_code_9d40cd9c_like ON public.survey_survey USING btree (code varchar_pattern_ops);


--
-- Name: survey_survey_slug_f3a4b25a_like; Type: INDEX; Schema: public; Owner: survey_user
--

CREATE INDEX survey_survey_slug_f3a4b25a_like ON public.survey_survey USING btree (slug varchar_pattern_ops);


--
-- Name: survey_surveyassignment_section_id_b7244ac9; Type: INDEX; Schema: public; Owner: survey_user
--

CREATE INDEX survey_surveyassignment_section_id_b7244ac9 ON public.survey_surveyassignment USING btree (section_id);


--
-- Name: survey_surveyassignment_survey_id_6173e9fa; Type: INDEX; Schema: public; Owner: survey_user
--

CREATE INDEX survey_surveyassignment_survey_id_6173e9fa ON public.survey_surveyassignment USING btree (survey_id);


--
-- Name: survey_surveycategory_name_5014b361_like; Type: INDEX; Schema: public; Owner: survey_user
--

CREATE INDEX survey_surveycategory_name_5014b361_like ON public.survey_surveycategory USING btree (name varchar_pattern_ops);


--
-- Name: survey_surveyparticipant_survey_id_87a3c21d; Type: INDEX; Schema: public; Owner: survey_user
--

CREATE INDEX survey_surveyparticipant_survey_id_87a3c21d ON public.survey_surveyparticipant USING btree (survey_id);


--
-- Name: survey_surveyparticipant_user_id_cb26c504; Type: INDEX; Schema: public; Owner: survey_user
--

CREATE INDEX survey_surveyparticipant_user_id_cb26c504 ON public.survey_surveyparticipant USING btree (user_id);


--
-- Name: survey_surveyprogress_participant_id_34a833df; Type: INDEX; Schema: public; Owner: survey_user
--

CREATE INDEX survey_surveyprogress_participant_id_34a833df ON public.survey_surveyprogress USING btree (participant_id);


--
-- Name: survey_surveyprogress_survey_id_b01d90e3; Type: INDEX; Schema: public; Owner: survey_user
--

CREATE INDEX survey_surveyprogress_survey_id_b01d90e3 ON public.survey_surveyprogress USING btree (survey_id);


--
-- Name: survey_surveyunitstatus_organization_id_6d68266b; Type: INDEX; Schema: public; Owner: survey_user
--

CREATE INDEX survey_surveyunitstatus_organization_id_6d68266b ON public.survey_surveyunitstatus USING btree (organization_id);


--
-- Name: survey_surveyunitstatus_survey_id_8afa0fb4; Type: INDEX; Schema: public; Owner: survey_user
--

CREATE INDEX survey_surveyunitstatus_survey_id_8afa0fb4 ON public.survey_surveyunitstatus USING btree (survey_id);


--
-- Name: accounts_organization accounts_organizatio_parent_id_fe6d2ff2_fk_accounts_; Type: FK CONSTRAINT; Schema: public; Owner: survey_user
--

ALTER TABLE ONLY public.accounts_organization
    ADD CONSTRAINT accounts_organizatio_parent_id_fe6d2ff2_fk_accounts_ FOREIGN KEY (parent_id) REFERENCES public.accounts_organization(id) DEFERRABLE INITIALLY DEFERRED;


--
-- Name: accounts_user_groups accounts_user_groups_group_id_bd11a704_fk_auth_group_id; Type: FK CONSTRAINT; Schema: public; Owner: survey_user
--

ALTER TABLE ONLY public.accounts_user_groups
    ADD CONSTRAINT accounts_user_groups_group_id_bd11a704_fk_auth_group_id FOREIGN KEY (group_id) REFERENCES public.auth_group(id) DEFERRABLE INITIALLY DEFERRED;


--
-- Name: accounts_user_groups accounts_user_groups_user_id_52b62117_fk_accounts_user_id; Type: FK CONSTRAINT; Schema: public; Owner: survey_user
--

ALTER TABLE ONLY public.accounts_user_groups
    ADD CONSTRAINT accounts_user_groups_user_id_52b62117_fk_accounts_user_id FOREIGN KEY (user_id) REFERENCES public.accounts_user(id) DEFERRABLE INITIALLY DEFERRED;


--
-- Name: accounts_user accounts_user_organization_id_d808f5ca_fk_accounts_; Type: FK CONSTRAINT; Schema: public; Owner: survey_user
--

ALTER TABLE ONLY public.accounts_user
    ADD CONSTRAINT accounts_user_organization_id_d808f5ca_fk_accounts_ FOREIGN KEY (organization_id) REFERENCES public.accounts_organization(id) DEFERRABLE INITIALLY DEFERRED;


--
-- Name: accounts_user_target_groups accounts_user_target_targetgroup_id_0ad6a048_fk_analytics; Type: FK CONSTRAINT; Schema: public; Owner: survey_user
--

ALTER TABLE ONLY public.accounts_user_target_groups
    ADD CONSTRAINT accounts_user_target_targetgroup_id_0ad6a048_fk_analytics FOREIGN KEY (targetgroup_id) REFERENCES public.analytics_targetgroup(id) DEFERRABLE INITIALLY DEFERRED;


--
-- Name: accounts_user_target_groups accounts_user_target_user_id_defcb7db_fk_accounts_; Type: FK CONSTRAINT; Schema: public; Owner: survey_user
--

ALTER TABLE ONLY public.accounts_user_target_groups
    ADD CONSTRAINT accounts_user_target_user_id_defcb7db_fk_accounts_ FOREIGN KEY (user_id) REFERENCES public.accounts_user(id) DEFERRABLE INITIALLY DEFERRED;


--
-- Name: accounts_user_user_permissions accounts_user_user_p_permission_id_113bb443_fk_auth_perm; Type: FK CONSTRAINT; Schema: public; Owner: survey_user
--

ALTER TABLE ONLY public.accounts_user_user_permissions
    ADD CONSTRAINT accounts_user_user_p_permission_id_113bb443_fk_auth_perm FOREIGN KEY (permission_id) REFERENCES public.auth_permission(id) DEFERRABLE INITIALLY DEFERRED;


--
-- Name: accounts_user_user_permissions accounts_user_user_p_user_id_e4f0a161_fk_accounts_; Type: FK CONSTRAINT; Schema: public; Owner: survey_user
--

ALTER TABLE ONLY public.accounts_user_user_permissions
    ADD CONSTRAINT accounts_user_user_p_user_id_e4f0a161_fk_accounts_ FOREIGN KEY (user_id) REFERENCES public.accounts_user(id) DEFERRABLE INITIALLY DEFERRED;


--
-- Name: analytics_aggregatedresult analytics_aggregated_survey_id_7c8ee715_fk_survey_su; Type: FK CONSTRAINT; Schema: public; Owner: survey_user
--

ALTER TABLE ONLY public.analytics_aggregatedresult
    ADD CONSTRAINT analytics_aggregated_survey_id_7c8ee715_fk_survey_su FOREIGN KEY (survey_id) REFERENCES public.survey_survey(id) DEFERRABLE INITIALLY DEFERRED;


--
-- Name: analytics_comparisonreport analytics_comparison_survey_id_072a2dde_fk_survey_su; Type: FK CONSTRAINT; Schema: public; Owner: survey_user
--

ALTER TABLE ONLY public.analytics_comparisonreport
    ADD CONSTRAINT analytics_comparison_survey_id_072a2dde_fk_survey_su FOREIGN KEY (survey_id) REFERENCES public.survey_survey(id) DEFERRABLE INITIALLY DEFERRED;


--
-- Name: analytics_scoringconfig analytics_scoringconfig_survey_id_8388cbe6_fk_survey_survey_id; Type: FK CONSTRAINT; Schema: public; Owner: survey_user
--

ALTER TABLE ONLY public.analytics_scoringconfig
    ADD CONSTRAINT analytics_scoringconfig_survey_id_8388cbe6_fk_survey_survey_id FOREIGN KEY (survey_id) REFERENCES public.survey_survey(id) DEFERRABLE INITIALLY DEFERRED;


--
-- Name: analytics_targetgroup analytics_targetgrou_category_id_543dc5fe_fk_survey_su; Type: FK CONSTRAINT; Schema: public; Owner: survey_user
--

ALTER TABLE ONLY public.analytics_targetgroup
    ADD CONSTRAINT analytics_targetgrou_category_id_543dc5fe_fk_survey_su FOREIGN KEY (category_id) REFERENCES public.survey_surveycategory(id) DEFERRABLE INITIALLY DEFERRED;


--
-- Name: analytics_targetgroup_surveys analytics_targetgrou_survey_id_615de1a9_fk_survey_su; Type: FK CONSTRAINT; Schema: public; Owner: survey_user
--

ALTER TABLE ONLY public.analytics_targetgroup_surveys
    ADD CONSTRAINT analytics_targetgrou_survey_id_615de1a9_fk_survey_su FOREIGN KEY (survey_id) REFERENCES public.survey_survey(id) DEFERRABLE INITIALLY DEFERRED;


--
-- Name: analytics_targetgroup_surveys analytics_targetgrou_targetgroup_id_0a75863e_fk_analytics; Type: FK CONSTRAINT; Schema: public; Owner: survey_user
--

ALTER TABLE ONLY public.analytics_targetgroup_surveys
    ADD CONSTRAINT analytics_targetgrou_targetgroup_id_0a75863e_fk_analytics FOREIGN KEY (targetgroup_id) REFERENCES public.analytics_targetgroup(id) DEFERRABLE INITIALLY DEFERRED;


--
-- Name: auth_group_permissions auth_group_permissio_permission_id_84c5c92e_fk_auth_perm; Type: FK CONSTRAINT; Schema: public; Owner: survey_user
--

ALTER TABLE ONLY public.auth_group_permissions
    ADD CONSTRAINT auth_group_permissio_permission_id_84c5c92e_fk_auth_perm FOREIGN KEY (permission_id) REFERENCES public.auth_permission(id) DEFERRABLE INITIALLY DEFERRED;


--
-- Name: auth_group_permissions auth_group_permissions_group_id_b120cbf9_fk_auth_group_id; Type: FK CONSTRAINT; Schema: public; Owner: survey_user
--

ALTER TABLE ONLY public.auth_group_permissions
    ADD CONSTRAINT auth_group_permissions_group_id_b120cbf9_fk_auth_group_id FOREIGN KEY (group_id) REFERENCES public.auth_group(id) DEFERRABLE INITIALLY DEFERRED;


--
-- Name: auth_permission auth_permission_content_type_id_2f476e4b_fk_django_co; Type: FK CONSTRAINT; Schema: public; Owner: survey_user
--

ALTER TABLE ONLY public.auth_permission
    ADD CONSTRAINT auth_permission_content_type_id_2f476e4b_fk_django_co FOREIGN KEY (content_type_id) REFERENCES public.django_content_type(id) DEFERRABLE INITIALLY DEFERRED;


--
-- Name: django_admin_log django_admin_log_content_type_id_c4bce8eb_fk_django_co; Type: FK CONSTRAINT; Schema: public; Owner: survey_user
--

ALTER TABLE ONLY public.django_admin_log
    ADD CONSTRAINT django_admin_log_content_type_id_c4bce8eb_fk_django_co FOREIGN KEY (content_type_id) REFERENCES public.django_content_type(id) DEFERRABLE INITIALLY DEFERRED;


--
-- Name: django_admin_log django_admin_log_user_id_c564eba6_fk_accounts_user_id; Type: FK CONSTRAINT; Schema: public; Owner: survey_user
--

ALTER TABLE ONLY public.django_admin_log
    ADD CONSTRAINT django_admin_log_user_id_c564eba6_fk_accounts_user_id FOREIGN KEY (user_id) REFERENCES public.accounts_user(id) DEFERRABLE INITIALLY DEFERRED;


--
-- Name: survey_question survey_question_question_type_id_aa3f05b2_fk_survey_qu; Type: FK CONSTRAINT; Schema: public; Owner: survey_user
--

ALTER TABLE ONLY public.survey_question
    ADD CONSTRAINT survey_question_question_type_id_aa3f05b2_fk_survey_qu FOREIGN KEY (question_type_id) REFERENCES public.survey_questiontype(id) DEFERRABLE INITIALLY DEFERRED;


--
-- Name: survey_question survey_question_section_id_85e91c07_fk_survey_section_id; Type: FK CONSTRAINT; Schema: public; Owner: survey_user
--

ALTER TABLE ONLY public.survey_question
    ADD CONSTRAINT survey_question_section_id_85e91c07_fk_survey_section_id FOREIGN KEY (section_id) REFERENCES public.survey_section(id) DEFERRABLE INITIALLY DEFERRED;


--
-- Name: survey_response survey_response_survey_id_be749458_fk_survey_survey_id; Type: FK CONSTRAINT; Schema: public; Owner: survey_user
--

ALTER TABLE ONLY public.survey_response
    ADD CONSTRAINT survey_response_survey_id_be749458_fk_survey_survey_id FOREIGN KEY (survey_id) REFERENCES public.survey_survey(id) DEFERRABLE INITIALLY DEFERRED;


--
-- Name: survey_response survey_response_user_id_3e2a2e81_fk_accounts_user_id; Type: FK CONSTRAINT; Schema: public; Owner: survey_user
--

ALTER TABLE ONLY public.survey_response
    ADD CONSTRAINT survey_response_user_id_3e2a2e81_fk_accounts_user_id FOREIGN KEY (user_id) REFERENCES public.accounts_user(id) DEFERRABLE INITIALLY DEFERRED;


--
-- Name: survey_section survey_section_survey_id_73b84f3b_fk_survey_survey_id; Type: FK CONSTRAINT; Schema: public; Owner: survey_user
--

ALTER TABLE ONLY public.survey_section
    ADD CONSTRAINT survey_section_survey_id_73b84f3b_fk_survey_survey_id FOREIGN KEY (survey_id) REFERENCES public.survey_survey(id) DEFERRABLE INITIALLY DEFERRED;


--
-- Name: survey_survey survey_survey_category_id_2d32ba53_fk_survey_surveycategory_id; Type: FK CONSTRAINT; Schema: public; Owner: survey_user
--

ALTER TABLE ONLY public.survey_survey
    ADD CONSTRAINT survey_survey_category_id_2d32ba53_fk_survey_surveycategory_id FOREIGN KEY (category_id) REFERENCES public.survey_surveycategory(id) DEFERRABLE INITIALLY DEFERRED;


--
-- Name: survey_surveyassignment survey_surveyassignm_section_id_b7244ac9_fk_survey_se; Type: FK CONSTRAINT; Schema: public; Owner: survey_user
--

ALTER TABLE ONLY public.survey_surveyassignment
    ADD CONSTRAINT survey_surveyassignm_section_id_b7244ac9_fk_survey_se FOREIGN KEY (section_id) REFERENCES public.survey_section(id) DEFERRABLE INITIALLY DEFERRED;


--
-- Name: survey_surveyassignment survey_surveyassignment_survey_id_6173e9fa_fk_survey_survey_id; Type: FK CONSTRAINT; Schema: public; Owner: survey_user
--

ALTER TABLE ONLY public.survey_surveyassignment
    ADD CONSTRAINT survey_surveyassignment_survey_id_6173e9fa_fk_survey_survey_id FOREIGN KEY (survey_id) REFERENCES public.survey_survey(id) DEFERRABLE INITIALLY DEFERRED;


--
-- Name: survey_surveyparticipant survey_surveypartici_response_id_cabb7086_fk_survey_re; Type: FK CONSTRAINT; Schema: public; Owner: survey_user
--

ALTER TABLE ONLY public.survey_surveyparticipant
    ADD CONSTRAINT survey_surveypartici_response_id_cabb7086_fk_survey_re FOREIGN KEY (response_id) REFERENCES public.survey_response(id) DEFERRABLE INITIALLY DEFERRED;


--
-- Name: survey_surveyparticipant survey_surveyparticipant_survey_id_87a3c21d_fk_survey_survey_id; Type: FK CONSTRAINT; Schema: public; Owner: survey_user
--

ALTER TABLE ONLY public.survey_surveyparticipant
    ADD CONSTRAINT survey_surveyparticipant_survey_id_87a3c21d_fk_survey_survey_id FOREIGN KEY (survey_id) REFERENCES public.survey_survey(id) DEFERRABLE INITIALLY DEFERRED;


--
-- Name: survey_surveyparticipant survey_surveyparticipant_user_id_cb26c504_fk_accounts_user_id; Type: FK CONSTRAINT; Schema: public; Owner: survey_user
--

ALTER TABLE ONLY public.survey_surveyparticipant
    ADD CONSTRAINT survey_surveyparticipant_user_id_cb26c504_fk_accounts_user_id FOREIGN KEY (user_id) REFERENCES public.accounts_user(id) DEFERRABLE INITIALLY DEFERRED;


--
-- Name: survey_surveyprogress survey_surveyprogres_participant_id_34a833df_fk_survey_su; Type: FK CONSTRAINT; Schema: public; Owner: survey_user
--

ALTER TABLE ONLY public.survey_surveyprogress
    ADD CONSTRAINT survey_surveyprogres_participant_id_34a833df_fk_survey_su FOREIGN KEY (participant_id) REFERENCES public.survey_surveyparticipant(id) DEFERRABLE INITIALLY DEFERRED;


--
-- Name: survey_surveyprogress survey_surveyprogres_response_id_ab143ffc_fk_survey_re; Type: FK CONSTRAINT; Schema: public; Owner: survey_user
--

ALTER TABLE ONLY public.survey_surveyprogress
    ADD CONSTRAINT survey_surveyprogres_response_id_ab143ffc_fk_survey_re FOREIGN KEY (response_id) REFERENCES public.survey_response(id) DEFERRABLE INITIALLY DEFERRED;


--
-- Name: survey_surveyprogress survey_surveyprogress_survey_id_b01d90e3_fk_survey_survey_id; Type: FK CONSTRAINT; Schema: public; Owner: survey_user
--

ALTER TABLE ONLY public.survey_surveyprogress
    ADD CONSTRAINT survey_surveyprogress_survey_id_b01d90e3_fk_survey_survey_id FOREIGN KEY (survey_id) REFERENCES public.survey_survey(id) DEFERRABLE INITIALLY DEFERRED;


--
-- Name: survey_surveyunitstatus survey_surveyunitsta_organization_id_6d68266b_fk_accounts_; Type: FK CONSTRAINT; Schema: public; Owner: survey_user
--

ALTER TABLE ONLY public.survey_surveyunitstatus
    ADD CONSTRAINT survey_surveyunitsta_organization_id_6d68266b_fk_accounts_ FOREIGN KEY (organization_id) REFERENCES public.accounts_organization(id) DEFERRABLE INITIALLY DEFERRED;


--
-- Name: survey_surveyunitstatus survey_surveyunitstatus_survey_id_8afa0fb4_fk_survey_survey_id; Type: FK CONSTRAINT; Schema: public; Owner: survey_user
--

ALTER TABLE ONLY public.survey_surveyunitstatus
    ADD CONSTRAINT survey_surveyunitstatus_survey_id_8afa0fb4_fk_survey_survey_id FOREIGN KEY (survey_id) REFERENCES public.survey_survey(id) DEFERRABLE INITIALLY DEFERRED;


--
-- PostgreSQL database dump complete
--

\unrestrict cyVZaDB6t4YZ6577OIWfcSpSGzvWJfDak2jG72aViVQj0XzNpCAzhiNjM69Q1p4

